ISO-10303-21;
HEADER;
FILE_DESCRIPTION((''),'2;1');
FILE_NAME('C-776228-1','2021-12-10T16:01:17',('workeradm'),(
'TE Connectivity Ltd.'),'CREO PARAMETRIC BY PTC INC, 2021072',
'CREO PARAMETRIC BY PTC INC, 2021072','');
FILE_SCHEMA(('AUTOMOTIVE_DESIGN { 1 0 10303 214 1 1 1 1 }'));
ENDSEC;
DATA;
#2=DIRECTION('',(1.E0,0.E0,0.E0));
#3=VECTOR('',#2,3.1E1);
#4=CARTESIAN_POINT('',(-1.55E1,1.083589838486E1,0.E0));
#5=LINE('',#4,#3);
#6=CARTESIAN_POINT('',(-1.55E1,5.6E0,0.E0));
#7=DIRECTION('',(0.E0,0.E0,-1.E0));
#8=DIRECTION('',(-1.E0,0.E0,0.E0));
#9=AXIS2_PLACEMENT_3D('',#6,#7,#8);
#11=DIRECTION('',(0.E0,1.E0,0.E0));
#12=VECTOR('',#11,1.12E1);
#13=CARTESIAN_POINT('',(-2.073589838486E1,-5.6E0,0.E0));
#14=LINE('',#13,#12);
#15=CARTESIAN_POINT('',(-1.55E1,-5.6E0,0.E0));
#16=DIRECTION('',(0.E0,0.E0,-1.E0));
#17=DIRECTION('',(0.E0,-1.E0,0.E0));
#18=AXIS2_PLACEMENT_3D('',#15,#16,#17);
#20=DIRECTION('',(-1.E0,0.E0,0.E0));
#21=VECTOR('',#20,3.1E1);
#22=CARTESIAN_POINT('',(1.55E1,-1.083589838486E1,0.E0));
#23=LINE('',#22,#21);
#24=CARTESIAN_POINT('',(1.55E1,-5.6E0,0.E0));
#25=DIRECTION('',(0.E0,0.E0,-1.E0));
#26=DIRECTION('',(1.E0,0.E0,0.E0));
#27=AXIS2_PLACEMENT_3D('',#24,#25,#26);
#29=DIRECTION('',(0.E0,-1.E0,0.E0));
#30=VECTOR('',#29,1.12E1);
#31=CARTESIAN_POINT('',(2.073589838486E1,5.6E0,0.E0));
#32=LINE('',#31,#30);
#33=CARTESIAN_POINT('',(1.55E1,5.6E0,0.E0));
#34=DIRECTION('',(0.E0,0.E0,-1.E0));
#35=DIRECTION('',(0.E0,1.E0,0.E0));
#36=AXIS2_PLACEMENT_3D('',#33,#34,#35);
#38=CARTESIAN_POINT('',(1.55E1,5.6E0,0.E0));
#39=DIRECTION('',(0.E0,0.E0,1.E0));
#40=DIRECTION('',(1.E0,0.E0,0.E0));
#41=AXIS2_PLACEMENT_3D('',#38,#39,#40);
#43=DIRECTION('',(0.E0,1.E0,0.E0));
#44=VECTOR('',#43,1.12E1);
#45=CARTESIAN_POINT('',(2.12E1,-5.6E0,0.E0));
#46=LINE('',#45,#44);
#47=CARTESIAN_POINT('',(1.55E1,-5.6E0,0.E0));
#48=DIRECTION('',(0.E0,0.E0,1.E0));
#49=DIRECTION('',(0.E0,-1.E0,0.E0));
#50=AXIS2_PLACEMENT_3D('',#47,#48,#49);
#52=DIRECTION('',(1.E0,0.E0,0.E0));
#53=VECTOR('',#52,3.1E1);
#54=CARTESIAN_POINT('',(-1.55E1,-1.13E1,0.E0));
#55=LINE('',#54,#53);
#56=CARTESIAN_POINT('',(-1.55E1,-5.6E0,0.E0));
#57=DIRECTION('',(0.E0,0.E0,1.E0));
#58=DIRECTION('',(-1.E0,0.E0,0.E0));
#59=AXIS2_PLACEMENT_3D('',#56,#57,#58);
#61=DIRECTION('',(0.E0,-1.E0,0.E0));
#62=VECTOR('',#61,1.12E1);
#63=CARTESIAN_POINT('',(-2.12E1,5.6E0,0.E0));
#64=LINE('',#63,#62);
#65=CARTESIAN_POINT('',(-1.55E1,5.6E0,0.E0));
#66=DIRECTION('',(0.E0,0.E0,1.E0));
#67=DIRECTION('',(0.E0,1.E0,0.E0));
#68=AXIS2_PLACEMENT_3D('',#65,#66,#67);
#70=DIRECTION('',(-1.E0,0.E0,0.E0));
#71=VECTOR('',#70,3.1E1);
#72=CARTESIAN_POINT('',(1.55E1,1.13E1,0.E0));
#73=LINE('',#72,#71);
#74=DIRECTION('',(0.E0,2.588190451025E-1,9.659258262891E-1));
#75=VECTOR('',#74,2.070552360820E0);
#76=CARTESIAN_POINT('',(1.55E1,1.03E1,-2.E0));
#77=LINE('',#76,#75);
#78=DIRECTION('',(2.588190451025E-1,0.E0,9.659258262891E-1));
#79=VECTOR('',#78,2.070552360820E0);
#80=CARTESIAN_POINT('',(2.02E1,5.6E0,-2.E0));
#81=LINE('',#80,#79);
#82=DIRECTION('',(2.588190451025E-1,0.E0,9.659258262891E-1));
#83=VECTOR('',#82,2.070552360820E0);
#84=CARTESIAN_POINT('',(2.02E1,-5.6E0,-2.E0));
#85=LINE('',#84,#83);
#86=DIRECTION('',(0.E0,-2.588190451025E-1,9.659258262891E-1));
#87=VECTOR('',#86,2.070552360820E0);
#88=CARTESIAN_POINT('',(1.55E1,-1.03E1,-2.E0));
#89=LINE('',#88,#87);
#90=DIRECTION('',(0.E0,-2.588190451025E-1,9.659258262891E-1));
#91=VECTOR('',#90,2.070552360820E0);
#92=CARTESIAN_POINT('',(-1.55E1,-1.03E1,-2.E0));
#93=LINE('',#92,#91);
#94=DIRECTION('',(-2.588190451025E-1,0.E0,9.659258262891E-1));
#95=VECTOR('',#94,2.070552360820E0);
#96=CARTESIAN_POINT('',(-2.02E1,-5.6E0,-2.E0));
#97=LINE('',#96,#95);
#98=DIRECTION('',(0.E0,2.588190451025E-1,9.659258262891E-1));
#99=VECTOR('',#98,2.070552360820E0);
#100=CARTESIAN_POINT('',(-1.55E1,1.03E1,-2.E0));
#101=LINE('',#100,#99);
#102=DIRECTION('',(-2.588190451025E-1,0.E0,9.659258262891E-1));
#103=VECTOR('',#102,2.070552360820E0);
#104=CARTESIAN_POINT('',(-2.02E1,5.6E0,-2.E0));
#105=LINE('',#104,#103);
#106=CARTESIAN_POINT('',(-1.55E1,5.6E0,-2.E0));
#107=DIRECTION('',(0.E0,0.E0,1.E0));
#108=DIRECTION('',(0.E0,1.E0,0.E0));
#109=AXIS2_PLACEMENT_3D('',#106,#107,#108);
#111=DIRECTION('',(0.E0,0.E0,-1.E0));
#112=VECTOR('',#111,1.8E1);
#113=CARTESIAN_POINT('',(-1.55E1,1.03E1,-2.E0));
#114=LINE('',#113,#112);
#115=CARTESIAN_POINT('',(1.185E1,1.03E1,-9.9E0));
#116=CARTESIAN_POINT('',(1.183134789527E1,1.03E1,-9.918652104731E0));
#117=CARTESIAN_POINT('',(1.179644122298E1,1.03E1,-9.953720923375E0));
#118=CARTESIAN_POINT('',(1.175873512293E1,1.03E1,-1.001305875208E1));
#119=CARTESIAN_POINT('',(1.175E1,1.03E1,-1.005287295983E1));
#120=CARTESIAN_POINT('',(1.175E1,1.03E1,-1.007320508076E1));
#122=DIRECTION('',(0.E0,0.E0,1.E0));
#123=VECTOR('',#122,9.926794919243E0);
#124=CARTESIAN_POINT('',(1.175E1,1.03E1,-2.E1));
#125=LINE('',#124,#123);
#126=DIRECTION('',(0.E0,0.E0,1.E0));
#127=VECTOR('',#126,9.926794919243E0);
#128=CARTESIAN_POINT('',(9.25E0,1.03E1,-2.E1));
#129=LINE('',#128,#127);
#130=CARTESIAN_POINT('',(9.25E0,1.03E1,-1.007320508076E1));
#131=CARTESIAN_POINT('',(9.25E0,1.03E1,-1.005287278030E1));
#132=CARTESIAN_POINT('',(9.241264716159E0,1.03E1,-1.001305833774E1));
#133=CARTESIAN_POINT('',(9.203558482710E0,1.03E1,-9.953720607469E0));
#134=CARTESIAN_POINT('',(9.168651972518E0,1.03E1,-9.918651972518E0));
#135=CARTESIAN_POINT('',(9.15E0,1.03E1,-9.9E0));
#137=DIRECTION('',(-1.E0,0.E0,0.E0));
#138=VECTOR('',#137,8.E-1);
#139=CARTESIAN_POINT('',(9.15E0,1.03E1,-9.9E0));
#140=LINE('',#139,#138);
#141=CARTESIAN_POINT('',(8.35E0,1.03E1,-9.9E0));
#142=CARTESIAN_POINT('',(8.331347895269E0,1.03E1,-9.918652104731E0));
#143=CARTESIAN_POINT('',(8.296441222977E0,1.03E1,-9.953720923375E0));
#144=CARTESIAN_POINT('',(8.258735122925E0,1.03E1,-1.001305875208E1));
#145=CARTESIAN_POINT('',(8.25E0,1.03E1,-1.005287295983E1));
#146=CARTESIAN_POINT('',(8.25E0,1.03E1,-1.007320508076E1));
#148=DIRECTION('',(0.E0,0.E0,1.E0));
#149=VECTOR('',#148,9.926794919243E0);
#150=CARTESIAN_POINT('',(8.25E0,1.03E1,-2.E1));
#151=LINE('',#150,#149);
#152=DIRECTION('',(0.E0,0.E0,1.E0));
#153=VECTOR('',#152,9.926794919243E0);
#154=CARTESIAN_POINT('',(5.75E0,1.03E1,-2.E1));
#155=LINE('',#154,#153);
#156=CARTESIAN_POINT('',(5.75E0,1.03E1,-1.007320508076E1));
#157=CARTESIAN_POINT('',(5.75E0,1.03E1,-1.005287278030E1));
#158=CARTESIAN_POINT('',(5.741264716159E0,1.03E1,-1.001305833774E1));
#159=CARTESIAN_POINT('',(5.703558482710E0,1.03E1,-9.953720607469E0));
#160=CARTESIAN_POINT('',(5.668651972518E0,1.03E1,-9.918651972518E0));
#161=CARTESIAN_POINT('',(5.65E0,1.03E1,-9.9E0));
#163=DIRECTION('',(-1.E0,0.E0,0.E0));
#164=VECTOR('',#163,8.E-1);
#165=CARTESIAN_POINT('',(5.65E0,1.03E1,-9.9E0));
#166=LINE('',#165,#164);
#167=CARTESIAN_POINT('',(4.85E0,1.03E1,-9.9E0));
#168=CARTESIAN_POINT('',(4.831347895269E0,1.03E1,-9.918652104731E0));
#169=CARTESIAN_POINT('',(4.796441222977E0,1.03E1,-9.953720923375E0));
#170=CARTESIAN_POINT('',(4.758735122925E0,1.03E1,-1.001305875208E1));
#171=CARTESIAN_POINT('',(4.75E0,1.03E1,-1.005287295983E1));
#172=CARTESIAN_POINT('',(4.75E0,1.03E1,-1.007320508076E1));
#174=DIRECTION('',(0.E0,0.E0,1.E0));
#175=VECTOR('',#174,9.926794919243E0);
#176=CARTESIAN_POINT('',(4.75E0,1.03E1,-2.E1));
#177=LINE('',#176,#175);
#178=DIRECTION('',(0.E0,0.E0,1.E0));
#179=VECTOR('',#178,9.926794919243E0);
#180=CARTESIAN_POINT('',(2.25E0,1.03E1,-2.E1));
#181=LINE('',#180,#179);
#182=CARTESIAN_POINT('',(2.25E0,1.03E1,-1.007320508076E1));
#183=CARTESIAN_POINT('',(2.25E0,1.03E1,-1.005287278030E1));
#184=CARTESIAN_POINT('',(2.241264716159E0,1.03E1,-1.001305833774E1));
#185=CARTESIAN_POINT('',(2.203558482710E0,1.03E1,-9.953720607469E0));
#186=CARTESIAN_POINT('',(2.168651972518E0,1.03E1,-9.918651972518E0));
#187=CARTESIAN_POINT('',(2.15E0,1.03E1,-9.9E0));
#189=DIRECTION('',(-1.E0,0.E0,0.E0));
#190=VECTOR('',#189,8.E-1);
#191=CARTESIAN_POINT('',(2.15E0,1.03E1,-9.9E0));
#192=LINE('',#191,#190);
#193=CARTESIAN_POINT('',(1.35E0,1.03E1,-9.9E0));
#194=CARTESIAN_POINT('',(1.331347895269E0,1.03E1,-9.918652104731E0));
#195=CARTESIAN_POINT('',(1.296441222977E0,1.03E1,-9.953720923375E0));
#196=CARTESIAN_POINT('',(1.258735122925E0,1.03E1,-1.001305875208E1));
#197=CARTESIAN_POINT('',(1.25E0,1.03E1,-1.005287295983E1));
#198=CARTESIAN_POINT('',(1.25E0,1.03E1,-1.007320508076E1));
#200=DIRECTION('',(0.E0,0.E0,1.E0));
#201=VECTOR('',#200,9.926794919243E0);
#202=CARTESIAN_POINT('',(1.25E0,1.03E1,-2.E1));
#203=LINE('',#202,#201);
#204=DIRECTION('',(0.E0,0.E0,1.E0));
#205=VECTOR('',#204,9.926794919243E0);
#206=CARTESIAN_POINT('',(-1.075E0,1.03E1,-2.E1));
#207=LINE('',#206,#205);
#208=CARTESIAN_POINT('',(-1.075E0,1.03E1,-1.007320508076E1));
#209=CARTESIAN_POINT('',(-1.075E0,1.03E1,-1.005287278030E1));
#210=CARTESIAN_POINT('',(-1.083735283841E0,1.03E1,-1.001305833774E1));
#211=CARTESIAN_POINT('',(-1.121441517290E0,1.03E1,-9.953720607469E0));
#212=CARTESIAN_POINT('',(-1.156348027482E0,1.03E1,-9.918651972518E0));
#213=CARTESIAN_POINT('',(-1.175E0,1.03E1,-9.9E0));
#215=DIRECTION('',(-1.E0,0.E0,0.E0));
#216=VECTOR('',#215,1.15E0);
#217=CARTESIAN_POINT('',(-1.175E0,1.03E1,-9.9E0));
#218=LINE('',#217,#216);
#219=CARTESIAN_POINT('',(-2.325E0,1.03E1,-9.9E0));
#220=CARTESIAN_POINT('',(-2.343652104731E0,1.03E1,-9.918652104731E0));
#221=CARTESIAN_POINT('',(-2.378558777023E0,1.03E1,-9.953720923375E0));
#222=CARTESIAN_POINT('',(-2.416264877075E0,1.03E1,-1.001305875208E1));
#223=CARTESIAN_POINT('',(-2.425E0,1.03E1,-1.005287295983E1));
#224=CARTESIAN_POINT('',(-2.425E0,1.03E1,-1.007320508076E1));
#226=DIRECTION('',(0.E0,0.E0,1.E0));
#227=VECTOR('',#226,9.926794919243E0);
#228=CARTESIAN_POINT('',(-2.425E0,1.03E1,-2.E1));
#229=LINE('',#228,#227);
#230=DIRECTION('',(0.E0,0.E0,1.E0));
#231=VECTOR('',#230,9.926794919243E0);
#232=CARTESIAN_POINT('',(-4.75E0,1.03E1,-2.E1));
#233=LINE('',#232,#231);
#234=CARTESIAN_POINT('',(-4.75E0,1.03E1,-1.007320508076E1));
#235=CARTESIAN_POINT('',(-4.75E0,1.03E1,-1.005287278030E1));
#236=CARTESIAN_POINT('',(-4.758735283841E0,1.03E1,-1.001305833774E1));
#237=CARTESIAN_POINT('',(-4.796441517290E0,1.03E1,-9.953720607469E0));
#238=CARTESIAN_POINT('',(-4.831348027482E0,1.03E1,-9.918651972518E0));
#239=CARTESIAN_POINT('',(-4.85E0,1.03E1,-9.9E0));
#241=DIRECTION('',(-1.E0,0.E0,0.E0));
#242=VECTOR('',#241,8.E-1);
#243=CARTESIAN_POINT('',(-4.85E0,1.03E1,-9.9E0));
#244=LINE('',#243,#242);
#245=CARTESIAN_POINT('',(-5.65E0,1.03E1,-9.9E0));
#246=CARTESIAN_POINT('',(-5.668652104731E0,1.03E1,-9.918652104731E0));
#247=CARTESIAN_POINT('',(-5.703558777023E0,1.03E1,-9.953720923375E0));
#248=CARTESIAN_POINT('',(-5.741264877075E0,1.03E1,-1.001305875208E1));
#249=CARTESIAN_POINT('',(-5.75E0,1.03E1,-1.005287295983E1));
#250=CARTESIAN_POINT('',(-5.75E0,1.03E1,-1.007320508076E1));
#252=DIRECTION('',(0.E0,0.E0,1.E0));
#253=VECTOR('',#252,9.926794919243E0);
#254=CARTESIAN_POINT('',(-5.75E0,1.03E1,-2.E1));
#255=LINE('',#254,#253);
#256=DIRECTION('',(0.E0,0.E0,1.E0));
#257=VECTOR('',#256,9.926794919243E0);
#258=CARTESIAN_POINT('',(-8.25E0,1.03E1,-2.E1));
#259=LINE('',#258,#257);
#260=CARTESIAN_POINT('',(-8.25E0,1.03E1,-1.007320508076E1));
#261=CARTESIAN_POINT('',(-8.25E0,1.03E1,-1.005287278030E1));
#262=CARTESIAN_POINT('',(-8.258735283841E0,1.03E1,-1.001305833774E1));
#263=CARTESIAN_POINT('',(-8.296441517290E0,1.03E1,-9.953720607469E0));
#264=CARTESIAN_POINT('',(-8.331348027482E0,1.03E1,-9.918651972518E0));
#265=CARTESIAN_POINT('',(-8.35E0,1.03E1,-9.9E0));
#267=DIRECTION('',(-1.E0,0.E0,0.E0));
#268=VECTOR('',#267,8.E-1);
#269=CARTESIAN_POINT('',(-8.35E0,1.03E1,-9.9E0));
#270=LINE('',#269,#268);
#271=CARTESIAN_POINT('',(-9.15E0,1.03E1,-9.9E0));
#272=CARTESIAN_POINT('',(-9.168652104731E0,1.03E1,-9.918652104731E0));
#273=CARTESIAN_POINT('',(-9.203558777023E0,1.03E1,-9.953720923375E0));
#274=CARTESIAN_POINT('',(-9.241264877075E0,1.03E1,-1.001305875208E1));
#275=CARTESIAN_POINT('',(-9.25E0,1.03E1,-1.005287295983E1));
#276=CARTESIAN_POINT('',(-9.25E0,1.03E1,-1.007320508076E1));
#278=DIRECTION('',(0.E0,0.E0,1.E0));
#279=VECTOR('',#278,9.926794919243E0);
#280=CARTESIAN_POINT('',(-9.25E0,1.03E1,-2.E1));
#281=LINE('',#280,#279);
#282=DIRECTION('',(0.E0,0.E0,1.E0));
#283=VECTOR('',#282,9.926794919243E0);
#284=CARTESIAN_POINT('',(-1.175E1,1.03E1,-2.E1));
#285=LINE('',#284,#283);
#286=CARTESIAN_POINT('',(-1.175E1,1.03E1,-1.007320508076E1));
#287=CARTESIAN_POINT('',(-1.175E1,1.03E1,-1.005287278030E1));
#288=CARTESIAN_POINT('',(-1.175873528384E1,1.03E1,-1.001305833774E1));
#289=CARTESIAN_POINT('',(-1.179644151729E1,1.03E1,-9.953720607469E0));
#290=CARTESIAN_POINT('',(-1.183134802748E1,1.03E1,-9.918651972518E0));
#291=CARTESIAN_POINT('',(-1.185E1,1.03E1,-9.9E0));
#293=DIRECTION('',(-1.E0,0.E0,0.E0));
#294=VECTOR('',#293,8.E-1);
#295=CARTESIAN_POINT('',(-1.185E1,1.03E1,-9.9E0));
#296=LINE('',#295,#294);
#297=CARTESIAN_POINT('',(-1.265E1,1.03E1,-9.9E0));
#298=CARTESIAN_POINT('',(-1.266865210473E1,1.03E1,-9.918652104731E0));
#299=CARTESIAN_POINT('',(-1.270355877702E1,1.03E1,-9.953720923375E0));
#300=CARTESIAN_POINT('',(-1.274126487707E1,1.03E1,-1.001305875208E1));
#301=CARTESIAN_POINT('',(-1.275E1,1.03E1,-1.005287295983E1));
#302=CARTESIAN_POINT('',(-1.275E1,1.03E1,-1.007320508076E1));
#304=DIRECTION('',(0.E0,0.E0,1.E0));
#305=VECTOR('',#304,9.926794919243E0);
#306=CARTESIAN_POINT('',(-1.275E1,1.03E1,-2.E1));
#307=LINE('',#306,#305);
#308=DIRECTION('',(-1.E0,0.E0,0.E0));
#309=VECTOR('',#308,3.1E1);
#310=CARTESIAN_POINT('',(1.55E1,1.03E1,-2.E0));
#311=LINE('',#310,#309);
#312=DIRECTION('',(0.E0,0.E0,-1.E0));
#313=VECTOR('',#312,1.8E1);
#314=CARTESIAN_POINT('',(1.55E1,1.03E1,-2.E0));
#315=LINE('',#314,#313);
#316=DIRECTION('',(0.E0,0.E0,1.E0));
#317=VECTOR('',#316,9.926794919243E0);
#318=CARTESIAN_POINT('',(1.275E1,1.03E1,-2.E1));
#319=LINE('',#318,#317);
#320=CARTESIAN_POINT('',(1.275E1,1.03E1,-1.007320508076E1));
#321=CARTESIAN_POINT('',(1.275E1,1.03E1,-1.005287278030E1));
#322=CARTESIAN_POINT('',(1.274126471616E1,1.03E1,-1.001305833774E1));
#323=CARTESIAN_POINT('',(1.270355848271E1,1.03E1,-9.953720607469E0));
#324=CARTESIAN_POINT('',(1.266865197252E1,1.03E1,-9.918651972518E0));
#325=CARTESIAN_POINT('',(1.265E1,1.03E1,-9.9E0));
#327=DIRECTION('',(-1.E0,0.E0,0.E0));
#328=VECTOR('',#327,8.E-1);
#329=CARTESIAN_POINT('',(1.265E1,1.03E1,-9.9E0));
#330=LINE('',#329,#328);
#331=CARTESIAN_POINT('',(1.185E1,1.02E1,-9.9E0));
#332=DIRECTION('',(1.E0,0.E0,0.E0));
#333=DIRECTION('',(0.E0,0.E0,-1.E0));
#334=AXIS2_PLACEMENT_3D('',#331,#332,#333);
#336=CARTESIAN_POINT('',(1.185E1,1.02E1,-1.01E1));
#337=DIRECTION('',(0.E0,1.E0,-2.331468351713E-14));
#338=DIRECTION('',(-1.E0,0.E0,0.E0));
#339=AXIS2_PLACEMENT_3D('',#336,#337,#338);
#341=DIRECTION('',(0.E0,-1.E0,0.E0));
#342=VECTOR('',#341,1.100000003607E0);
#343=CARTESIAN_POINT('',(1.175E1,1.02E1,-1.01E1));
#344=LINE('',#343,#342);
#345=DIRECTION('',(0.E0,3.643471158895E-10,-1.E0));
#346=VECTOR('',#345,9.9E0);
#347=CARTESIAN_POINT('',(1.175E1,9.099999996393E0,-1.01E1));
#348=LINE('',#347,#346);
#349=CARTESIAN_POINT('',(1.175E1,1.02E1,-9.9E0));
#350=DIRECTION('',(1.E0,0.E0,0.E0));
#351=DIRECTION('',(0.E0,0.E0,-1.E0));
#352=AXIS2_PLACEMENT_3D('',#349,#350,#351);
#354=DIRECTION('',(-1.033516706560E-12,1.E0,0.E0));
#355=VECTOR('',#354,1.1E0);
#356=CARTESIAN_POINT('',(-1.185E1,-1.02E1,-1.E1));
#357=LINE('',#356,#355);
#358=DIRECTION('',(1.E0,0.E0,0.E0));
#359=VECTOR('',#358,8.E-1);
#360=CARTESIAN_POINT('',(-1.265E1,-1.02E1,-1.E1));
#361=LINE('',#360,#359);
#362=DIRECTION('',(0.E0,-1.E0,0.E0));
#363=VECTOR('',#362,1.1E0);
#364=CARTESIAN_POINT('',(-1.265E1,-9.1E0,-1.E1));
#365=LINE('',#364,#363);
#366=CARTESIAN_POINT('',(-1.225E1,-9.1E0,-1.E1));
#367=DIRECTION('',(0.E0,0.E0,1.E0));
#368=DIRECTION('',(1.E0,0.E0,0.E0));
#369=AXIS2_PLACEMENT_3D('',#366,#367,#368);
#371=DIRECTION('',(-1.031901836706E-12,1.E0,0.E0));
#372=VECTOR('',#371,1.1E0);
#373=CARTESIAN_POINT('',(-8.35E0,-1.02E1,-1.E1));
#374=LINE('',#373,#372);
#375=DIRECTION('',(1.E0,0.E0,0.E0));
#376=VECTOR('',#375,8.E-1);
#377=CARTESIAN_POINT('',(-9.15E0,-1.02E1,-1.E1));
#378=LINE('',#377,#376);
#379=DIRECTION('',(0.E0,-1.E0,0.E0));
#380=VECTOR('',#379,1.1E0);
#381=CARTESIAN_POINT('',(-9.15E0,-9.1E0,-1.E1));
#382=LINE('',#381,#380);
#383=CARTESIAN_POINT('',(-8.75E0,-9.1E0,-1.E1));
#384=DIRECTION('',(0.E0,0.E0,1.E0));
#385=DIRECTION('',(1.E0,0.E0,0.E0));
#386=AXIS2_PLACEMENT_3D('',#383,#384,#385);
#388=DIRECTION('',(-1.031901836706E-12,1.E0,0.E0));
#389=VECTOR('',#388,1.1E0);
#390=CARTESIAN_POINT('',(-4.85E0,-1.02E1,-1.E1));
#391=LINE('',#390,#389);
#392=DIRECTION('',(1.E0,0.E0,0.E0));
#393=VECTOR('',#392,8.E-1);
#394=CARTESIAN_POINT('',(-5.65E0,-1.02E1,-1.E1));
#395=LINE('',#394,#393);
#396=DIRECTION('',(0.E0,-1.E0,0.E0));
#397=VECTOR('',#396,1.1E0);
#398=CARTESIAN_POINT('',(-5.65E0,-9.1E0,-1.E1));
#399=LINE('',#398,#397);
#400=CARTESIAN_POINT('',(-5.25E0,-9.1E0,-1.E1));
#401=DIRECTION('',(0.E0,0.E0,1.E0));
#402=DIRECTION('',(1.E0,0.E0,0.E0));
#403=AXIS2_PLACEMENT_3D('',#400,#401,#402);
#405=DIRECTION('',(0.E0,1.E0,0.E0));
#406=VECTOR('',#405,1.1E0);
#407=CARTESIAN_POINT('',(-1.35E0,-1.02E1,-1.E1));
#408=LINE('',#407,#406);
#409=DIRECTION('',(1.E0,0.E0,0.E0));
#410=VECTOR('',#409,8.E-1);
#411=CARTESIAN_POINT('',(-2.15E0,-1.02E1,-1.E1));
#412=LINE('',#411,#410);
#413=DIRECTION('',(-1.027864662071E-12,-1.E0,0.E0));
#414=VECTOR('',#413,1.1E0);
#415=CARTESIAN_POINT('',(-2.149999999999E0,-9.1E0,-1.E1));
#416=LINE('',#415,#414);
#417=CARTESIAN_POINT('',(-1.75E0,-9.1E0,-1.E1));
#418=DIRECTION('',(0.E0,0.E0,1.E0));
#419=DIRECTION('',(1.E0,0.E0,0.E0));
#420=AXIS2_PLACEMENT_3D('',#417,#418,#419);
#422=DIRECTION('',(-1.031901836706E-12,1.E0,0.E0));
#423=VECTOR('',#422,1.1E0);
#424=CARTESIAN_POINT('',(2.15E0,-1.02E1,-1.E1));
#425=LINE('',#424,#423);
#426=DIRECTION('',(1.E0,0.E0,0.E0));
#427=VECTOR('',#426,8.E-1);
#428=CARTESIAN_POINT('',(1.35E0,-1.02E1,-1.E1));
#429=LINE('',#428,#427);
#430=DIRECTION('',(0.E0,-1.E0,0.E0));
#431=VECTOR('',#430,1.1E0);
#432=CARTESIAN_POINT('',(1.35E0,-9.1E0,-1.E1));
#433=LINE('',#432,#431);
#434=CARTESIAN_POINT('',(1.75E0,-9.1E0,-1.E1));
#435=DIRECTION('',(0.E0,0.E0,1.E0));
#436=DIRECTION('',(1.E0,0.E0,0.E0));
#437=AXIS2_PLACEMENT_3D('',#434,#435,#436);
#439=DIRECTION('',(1.E0,0.E0,0.E0));
#440=VECTOR('',#439,1.15E0);
#441=CARTESIAN_POINT('',(4.675E0,-1.02E1,-1.E1));
#442=LINE('',#441,#440);
#443=DIRECTION('',(-7.774173461845E-14,-1.E0,0.E0));
#444=VECTOR('',#443,2.125E0);
#445=CARTESIAN_POINT('',(4.675E0,-8.075E0,-1.E1));
#446=LINE('',#445,#444);
#447=CARTESIAN_POINT('',(5.25E0,-8.075E0,-1.E1));
#448=DIRECTION('',(0.E0,0.E0,1.E0));
#449=DIRECTION('',(1.E0,0.E0,0.E0));
#450=AXIS2_PLACEMENT_3D('',#447,#448,#449);
#452=DIRECTION('',(-4.468059908985E-13,1.E0,0.E0));
#453=VECTOR('',#452,2.125E0);
#454=CARTESIAN_POINT('',(5.825E0,-1.02E1,-1.E1));
#455=LINE('',#454,#453);
#456=DIRECTION('',(-1.130408897800E-14,1.E0,0.E0));
#457=VECTOR('',#456,1.1E0);
#458=CARTESIAN_POINT('',(9.15E0,-1.02E1,-1.E1));
#459=LINE('',#458,#457);
#460=DIRECTION('',(1.E0,0.E0,0.E0));
#461=VECTOR('',#460,8.E-1);
#462=CARTESIAN_POINT('',(8.35E0,-1.02E1,-1.E1));
#463=LINE('',#462,#461);
#464=DIRECTION('',(-1.027057227144E-12,-1.E0,0.E0));
#465=VECTOR('',#464,1.1E0);
#466=CARTESIAN_POINT('',(8.350000000001E0,-9.1E0,-1.E1));
#467=LINE('',#466,#465);
#468=CARTESIAN_POINT('',(8.75E0,-9.1E0,-1.E1));
#469=DIRECTION('',(0.E0,0.E0,1.E0));
#470=DIRECTION('',(1.E0,0.E0,0.E0));
#471=AXIS2_PLACEMENT_3D('',#468,#469,#470);
#473=DIRECTION('',(-1.130408897800E-14,1.E0,0.E0));
#474=VECTOR('',#473,1.1E0);
#475=CARTESIAN_POINT('',(1.265E1,-1.02E1,-1.E1));
#476=LINE('',#475,#474);
#477=DIRECTION('',(1.E0,0.E0,0.E0));
#478=VECTOR('',#477,8.E-1);
#479=CARTESIAN_POINT('',(1.185E1,-1.02E1,-1.E1));
#480=LINE('',#479,#478);
#481=DIRECTION('',(-1.025442357290E-12,-1.E0,0.E0));
#482=VECTOR('',#481,1.1E0);
#483=CARTESIAN_POINT('',(1.185E1,-9.1E0,-1.E1));
#484=LINE('',#483,#482);
#485=CARTESIAN_POINT('',(1.225E1,-9.1E0,-1.E1));
#486=DIRECTION('',(0.E0,0.E0,1.E0));
#487=DIRECTION('',(1.E0,0.E0,0.E0));
#488=AXIS2_PLACEMENT_3D('',#485,#486,#487);
#490=DIRECTION('',(-1.E0,0.E0,0.E0));
#491=VECTOR('',#490,8.E-1);
#492=CARTESIAN_POINT('',(1.265E1,1.02E1,-1.E1));
#493=LINE('',#492,#491);
#494=DIRECTION('',(1.027057227144E-12,1.E0,0.E0));
#495=VECTOR('',#494,1.1E0);
#496=CARTESIAN_POINT('',(1.265E1,9.1E0,-1.E1));
#497=LINE('',#496,#495);
#498=CARTESIAN_POINT('',(1.225E1,9.1E0,-1.E1));
#499=DIRECTION('',(0.E0,0.E0,1.E0));
#500=DIRECTION('',(-1.E0,0.E0,0.E0));
#501=AXIS2_PLACEMENT_3D('',#498,#499,#500);
#503=DIRECTION('',(1.130408897800E-14,-1.E0,0.E0));
#504=VECTOR('',#503,1.1E0);
#505=CARTESIAN_POINT('',(1.185E1,1.02E1,-1.E1));
#506=LINE('',#505,#504);
#507=DIRECTION('',(-1.E0,0.E0,0.E0));
#508=VECTOR('',#507,8.E-1);
#509=CARTESIAN_POINT('',(9.15E0,1.02E1,-1.E1));
#510=LINE('',#509,#508);
#511=DIRECTION('',(1.027057227144E-12,1.E0,0.E0));
#512=VECTOR('',#511,1.1E0);
#513=CARTESIAN_POINT('',(9.149999999999E0,9.1E0,-1.E1));
#514=LINE('',#513,#512);
#515=CARTESIAN_POINT('',(8.75E0,9.1E0,-1.E1));
#516=DIRECTION('',(0.E0,0.E0,1.E0));
#517=DIRECTION('',(-1.E0,0.E0,0.E0));
#518=AXIS2_PLACEMENT_3D('',#515,#516,#517);
#520=DIRECTION('',(1.130408897800E-14,-1.E0,0.E0));
#521=VECTOR('',#520,1.1E0);
#522=CARTESIAN_POINT('',(8.35E0,1.02E1,-1.E1));
#523=LINE('',#522,#521);
#524=DIRECTION('',(-1.E0,0.E0,0.E0));
#525=VECTOR('',#524,8.E-1);
#526=CARTESIAN_POINT('',(5.65E0,1.02E1,-1.E1));
#527=LINE('',#526,#525);
#528=DIRECTION('',(1.027057227144E-12,1.E0,0.E0));
#529=VECTOR('',#528,1.1E0);
#530=CARTESIAN_POINT('',(5.649999999999E0,9.1E0,-1.E1));
#531=LINE('',#530,#529);
#532=CARTESIAN_POINT('',(5.25E0,9.1E0,-1.E1));
#533=DIRECTION('',(0.E0,0.E0,1.E0));
#534=DIRECTION('',(-1.E0,0.E0,0.E0));
#535=AXIS2_PLACEMENT_3D('',#532,#533,#534);
#537=DIRECTION('',(0.E0,-1.E0,0.E0));
#538=VECTOR('',#537,1.1E0);
#539=CARTESIAN_POINT('',(4.85E0,1.02E1,-1.E1));
#540=LINE('',#539,#538);
#541=DIRECTION('',(0.E0,-1.E0,0.E0));
#542=VECTOR('',#541,1.1E0);
#543=CARTESIAN_POINT('',(1.35E0,1.02E1,-1.E1));
#544=LINE('',#543,#542);
#545=DIRECTION('',(-1.E0,0.E0,0.E0));
#546=VECTOR('',#545,8.E-1);
#547=CARTESIAN_POINT('',(2.15E0,1.02E1,-1.E1));
#548=LINE('',#547,#546);
#549=DIRECTION('',(1.027864662071E-12,1.E0,0.E0));
#550=VECTOR('',#549,1.1E0);
#551=CARTESIAN_POINT('',(2.149999999999E0,9.1E0,-1.E1));
#552=LINE('',#551,#550);
#553=CARTESIAN_POINT('',(1.75E0,9.1E0,-1.E1));
#554=DIRECTION('',(0.E0,0.E0,1.E0));
#555=DIRECTION('',(-1.E0,0.E0,0.E0));
#556=AXIS2_PLACEMENT_3D('',#553,#554,#555);
#558=DIRECTION('',(7.962258303664E-14,-1.E0,0.E0));
#559=VECTOR('',#558,2.125E0);
#560=CARTESIAN_POINT('',(-2.325E0,1.02E1,-1.E1));
#561=LINE('',#560,#559);
#562=DIRECTION('',(-1.E0,0.E0,0.E0));
#563=VECTOR('',#562,1.15E0);
#564=CARTESIAN_POINT('',(-1.175E0,1.02E1,-1.E1));
#565=LINE('',#564,#563);
#566=DIRECTION('',(4.357298835470E-13,1.E0,0.E0));
#567=VECTOR('',#566,2.125E0);
#568=CARTESIAN_POINT('',(-1.175000000001E0,8.075E0,-1.E1));
#569=LINE('',#568,#567);
#570=CARTESIAN_POINT('',(-1.75E0,8.075E0,-1.E1));
#571=DIRECTION('',(0.E0,0.E0,1.E0));
#572=DIRECTION('',(-1.E0,0.E0,0.E0));
#573=AXIS2_PLACEMENT_3D('',#570,#571,#572);
#575=DIRECTION('',(-1.E0,0.E0,0.E0));
#576=VECTOR('',#575,8.E-1);
#577=CARTESIAN_POINT('',(-4.85E0,1.02E1,-1.E1));
#578=LINE('',#577,#576);
#579=DIRECTION('',(1.027057227144E-12,1.E0,0.E0));
#580=VECTOR('',#579,1.1E0);
#581=CARTESIAN_POINT('',(-4.850000000001E0,9.1E0,-1.E1));
#582=LINE('',#581,#580);
#583=CARTESIAN_POINT('',(-5.25E0,9.1E0,-1.E1));
#584=DIRECTION('',(0.E0,0.E0,1.E0));
#585=DIRECTION('',(-1.E0,0.E0,0.E0));
#586=AXIS2_PLACEMENT_3D('',#583,#584,#585);
#588=DIRECTION('',(0.E0,-1.E0,0.E0));
#589=VECTOR('',#588,1.1E0);
#590=CARTESIAN_POINT('',(-5.65E0,1.02E1,-1.E1));
#591=LINE('',#590,#589);
#592=DIRECTION('',(-1.E0,0.E0,0.E0));
#593=VECTOR('',#592,8.E-1);
#594=CARTESIAN_POINT('',(-8.35E0,1.02E1,-1.E1));
#595=LINE('',#594,#593);
#596=DIRECTION('',(1.027057227144E-12,1.E0,0.E0));
#597=VECTOR('',#596,1.1E0);
#598=CARTESIAN_POINT('',(-8.350000000001E0,9.1E0,-1.E1));
#599=LINE('',#598,#597);
#600=CARTESIAN_POINT('',(-8.75E0,9.1E0,-1.E1));
#601=DIRECTION('',(0.E0,0.E0,1.E0));
#602=DIRECTION('',(-1.E0,0.E0,0.E0));
#603=AXIS2_PLACEMENT_3D('',#600,#601,#602);
#605=DIRECTION('',(1.130408897800E-14,-1.E0,0.E0));
#606=VECTOR('',#605,1.1E0);
#607=CARTESIAN_POINT('',(-9.15E0,1.02E1,-1.E1));
#608=LINE('',#607,#606);
#609=DIRECTION('',(-1.E0,0.E0,0.E0));
#610=VECTOR('',#609,8.E-1);
#611=CARTESIAN_POINT('',(-1.185E1,1.02E1,-1.E1));
#612=LINE('',#611,#610);
#613=DIRECTION('',(1.025442357290E-12,1.E0,0.E0));
#614=VECTOR('',#613,1.1E0);
#615=CARTESIAN_POINT('',(-1.185E1,9.1E0,-1.E1));
#616=LINE('',#615,#614);
#617=CARTESIAN_POINT('',(-1.225E1,9.1E0,-1.E1));
#618=DIRECTION('',(0.E0,0.E0,1.E0));
#619=DIRECTION('',(-1.E0,0.E0,0.E0));
#620=AXIS2_PLACEMENT_3D('',#617,#618,#619);
#622=DIRECTION('',(1.130408897800E-14,-1.E0,0.E0));
#623=VECTOR('',#622,1.1E0);
#624=CARTESIAN_POINT('',(-1.265E1,1.02E1,-1.E1));
#625=LINE('',#624,#623);
#626=CARTESIAN_POINT('',(-1.185E1,-9.1E0,-1.01E1));
#627=DIRECTION('',(0.E0,1.E0,0.E0));
#628=DIRECTION('',(1.776356839400E-14,0.E0,1.E0));
#629=AXIS2_PLACEMENT_3D('',#626,#627,#628);
#631=CARTESIAN_POINT('',(-1.265E1,-9.1E0,-1.01E1));
#632=DIRECTION('',(0.E0,-1.E0,0.E0));
#633=DIRECTION('',(0.E0,0.E0,1.E0));
#634=AXIS2_PLACEMENT_3D('',#631,#632,#633);
#636=DIRECTION('',(0.E0,-1.E0,0.E0));
#637=VECTOR('',#636,1.100000001797E0);
#638=CARTESIAN_POINT('',(-1.275E1,-9.099999998203E0,-1.01E1));
#639=LINE('',#638,#637);
#640=CARTESIAN_POINT('',(-1.275E1,-1.02E1,-9.9E0));
#641=DIRECTION('',(-1.E0,0.E0,0.E0));
#642=DIRECTION('',(0.E0,0.E0,-1.E0));
#643=AXIS2_PLACEMENT_3D('',#640,#641,#642);
#645=DIRECTION('',(0.E0,1.814570043045E-10,1.E0));
#646=VECTOR('',#645,9.9E0);
#647=CARTESIAN_POINT('',(-1.275E1,-9.1E0,-2.E1));
#648=LINE('',#647,#646);
#649=CARTESIAN_POINT('',(-1.265E1,-1.02E1,-1.01E1));
#650=DIRECTION('',(0.E0,-1.E0,-1.687538997430E-14));
#651=DIRECTION('',(0.E0,-1.776356839400E-14,1.E0));
#652=AXIS2_PLACEMENT_3D('',#649,#650,#651);
#654=CARTESIAN_POINT('',(-1.265E1,-1.02E1,-9.9E0));
#655=DIRECTION('',(1.E0,0.E0,0.E0));
#656=DIRECTION('',(0.E0,-1.E0,0.E0));
#657=AXIS2_PLACEMENT_3D('',#654,#655,#656);
#659=CARTESIAN_POINT('',(-1.185E1,-1.03E1,-9.9E0));
#660=CARTESIAN_POINT('',(-1.183134789527E1,-1.03E1,-9.918652104731E0));
#661=CARTESIAN_POINT('',(-1.179644122298E1,-1.03E1,-9.953720923375E0));
#662=CARTESIAN_POINT('',(-1.175873512293E1,-1.03E1,-1.001305875208E1));
#663=CARTESIAN_POINT('',(-1.175E1,-1.03E1,-1.005287295983E1));
#664=CARTESIAN_POINT('',(-1.175E1,-1.03E1,-1.007320508076E1));
#666=DIRECTION('',(0.E0,0.E0,1.E0));
#667=VECTOR('',#666,9.926794919243E0);
#668=CARTESIAN_POINT('',(-1.175E1,-1.03E1,-2.E1));
#669=LINE('',#668,#667);
#670=DIRECTION('',(0.E0,0.E0,1.E0));
#671=VECTOR('',#670,9.926794919243E0);
#672=CARTESIAN_POINT('',(-9.25E0,-1.03E1,-2.E1));
#673=LINE('',#672,#671);
#674=CARTESIAN_POINT('',(-9.25E0,-1.03E1,-1.007320508076E1));
#675=CARTESIAN_POINT('',(-9.25E0,-1.03E1,-1.005287278030E1));
#676=CARTESIAN_POINT('',(-9.241264716159E0,-1.03E1,-1.001305833774E1));
#677=CARTESIAN_POINT('',(-9.203558482710E0,-1.03E1,-9.953720607469E0));
#678=CARTESIAN_POINT('',(-9.168651972518E0,-1.03E1,-9.918651972518E0));
#679=CARTESIAN_POINT('',(-9.15E0,-1.03E1,-9.9E0));
#681=DIRECTION('',(1.E0,0.E0,0.E0));
#682=VECTOR('',#681,8.E-1);
#683=CARTESIAN_POINT('',(-9.15E0,-1.03E1,-9.9E0));
#684=LINE('',#683,#682);
#685=CARTESIAN_POINT('',(-8.35E0,-1.03E1,-9.9E0));
#686=CARTESIAN_POINT('',(-8.331347895269E0,-1.03E1,-9.918652104731E0));
#687=CARTESIAN_POINT('',(-8.296441222977E0,-1.03E1,-9.953720923375E0));
#688=CARTESIAN_POINT('',(-8.258735122925E0,-1.03E1,-1.001305875208E1));
#689=CARTESIAN_POINT('',(-8.25E0,-1.03E1,-1.005287295983E1));
#690=CARTESIAN_POINT('',(-8.25E0,-1.03E1,-1.007320508076E1));
#692=DIRECTION('',(0.E0,0.E0,1.E0));
#693=VECTOR('',#692,9.926794919243E0);
#694=CARTESIAN_POINT('',(-8.25E0,-1.03E1,-2.E1));
#695=LINE('',#694,#693);
#696=DIRECTION('',(0.E0,0.E0,1.E0));
#697=VECTOR('',#696,9.926794919243E0);
#698=CARTESIAN_POINT('',(-5.75E0,-1.03E1,-2.E1));
#699=LINE('',#698,#697);
#700=CARTESIAN_POINT('',(-5.75E0,-1.03E1,-1.007320508076E1));
#701=CARTESIAN_POINT('',(-5.75E0,-1.03E1,-1.005287278030E1));
#702=CARTESIAN_POINT('',(-5.741264716159E0,-1.03E1,-1.001305833774E1));
#703=CARTESIAN_POINT('',(-5.703558482710E0,-1.03E1,-9.953720607469E0));
#704=CARTESIAN_POINT('',(-5.668651972518E0,-1.03E1,-9.918651972518E0));
#705=CARTESIAN_POINT('',(-5.65E0,-1.03E1,-9.9E0));
#707=DIRECTION('',(1.E0,0.E0,0.E0));
#708=VECTOR('',#707,8.E-1);
#709=CARTESIAN_POINT('',(-5.65E0,-1.03E1,-9.9E0));
#710=LINE('',#709,#708);
#711=CARTESIAN_POINT('',(-4.85E0,-1.03E1,-9.9E0));
#712=CARTESIAN_POINT('',(-4.831347895269E0,-1.03E1,-9.918652104731E0));
#713=CARTESIAN_POINT('',(-4.796441222977E0,-1.03E1,-9.953720923375E0));
#714=CARTESIAN_POINT('',(-4.758735122925E0,-1.03E1,-1.001305875208E1));
#715=CARTESIAN_POINT('',(-4.75E0,-1.03E1,-1.005287295983E1));
#716=CARTESIAN_POINT('',(-4.75E0,-1.03E1,-1.007320508076E1));
#718=DIRECTION('',(0.E0,0.E0,1.E0));
#719=VECTOR('',#718,9.926794919243E0);
#720=CARTESIAN_POINT('',(-4.75E0,-1.03E1,-2.E1));
#721=LINE('',#720,#719);
#722=DIRECTION('',(0.E0,0.E0,1.E0));
#723=VECTOR('',#722,9.926794919243E0);
#724=CARTESIAN_POINT('',(-2.25E0,-1.03E1,-2.E1));
#725=LINE('',#724,#723);
#726=CARTESIAN_POINT('',(-2.25E0,-1.03E1,-1.007320508076E1));
#727=CARTESIAN_POINT('',(-2.25E0,-1.03E1,-1.005287278030E1));
#728=CARTESIAN_POINT('',(-2.241264716159E0,-1.03E1,-1.001305833774E1));
#729=CARTESIAN_POINT('',(-2.203558482710E0,-1.03E1,-9.953720607469E0));
#730=CARTESIAN_POINT('',(-2.168651972518E0,-1.03E1,-9.918651972518E0));
#731=CARTESIAN_POINT('',(-2.15E0,-1.03E1,-9.9E0));
#733=DIRECTION('',(1.E0,0.E0,0.E0));
#734=VECTOR('',#733,8.E-1);
#735=CARTESIAN_POINT('',(-2.15E0,-1.03E1,-9.9E0));
#736=LINE('',#735,#734);
#737=CARTESIAN_POINT('',(-1.35E0,-1.03E1,-9.9E0));
#738=CARTESIAN_POINT('',(-1.331347895269E0,-1.03E1,-9.918652104731E0));
#739=CARTESIAN_POINT('',(-1.296441222977E0,-1.03E1,-9.953720923375E0));
#740=CARTESIAN_POINT('',(-1.258735122925E0,-1.03E1,-1.001305875208E1));
#741=CARTESIAN_POINT('',(-1.25E0,-1.03E1,-1.005287295983E1));
#742=CARTESIAN_POINT('',(-1.25E0,-1.03E1,-1.007320508076E1));
#744=DIRECTION('',(0.E0,0.E0,1.E0));
#745=VECTOR('',#744,9.926794919243E0);
#746=CARTESIAN_POINT('',(-1.25E0,-1.03E1,-2.E1));
#747=LINE('',#746,#745);
#748=DIRECTION('',(0.E0,0.E0,1.E0));
#749=VECTOR('',#748,9.926794919243E0);
#750=CARTESIAN_POINT('',(1.25E0,-1.03E1,-2.E1));
#751=LINE('',#750,#749);
#752=CARTESIAN_POINT('',(1.25E0,-1.03E1,-1.007320508076E1));
#753=CARTESIAN_POINT('',(1.25E0,-1.03E1,-1.005287278030E1));
#754=CARTESIAN_POINT('',(1.258735283841E0,-1.03E1,-1.001305833774E1));
#755=CARTESIAN_POINT('',(1.296441517290E0,-1.03E1,-9.953720607469E0));
#756=CARTESIAN_POINT('',(1.331348027482E0,-1.03E1,-9.918651972518E0));
#757=CARTESIAN_POINT('',(1.35E0,-1.03E1,-9.9E0));
#759=DIRECTION('',(1.E0,0.E0,0.E0));
#760=VECTOR('',#759,8.E-1);
#761=CARTESIAN_POINT('',(1.35E0,-1.03E1,-9.9E0));
#762=LINE('',#761,#760);
#763=CARTESIAN_POINT('',(2.15E0,-1.03E1,-9.9E0));
#764=CARTESIAN_POINT('',(2.168652104731E0,-1.03E1,-9.918652104731E0));
#765=CARTESIAN_POINT('',(2.203558777023E0,-1.03E1,-9.953720923375E0));
#766=CARTESIAN_POINT('',(2.241264877075E0,-1.03E1,-1.001305875208E1));
#767=CARTESIAN_POINT('',(2.25E0,-1.03E1,-1.005287295983E1));
#768=CARTESIAN_POINT('',(2.25E0,-1.03E1,-1.007320508076E1));
#770=DIRECTION('',(0.E0,0.E0,1.E0));
#771=VECTOR('',#770,9.926794919243E0);
#772=CARTESIAN_POINT('',(2.25E0,-1.03E1,-2.E1));
#773=LINE('',#772,#771);
#774=DIRECTION('',(0.E0,0.E0,1.E0));
#775=VECTOR('',#774,9.926794919243E0);
#776=CARTESIAN_POINT('',(4.575E0,-1.03E1,-2.E1));
#777=LINE('',#776,#775);
#778=CARTESIAN_POINT('',(4.575E0,-1.03E1,-1.007320508076E1));
#779=CARTESIAN_POINT('',(4.575E0,-1.03E1,-1.005287278030E1));
#780=CARTESIAN_POINT('',(4.583735283841E0,-1.03E1,-1.001305833774E1));
#781=CARTESIAN_POINT('',(4.621441517290E0,-1.03E1,-9.953720607469E0));
#782=CARTESIAN_POINT('',(4.656348027482E0,-1.03E1,-9.918651972518E0));
#783=CARTESIAN_POINT('',(4.675E0,-1.03E1,-9.9E0));
#785=DIRECTION('',(1.E0,0.E0,0.E0));
#786=VECTOR('',#785,1.15E0);
#787=CARTESIAN_POINT('',(4.675E0,-1.03E1,-9.9E0));
#788=LINE('',#787,#786);
#789=CARTESIAN_POINT('',(5.825E0,-1.03E1,-9.9E0));
#790=CARTESIAN_POINT('',(5.843652104731E0,-1.03E1,-9.918652104731E0));
#791=CARTESIAN_POINT('',(5.878558777023E0,-1.03E1,-9.953720923375E0));
#792=CARTESIAN_POINT('',(5.916264877075E0,-1.03E1,-1.001305875208E1));
#793=CARTESIAN_POINT('',(5.925E0,-1.03E1,-1.005287295983E1));
#794=CARTESIAN_POINT('',(5.925E0,-1.03E1,-1.007320508076E1));
#796=DIRECTION('',(0.E0,0.E0,1.E0));
#797=VECTOR('',#796,9.926794919243E0);
#798=CARTESIAN_POINT('',(5.925E0,-1.03E1,-2.E1));
#799=LINE('',#798,#797);
#800=DIRECTION('',(0.E0,0.E0,1.E0));
#801=VECTOR('',#800,9.926794919243E0);
#802=CARTESIAN_POINT('',(8.25E0,-1.03E1,-2.E1));
#803=LINE('',#802,#801);
#804=CARTESIAN_POINT('',(8.25E0,-1.03E1,-1.007320508076E1));
#805=CARTESIAN_POINT('',(8.25E0,-1.03E1,-1.005287278030E1));
#806=CARTESIAN_POINT('',(8.258735283841E0,-1.03E1,-1.001305833774E1));
#807=CARTESIAN_POINT('',(8.296441517290E0,-1.03E1,-9.953720607469E0));
#808=CARTESIAN_POINT('',(8.331348027482E0,-1.03E1,-9.918651972518E0));
#809=CARTESIAN_POINT('',(8.35E0,-1.03E1,-9.9E0));
#811=DIRECTION('',(1.E0,0.E0,0.E0));
#812=VECTOR('',#811,8.E-1);
#813=CARTESIAN_POINT('',(8.35E0,-1.03E1,-9.9E0));
#814=LINE('',#813,#812);
#815=CARTESIAN_POINT('',(9.15E0,-1.03E1,-9.9E0));
#816=CARTESIAN_POINT('',(9.168652104731E0,-1.03E1,-9.918652104731E0));
#817=CARTESIAN_POINT('',(9.203558777023E0,-1.03E1,-9.953720923375E0));
#818=CARTESIAN_POINT('',(9.241264877075E0,-1.03E1,-1.001305875208E1));
#819=CARTESIAN_POINT('',(9.25E0,-1.03E1,-1.005287295983E1));
#820=CARTESIAN_POINT('',(9.25E0,-1.03E1,-1.007320508076E1));
#822=DIRECTION('',(0.E0,0.E0,1.E0));
#823=VECTOR('',#822,9.926794919243E0);
#824=CARTESIAN_POINT('',(9.25E0,-1.03E1,-2.E1));
#825=LINE('',#824,#823);
#826=DIRECTION('',(0.E0,0.E0,1.E0));
#827=VECTOR('',#826,9.926794919243E0);
#828=CARTESIAN_POINT('',(1.175E1,-1.03E1,-2.E1));
#829=LINE('',#828,#827);
#830=CARTESIAN_POINT('',(1.175E1,-1.03E1,-1.007320508076E1));
#831=CARTESIAN_POINT('',(1.175E1,-1.03E1,-1.005287278030E1));
#832=CARTESIAN_POINT('',(1.175873528384E1,-1.03E1,-1.001305833774E1));
#833=CARTESIAN_POINT('',(1.179644151729E1,-1.03E1,-9.953720607469E0));
#834=CARTESIAN_POINT('',(1.183134802748E1,-1.03E1,-9.918651972518E0));
#835=CARTESIAN_POINT('',(1.185E1,-1.03E1,-9.9E0));
#837=DIRECTION('',(1.E0,0.E0,0.E0));
#838=VECTOR('',#837,8.E-1);
#839=CARTESIAN_POINT('',(1.185E1,-1.03E1,-9.9E0));
#840=LINE('',#839,#838);
#841=CARTESIAN_POINT('',(1.265E1,-1.03E1,-9.9E0));
#842=CARTESIAN_POINT('',(1.266865210473E1,-1.03E1,-9.918652104731E0));
#843=CARTESIAN_POINT('',(1.270355877702E1,-1.03E1,-9.953720923375E0));
#844=CARTESIAN_POINT('',(1.274126487707E1,-1.03E1,-1.001305875208E1));
#845=CARTESIAN_POINT('',(1.275E1,-1.03E1,-1.005287295983E1));
#846=CARTESIAN_POINT('',(1.275E1,-1.03E1,-1.007320508076E1));
#848=DIRECTION('',(0.E0,0.E0,1.E0));
#849=VECTOR('',#848,9.926794919243E0);
#850=CARTESIAN_POINT('',(1.275E1,-1.03E1,-2.E1));
#851=LINE('',#850,#849);
#852=DIRECTION('',(1.E0,0.E0,0.E0));
#853=VECTOR('',#852,3.1E1);
#854=CARTESIAN_POINT('',(-1.55E1,-1.03E1,-2.E0));
#855=LINE('',#854,#853);
#856=DIRECTION('',(0.E0,0.E0,-1.E0));
#857=VECTOR('',#856,1.8E1);
#858=CARTESIAN_POINT('',(-1.55E1,-1.03E1,-2.E0));
#859=LINE('',#858,#857);
#860=DIRECTION('',(0.E0,0.E0,1.E0));
#861=VECTOR('',#860,9.926794919243E0);
#862=CARTESIAN_POINT('',(-1.275E1,-1.03E1,-2.E1));
#863=LINE('',#862,#861);
#864=CARTESIAN_POINT('',(-1.275E1,-1.03E1,-1.007320508076E1));
#865=CARTESIAN_POINT('',(-1.275E1,-1.03E1,-1.005287278030E1));
#866=CARTESIAN_POINT('',(-1.274126471616E1,-1.03E1,-1.001305833774E1));
#867=CARTESIAN_POINT('',(-1.270355848271E1,-1.03E1,-9.953720607469E0));
#868=CARTESIAN_POINT('',(-1.266865197252E1,-1.03E1,-9.918651972518E0));
#869=CARTESIAN_POINT('',(-1.265E1,-1.03E1,-9.9E0));
#871=DIRECTION('',(1.E0,0.E0,0.E0));
#872=VECTOR('',#871,8.E-1);
#873=CARTESIAN_POINT('',(-1.265E1,-1.03E1,-9.9E0));
#874=LINE('',#873,#872);
#875=CARTESIAN_POINT('',(-1.185E1,-1.02E1,-9.9E0));
#876=DIRECTION('',(-1.E0,0.E0,0.E0));
#877=DIRECTION('',(0.E0,0.E0,-1.E0));
#878=AXIS2_PLACEMENT_3D('',#875,#876,#877);
#880=CARTESIAN_POINT('',(-1.185E1,-1.02E1,-1.01E1));
#881=DIRECTION('',(0.E0,-1.E0,-2.331468351713E-14));
#882=DIRECTION('',(1.E0,0.E0,0.E0));
#883=AXIS2_PLACEMENT_3D('',#880,#881,#882);
#885=DIRECTION('',(0.E0,1.E0,0.E0));
#886=VECTOR('',#885,1.100000012861E0);
#887=CARTESIAN_POINT('',(-1.175E1,-1.02E1,-1.01E1));
#888=LINE('',#887,#886);
#889=DIRECTION('',(0.E0,1.299035043395E-9,1.E0));
#890=VECTOR('',#889,9.9E0);
#891=CARTESIAN_POINT('',(-1.175E1,-9.1E0,-2.E1));
#892=LINE('',#891,#890);
#893=CARTESIAN_POINT('',(-1.175E1,-1.02E1,-9.9E0));
#894=DIRECTION('',(-1.E0,0.E0,0.E0));
#895=DIRECTION('',(0.E0,0.E0,-1.E0));
#896=AXIS2_PLACEMENT_3D('',#893,#894,#895);
#898=CARTESIAN_POINT('',(-1.225E1,-9.1E0,-1.01E1));
#899=DIRECTION('',(0.E0,0.E0,1.E0));
#900=DIRECTION('',(1.E0,0.E0,0.E0));
#901=AXIS2_PLACEMENT_3D('',#898,#899,#900);
#903=CARTESIAN_POINT('',(-1.225E1,-9.1E0,-2.E1));
#904=DIRECTION('',(0.E0,0.E0,-1.E0));
#905=DIRECTION('',(-1.E0,0.E0,0.E0));
#906=AXIS2_PLACEMENT_3D('',#903,#904,#905);
#908=CARTESIAN_POINT('',(-1.7E1,6.E0,-2.E1));
#909=DIRECTION('',(0.E0,0.E0,1.E0));
#910=DIRECTION('',(1.E0,0.E0,0.E0));
#911=AXIS2_PLACEMENT_3D('',#908,#909,#910);
#913=CARTESIAN_POINT('',(-1.7E1,6.E0,-2.E1));
#914=DIRECTION('',(0.E0,0.E0,1.E0));
#915=DIRECTION('',(-1.E0,0.E0,0.E0));
#916=AXIS2_PLACEMENT_3D('',#913,#914,#915);
#918=CARTESIAN_POINT('',(1.7E1,-5.967032053538E0,-2.E1));
#919=DIRECTION('',(0.E0,0.E0,1.E0));
#920=DIRECTION('',(1.E0,0.E0,0.E0));
#921=AXIS2_PLACEMENT_3D('',#918,#919,#920);
#923=CARTESIAN_POINT('',(1.7E1,-5.967032053538E0,-2.E1));
#924=DIRECTION('',(0.E0,0.E0,1.E0));
#925=DIRECTION('',(-1.E0,0.E0,0.E0));
#926=AXIS2_PLACEMENT_3D('',#923,#924,#925);
#928=CARTESIAN_POINT('',(-1.4E1,4.000000000001E0,-2.E1));
#929=DIRECTION('',(0.E0,0.E0,1.E0));
#930=DIRECTION('',(1.E0,0.E0,0.E0));
#931=AXIS2_PLACEMENT_3D('',#928,#929,#930);
#933=CARTESIAN_POINT('',(-1.4E1,4.000000000001E0,-2.E1));
#934=DIRECTION('',(0.E0,0.E0,1.E0));
#935=DIRECTION('',(-1.E0,0.E0,0.E0));
#936=AXIS2_PLACEMENT_3D('',#933,#934,#935);
#938=CARTESIAN_POINT('',(-1.2E1,1.077689183250E-14,-2.E1));
#939=DIRECTION('',(0.E0,0.E0,1.E0));
#940=DIRECTION('',(1.E0,0.E0,0.E0));
#941=AXIS2_PLACEMENT_3D('',#938,#939,#940);
#943=CARTESIAN_POINT('',(-1.2E1,1.077689183250E-14,-2.E1));
#944=DIRECTION('',(0.E0,0.E0,1.E0));
#945=DIRECTION('',(-1.E0,0.E0,0.E0));
#946=AXIS2_PLACEMENT_3D('',#943,#944,#945);
#948=CARTESIAN_POINT('',(-1.4E1,-4.000000000001E0,-2.E1));
#949=DIRECTION('',(0.E0,0.E0,1.E0));
#950=DIRECTION('',(1.E0,0.E0,0.E0));
#951=AXIS2_PLACEMENT_3D('',#948,#949,#950);
#953=CARTESIAN_POINT('',(-1.4E1,-4.000000000001E0,-2.E1));
#954=DIRECTION('',(0.E0,0.E0,1.E0));
#955=DIRECTION('',(-1.E0,0.E0,0.E0));
#956=AXIS2_PLACEMENT_3D('',#953,#954,#955);
#958=CARTESIAN_POINT('',(-1.E1,-4.000000000001E0,-2.E1));
#959=DIRECTION('',(0.E0,0.E0,1.E0));
#960=DIRECTION('',(1.E0,0.E0,0.E0));
#961=AXIS2_PLACEMENT_3D('',#958,#959,#960);
#963=CARTESIAN_POINT('',(-1.E1,-4.000000000001E0,-2.E1));
#964=DIRECTION('',(0.E0,0.E0,1.E0));
#965=DIRECTION('',(-1.E0,0.E0,0.E0));
#966=AXIS2_PLACEMENT_3D('',#963,#964,#965);
#968=CARTESIAN_POINT('',(-8.E0,1.126675055216E-14,-2.E1));
#969=DIRECTION('',(0.E0,0.E0,1.E0));
#970=DIRECTION('',(1.E0,0.E0,0.E0));
#971=AXIS2_PLACEMENT_3D('',#968,#969,#970);
#973=CARTESIAN_POINT('',(-8.E0,1.126675055216E-14,-2.E1));
#974=DIRECTION('',(0.E0,0.E0,1.E0));
#975=DIRECTION('',(-1.E0,0.E0,0.E0));
#976=AXIS2_PLACEMENT_3D('',#973,#974,#975);
#978=CARTESIAN_POINT('',(-1.E1,4.000000000001E0,-2.E1));
#979=DIRECTION('',(0.E0,0.E0,1.E0));
#980=DIRECTION('',(1.E0,0.E0,0.E0));
#981=AXIS2_PLACEMENT_3D('',#978,#979,#980);
#983=CARTESIAN_POINT('',(-1.E1,4.000000000001E0,-2.E1));
#984=DIRECTION('',(0.E0,0.E0,1.E0));
#985=DIRECTION('',(-1.E0,0.E0,0.E0));
#986=AXIS2_PLACEMENT_3D('',#983,#984,#985);
#988=CARTESIAN_POINT('',(-6.E0,4.000000000001E0,-2.E1));
#989=DIRECTION('',(0.E0,0.E0,1.E0));
#990=DIRECTION('',(1.E0,0.E0,0.E0));
#991=AXIS2_PLACEMENT_3D('',#988,#989,#990);
#993=CARTESIAN_POINT('',(-6.E0,4.000000000001E0,-2.E1));
#994=DIRECTION('',(0.E0,0.E0,1.E0));
#995=DIRECTION('',(-1.E0,0.E0,0.E0));
#996=AXIS2_PLACEMENT_3D('',#993,#994,#995);
#998=CARTESIAN_POINT('',(-4.E0,1.175660927181E-14,-2.E1));
#999=DIRECTION('',(0.E0,0.E0,1.E0));
#1000=DIRECTION('',(1.E0,0.E0,0.E0));
#1001=AXIS2_PLACEMENT_3D('',#998,#999,#1000);
#1003=CARTESIAN_POINT('',(-4.E0,1.175660927181E-14,-2.E1));
#1004=DIRECTION('',(0.E0,0.E0,1.E0));
#1005=DIRECTION('',(-1.E0,0.E0,0.E0));
#1006=AXIS2_PLACEMENT_3D('',#1003,#1004,#1005);
#1008=CARTESIAN_POINT('',(-6.E0,-4.000000000001E0,-2.E1));
#1009=DIRECTION('',(0.E0,0.E0,1.E0));
#1010=DIRECTION('',(1.E0,0.E0,0.E0));
#1011=AXIS2_PLACEMENT_3D('',#1008,#1009,#1010);
#1013=CARTESIAN_POINT('',(-6.E0,-4.000000000001E0,-2.E1));
#1014=DIRECTION('',(0.E0,0.E0,1.E0));
#1015=DIRECTION('',(-1.E0,0.E0,0.E0));
#1016=AXIS2_PLACEMENT_3D('',#1013,#1014,#1015);
#1018=CARTESIAN_POINT('',(-2.E0,-4.000000000001E0,-2.E1));
#1019=DIRECTION('',(0.E0,0.E0,1.E0));
#1020=DIRECTION('',(1.E0,0.E0,0.E0));
#1021=AXIS2_PLACEMENT_3D('',#1018,#1019,#1020);
#1023=CARTESIAN_POINT('',(-2.E0,-4.000000000001E0,-2.E1));
#1024=DIRECTION('',(0.E0,0.E0,1.E0));
#1025=DIRECTION('',(-1.E0,0.E0,0.E0));
#1026=AXIS2_PLACEMENT_3D('',#1023,#1024,#1025);
#1028=CARTESIAN_POINT('',(0.E0,1.224646799147E-14,-2.E1));
#1029=DIRECTION('',(0.E0,0.E0,1.E0));
#1030=DIRECTION('',(1.E0,0.E0,0.E0));
#1031=AXIS2_PLACEMENT_3D('',#1028,#1029,#1030);
#1033=CARTESIAN_POINT('',(0.E0,1.224646799147E-14,-2.E1));
#1034=DIRECTION('',(0.E0,0.E0,1.E0));
#1035=DIRECTION('',(-1.E0,0.E0,0.E0));
#1036=AXIS2_PLACEMENT_3D('',#1033,#1034,#1035);
#1038=CARTESIAN_POINT('',(-2.E0,4.000000000001E0,-2.E1));
#1039=DIRECTION('',(0.E0,0.E0,1.E0));
#1040=DIRECTION('',(1.E0,0.E0,0.E0));
#1041=AXIS2_PLACEMENT_3D('',#1038,#1039,#1040);
#1043=CARTESIAN_POINT('',(-2.E0,4.000000000001E0,-2.E1));
#1044=DIRECTION('',(0.E0,0.E0,1.E0));
#1045=DIRECTION('',(-1.E0,0.E0,0.E0));
#1046=AXIS2_PLACEMENT_3D('',#1043,#1044,#1045);
#1048=CARTESIAN_POINT('',(2.E0,4.000000000001E0,-2.E1));
#1049=DIRECTION('',(0.E0,0.E0,1.E0));
#1050=DIRECTION('',(1.E0,0.E0,0.E0));
#1051=AXIS2_PLACEMENT_3D('',#1048,#1049,#1050);
#1053=CARTESIAN_POINT('',(2.E0,4.000000000001E0,-2.E1));
#1054=DIRECTION('',(0.E0,0.E0,1.E0));
#1055=DIRECTION('',(-1.E0,0.E0,0.E0));
#1056=AXIS2_PLACEMENT_3D('',#1053,#1054,#1055);
#1058=CARTESIAN_POINT('',(4.E0,1.175660927181E-14,-2.E1));
#1059=DIRECTION('',(0.E0,0.E0,1.E0));
#1060=DIRECTION('',(1.E0,0.E0,0.E0));
#1061=AXIS2_PLACEMENT_3D('',#1058,#1059,#1060);
#1063=CARTESIAN_POINT('',(4.E0,1.175660927181E-14,-2.E1));
#1064=DIRECTION('',(0.E0,0.E0,1.E0));
#1065=DIRECTION('',(-1.E0,0.E0,0.E0));
#1066=AXIS2_PLACEMENT_3D('',#1063,#1064,#1065);
#1068=CARTESIAN_POINT('',(2.E0,-4.000000000001E0,-2.E1));
#1069=DIRECTION('',(0.E0,0.E0,1.E0));
#1070=DIRECTION('',(1.E0,0.E0,0.E0));
#1071=AXIS2_PLACEMENT_3D('',#1068,#1069,#1070);
#1073=CARTESIAN_POINT('',(2.E0,-4.000000000001E0,-2.E1));
#1074=DIRECTION('',(0.E0,0.E0,1.E0));
#1075=DIRECTION('',(-1.E0,0.E0,0.E0));
#1076=AXIS2_PLACEMENT_3D('',#1073,#1074,#1075);
#1078=CARTESIAN_POINT('',(6.E0,-4.000000000001E0,-2.E1));
#1079=DIRECTION('',(0.E0,0.E0,1.E0));
#1080=DIRECTION('',(1.E0,0.E0,0.E0));
#1081=AXIS2_PLACEMENT_3D('',#1078,#1079,#1080);
#1083=CARTESIAN_POINT('',(6.E0,-4.000000000001E0,-2.E1));
#1084=DIRECTION('',(0.E0,0.E0,1.E0));
#1085=DIRECTION('',(-1.E0,0.E0,0.E0));
#1086=AXIS2_PLACEMENT_3D('',#1083,#1084,#1085);
#1088=CARTESIAN_POINT('',(8.E0,1.126675055216E-14,-2.E1));
#1089=DIRECTION('',(0.E0,0.E0,1.E0));
#1090=DIRECTION('',(1.E0,0.E0,0.E0));
#1091=AXIS2_PLACEMENT_3D('',#1088,#1089,#1090);
#1093=CARTESIAN_POINT('',(8.E0,1.126675055216E-14,-2.E1));
#1094=DIRECTION('',(0.E0,0.E0,1.E0));
#1095=DIRECTION('',(-1.E0,0.E0,0.E0));
#1096=AXIS2_PLACEMENT_3D('',#1093,#1094,#1095);
#1098=CARTESIAN_POINT('',(6.E0,4.000000000001E0,-2.E1));
#1099=DIRECTION('',(0.E0,0.E0,1.E0));
#1100=DIRECTION('',(1.E0,0.E0,0.E0));
#1101=AXIS2_PLACEMENT_3D('',#1098,#1099,#1100);
#1103=CARTESIAN_POINT('',(6.E0,4.000000000001E0,-2.E1));
#1104=DIRECTION('',(0.E0,0.E0,1.E0));
#1105=DIRECTION('',(-1.E0,0.E0,0.E0));
#1106=AXIS2_PLACEMENT_3D('',#1103,#1104,#1105);
#1108=CARTESIAN_POINT('',(1.E1,4.000000000001E0,-2.E1));
#1109=DIRECTION('',(0.E0,0.E0,1.E0));
#1110=DIRECTION('',(1.E0,0.E0,0.E0));
#1111=AXIS2_PLACEMENT_3D('',#1108,#1109,#1110);
#1113=CARTESIAN_POINT('',(1.E1,4.000000000001E0,-2.E1));
#1114=DIRECTION('',(0.E0,0.E0,1.E0));
#1115=DIRECTION('',(-1.E0,0.E0,0.E0));
#1116=AXIS2_PLACEMENT_3D('',#1113,#1114,#1115);
#1118=CARTESIAN_POINT('',(1.4E1,4.000000000001E0,-2.E1));
#1119=DIRECTION('',(0.E0,0.E0,1.E0));
#1120=DIRECTION('',(1.E0,0.E0,0.E0));
#1121=AXIS2_PLACEMENT_3D('',#1118,#1119,#1120);
#1123=CARTESIAN_POINT('',(1.4E1,4.000000000001E0,-2.E1));
#1124=DIRECTION('',(0.E0,0.E0,1.E0));
#1125=DIRECTION('',(-1.E0,0.E0,0.E0));
#1126=AXIS2_PLACEMENT_3D('',#1123,#1124,#1125);
#1128=CARTESIAN_POINT('',(1.2E1,1.077689183250E-14,-2.E1));
#1129=DIRECTION('',(0.E0,0.E0,1.E0));
#1130=DIRECTION('',(1.E0,0.E0,0.E0));
#1131=AXIS2_PLACEMENT_3D('',#1128,#1129,#1130);
#1133=CARTESIAN_POINT('',(1.2E1,1.077689183250E-14,-2.E1));
#1134=DIRECTION('',(0.E0,0.E0,1.E0));
#1135=DIRECTION('',(-1.E0,0.E0,0.E0));
#1136=AXIS2_PLACEMENT_3D('',#1133,#1134,#1135);
#1138=CARTESIAN_POINT('',(1.E1,-4.000000000001E0,-2.E1));
#1139=DIRECTION('',(0.E0,0.E0,1.E0));
#1140=DIRECTION('',(1.E0,0.E0,0.E0));
#1141=AXIS2_PLACEMENT_3D('',#1138,#1139,#1140);
#1143=CARTESIAN_POINT('',(1.E1,-4.000000000001E0,-2.E1));
#1144=DIRECTION('',(0.E0,0.E0,1.E0));
#1145=DIRECTION('',(-1.E0,0.E0,0.E0));
#1146=AXIS2_PLACEMENT_3D('',#1143,#1144,#1145);
#1148=CARTESIAN_POINT('',(1.4E1,-4.000000000001E0,-2.E1));
#1149=DIRECTION('',(0.E0,0.E0,1.E0));
#1150=DIRECTION('',(1.E0,0.E0,0.E0));
#1151=AXIS2_PLACEMENT_3D('',#1148,#1149,#1150);
#1153=CARTESIAN_POINT('',(1.4E1,-4.000000000001E0,-2.E1));
#1154=DIRECTION('',(0.E0,0.E0,1.E0));
#1155=DIRECTION('',(-1.E0,0.E0,0.E0));
#1156=AXIS2_PLACEMENT_3D('',#1153,#1154,#1155);
#1158=DIRECTION('',(0.E0,-1.E0,0.E0));
#1159=VECTOR('',#1158,1.2E0);
#1160=CARTESIAN_POINT('',(-9.25E0,1.03E1,-2.E1));
#1161=LINE('',#1160,#1159);
#1162=DIRECTION('',(0.E0,-1.E0,0.E0));
#1163=VECTOR('',#1162,1.2E0);
#1164=CARTESIAN_POINT('',(-8.25E0,1.03E1,-2.E1));
#1165=LINE('',#1164,#1163);
#1166=DIRECTION('',(-1.E0,0.E0,0.E0));
#1167=VECTOR('',#1166,2.5E0);
#1168=CARTESIAN_POINT('',(-5.75E0,1.03E1,-2.E1));
#1169=LINE('',#1168,#1167);
#1170=DIRECTION('',(0.E0,-1.E0,0.E0));
#1171=VECTOR('',#1170,1.2E0);
#1172=CARTESIAN_POINT('',(-5.75E0,1.03E1,-2.E1));
#1173=LINE('',#1172,#1171);
#1174=DIRECTION('',(0.E0,-1.E0,0.E0));
#1175=VECTOR('',#1174,1.2E0);
#1176=CARTESIAN_POINT('',(-4.75E0,1.03E1,-2.E1));
#1177=LINE('',#1176,#1175);
#1178=DIRECTION('',(-1.E0,0.E0,0.E0));
#1179=VECTOR('',#1178,2.325E0);
#1180=CARTESIAN_POINT('',(-2.425E0,1.03E1,-2.E1));
#1181=LINE('',#1180,#1179);
#1182=DIRECTION('',(0.E0,-1.E0,0.E0));
#1183=VECTOR('',#1182,2.225E0);
#1184=CARTESIAN_POINT('',(-2.425E0,1.03E1,-2.E1));
#1185=LINE('',#1184,#1183);
#1186=DIRECTION('',(0.E0,-1.E0,0.E0));
#1187=VECTOR('',#1186,2.225E0);
#1188=CARTESIAN_POINT('',(-1.075E0,1.03E1,-2.E1));
#1189=LINE('',#1188,#1187);
#1190=DIRECTION('',(-1.E0,0.E0,0.E0));
#1191=VECTOR('',#1190,2.325E0);
#1192=CARTESIAN_POINT('',(1.25E0,1.03E1,-2.E1));
#1193=LINE('',#1192,#1191);
#1194=DIRECTION('',(0.E0,-1.E0,0.E0));
#1195=VECTOR('',#1194,1.2E0);
#1196=CARTESIAN_POINT('',(1.25E0,1.03E1,-2.E1));
#1197=LINE('',#1196,#1195);
#1198=DIRECTION('',(0.E0,-1.E0,0.E0));
#1199=VECTOR('',#1198,1.2E0);
#1200=CARTESIAN_POINT('',(2.25E0,1.03E1,-2.E1));
#1201=LINE('',#1200,#1199);
#1202=DIRECTION('',(-1.E0,0.E0,0.E0));
#1203=VECTOR('',#1202,2.5E0);
#1204=CARTESIAN_POINT('',(4.75E0,1.03E1,-2.E1));
#1205=LINE('',#1204,#1203);
#1206=DIRECTION('',(0.E0,-1.E0,0.E0));
#1207=VECTOR('',#1206,1.2E0);
#1208=CARTESIAN_POINT('',(4.75E0,1.03E1,-2.E1));
#1209=LINE('',#1208,#1207);
#1210=DIRECTION('',(0.E0,-1.E0,0.E0));
#1211=VECTOR('',#1210,1.2E0);
#1212=CARTESIAN_POINT('',(5.75E0,1.03E1,-2.E1));
#1213=LINE('',#1212,#1211);
#1214=DIRECTION('',(-1.E0,0.E0,0.E0));
#1215=VECTOR('',#1214,2.5E0);
#1216=CARTESIAN_POINT('',(8.25E0,1.03E1,-2.E1));
#1217=LINE('',#1216,#1215);
#1218=DIRECTION('',(0.E0,-1.E0,0.E0));
#1219=VECTOR('',#1218,1.2E0);
#1220=CARTESIAN_POINT('',(8.25E0,1.03E1,-2.E1));
#1221=LINE('',#1220,#1219);
#1222=DIRECTION('',(0.E0,-1.E0,0.E0));
#1223=VECTOR('',#1222,1.2E0);
#1224=CARTESIAN_POINT('',(9.25E0,1.03E1,-2.E1));
#1225=LINE('',#1224,#1223);
#1226=DIRECTION('',(-1.E0,0.E0,0.E0));
#1227=VECTOR('',#1226,2.5E0);
#1228=CARTESIAN_POINT('',(1.175E1,1.03E1,-2.E1));
#1229=LINE('',#1228,#1227);
#1230=DIRECTION('',(0.E0,-1.E0,0.E0));
#1231=VECTOR('',#1230,1.2E0);
#1232=CARTESIAN_POINT('',(1.175E1,1.03E1,-2.E1));
#1233=LINE('',#1232,#1231);
#1234=DIRECTION('',(0.E0,-1.E0,0.E0));
#1235=VECTOR('',#1234,1.2E0);
#1236=CARTESIAN_POINT('',(1.275E1,1.03E1,-2.E1));
#1237=LINE('',#1236,#1235);
#1238=DIRECTION('',(-1.E0,0.E0,0.E0));
#1239=VECTOR('',#1238,2.75E0);
#1240=CARTESIAN_POINT('',(1.55E1,1.03E1,-2.E1));
#1241=LINE('',#1240,#1239);
#1242=CARTESIAN_POINT('',(1.55E1,5.6E0,-2.E1));
#1243=DIRECTION('',(0.E0,0.E0,1.E0));
#1244=DIRECTION('',(1.E0,0.E0,0.E0));
#1245=AXIS2_PLACEMENT_3D('',#1242,#1243,#1244);
#1247=DIRECTION('',(0.E0,1.E0,0.E0));
#1248=VECTOR('',#1247,4.E-1);
#1249=CARTESIAN_POINT('',(2.02E1,5.2E0,-2.E1));
#1250=LINE('',#1249,#1248);
#1251=DIRECTION('',(-1.E0,0.E0,0.E0));
#1252=VECTOR('',#1251,1.2E0);
#1253=CARTESIAN_POINT('',(2.02E1,5.2E0,-2.E1));
#1254=LINE('',#1253,#1252);
#1255=CARTESIAN_POINT('',(1.9E1,4.7E0,-2.E1));
#1256=DIRECTION('',(0.E0,0.E0,1.E0));
#1257=DIRECTION('',(0.E0,1.E0,0.E0));
#1258=AXIS2_PLACEMENT_3D('',#1255,#1256,#1257);
#1260=DIRECTION('',(-1.E0,0.E0,0.E0));
#1261=VECTOR('',#1260,1.2E0);
#1262=CARTESIAN_POINT('',(2.02E1,4.2E0,-2.E1));
#1263=LINE('',#1262,#1261);
#1264=DIRECTION('',(0.E0,1.E0,0.E0));
#1265=VECTOR('',#1264,8.4E0);
#1266=CARTESIAN_POINT('',(2.02E1,-4.2E0,-2.E1));
#1267=LINE('',#1266,#1265);
#1268=DIRECTION('',(-1.E0,0.E0,0.E0));
#1269=VECTOR('',#1268,1.2E0);
#1270=CARTESIAN_POINT('',(2.02E1,-4.2E0,-2.E1));
#1271=LINE('',#1270,#1269);
#1272=CARTESIAN_POINT('',(1.9E1,-4.7E0,-2.E1));
#1273=DIRECTION('',(0.E0,0.E0,1.E0));
#1274=DIRECTION('',(0.E0,1.E0,0.E0));
#1275=AXIS2_PLACEMENT_3D('',#1272,#1273,#1274);
#1277=DIRECTION('',(-1.E0,0.E0,0.E0));
#1278=VECTOR('',#1277,1.2E0);
#1279=CARTESIAN_POINT('',(2.02E1,-5.2E0,-2.E1));
#1280=LINE('',#1279,#1278);
#1281=DIRECTION('',(0.E0,1.E0,0.E0));
#1282=VECTOR('',#1281,4.E-1);
#1283=CARTESIAN_POINT('',(2.02E1,-5.6E0,-2.E1));
#1284=LINE('',#1283,#1282);
#1285=CARTESIAN_POINT('',(1.55E1,-5.6E0,-2.E1));
#1286=DIRECTION('',(0.E0,0.E0,1.E0));
#1287=DIRECTION('',(0.E0,-1.E0,0.E0));
#1288=AXIS2_PLACEMENT_3D('',#1285,#1286,#1287);
#1290=DIRECTION('',(1.E0,0.E0,0.E0));
#1291=VECTOR('',#1290,2.75E0);
#1292=CARTESIAN_POINT('',(1.275E1,-1.03E1,-2.E1));
#1293=LINE('',#1292,#1291);
#1294=DIRECTION('',(0.E0,1.E0,0.E0));
#1295=VECTOR('',#1294,1.2E0);
#1296=CARTESIAN_POINT('',(1.275E1,-1.03E1,-2.E1));
#1297=LINE('',#1296,#1295);
#1298=DIRECTION('',(0.E0,1.E0,0.E0));
#1299=VECTOR('',#1298,1.2E0);
#1300=CARTESIAN_POINT('',(1.175E1,-1.03E1,-2.E1));
#1301=LINE('',#1300,#1299);
#1302=DIRECTION('',(1.E0,0.E0,0.E0));
#1303=VECTOR('',#1302,2.5E0);
#1304=CARTESIAN_POINT('',(9.25E0,-1.03E1,-2.E1));
#1305=LINE('',#1304,#1303);
#1306=DIRECTION('',(0.E0,1.E0,0.E0));
#1307=VECTOR('',#1306,1.2E0);
#1308=CARTESIAN_POINT('',(9.25E0,-1.03E1,-2.E1));
#1309=LINE('',#1308,#1307);
#1310=DIRECTION('',(0.E0,1.E0,0.E0));
#1311=VECTOR('',#1310,1.2E0);
#1312=CARTESIAN_POINT('',(8.25E0,-1.03E1,-2.E1));
#1313=LINE('',#1312,#1311);
#1314=DIRECTION('',(1.E0,0.E0,0.E0));
#1315=VECTOR('',#1314,2.325E0);
#1316=CARTESIAN_POINT('',(5.925E0,-1.03E1,-2.E1));
#1317=LINE('',#1316,#1315);
#1318=DIRECTION('',(0.E0,1.E0,0.E0));
#1319=VECTOR('',#1318,2.225E0);
#1320=CARTESIAN_POINT('',(5.925E0,-1.03E1,-2.E1));
#1321=LINE('',#1320,#1319);
#1322=DIRECTION('',(0.E0,1.E0,0.E0));
#1323=VECTOR('',#1322,2.225E0);
#1324=CARTESIAN_POINT('',(4.575E0,-1.03E1,-2.E1));
#1325=LINE('',#1324,#1323);
#1326=DIRECTION('',(1.E0,0.E0,0.E0));
#1327=VECTOR('',#1326,2.325E0);
#1328=CARTESIAN_POINT('',(2.25E0,-1.03E1,-2.E1));
#1329=LINE('',#1328,#1327);
#1330=DIRECTION('',(0.E0,1.E0,0.E0));
#1331=VECTOR('',#1330,1.2E0);
#1332=CARTESIAN_POINT('',(2.25E0,-1.03E1,-2.E1));
#1333=LINE('',#1332,#1331);
#1334=DIRECTION('',(0.E0,1.E0,0.E0));
#1335=VECTOR('',#1334,1.2E0);
#1336=CARTESIAN_POINT('',(1.25E0,-1.03E1,-2.E1));
#1337=LINE('',#1336,#1335);
#1338=DIRECTION('',(1.E0,0.E0,0.E0));
#1339=VECTOR('',#1338,2.5E0);
#1340=CARTESIAN_POINT('',(-1.25E0,-1.03E1,-2.E1));
#1341=LINE('',#1340,#1339);
#1342=DIRECTION('',(0.E0,1.E0,0.E0));
#1343=VECTOR('',#1342,1.2E0);
#1344=CARTESIAN_POINT('',(-1.25E0,-1.03E1,-2.E1));
#1345=LINE('',#1344,#1343);
#1346=DIRECTION('',(0.E0,1.E0,0.E0));
#1347=VECTOR('',#1346,1.2E0);
#1348=CARTESIAN_POINT('',(-2.25E0,-1.03E1,-2.E1));
#1349=LINE('',#1348,#1347);
#1350=DIRECTION('',(1.E0,0.E0,0.E0));
#1351=VECTOR('',#1350,2.5E0);
#1352=CARTESIAN_POINT('',(-4.75E0,-1.03E1,-2.E1));
#1353=LINE('',#1352,#1351);
#1354=DIRECTION('',(0.E0,1.E0,0.E0));
#1355=VECTOR('',#1354,1.2E0);
#1356=CARTESIAN_POINT('',(-4.75E0,-1.03E1,-2.E1));
#1357=LINE('',#1356,#1355);
#1358=DIRECTION('',(0.E0,1.E0,0.E0));
#1359=VECTOR('',#1358,1.2E0);
#1360=CARTESIAN_POINT('',(-5.75E0,-1.03E1,-2.E1));
#1361=LINE('',#1360,#1359);
#1362=DIRECTION('',(1.E0,0.E0,0.E0));
#1363=VECTOR('',#1362,2.5E0);
#1364=CARTESIAN_POINT('',(-8.25E0,-1.03E1,-2.E1));
#1365=LINE('',#1364,#1363);
#1366=DIRECTION('',(0.E0,1.E0,0.E0));
#1367=VECTOR('',#1366,1.2E0);
#1368=CARTESIAN_POINT('',(-8.25E0,-1.03E1,-2.E1));
#1369=LINE('',#1368,#1367);
#1370=DIRECTION('',(0.E0,1.E0,0.E0));
#1371=VECTOR('',#1370,1.2E0);
#1372=CARTESIAN_POINT('',(-9.25E0,-1.03E1,-2.E1));
#1373=LINE('',#1372,#1371);
#1374=DIRECTION('',(1.E0,0.E0,0.E0));
#1375=VECTOR('',#1374,2.5E0);
#1376=CARTESIAN_POINT('',(-1.175E1,-1.03E1,-2.E1));
#1377=LINE('',#1376,#1375);
#1378=DIRECTION('',(0.E0,1.E0,0.E0));
#1379=VECTOR('',#1378,1.2E0);
#1380=CARTESIAN_POINT('',(-1.175E1,-1.03E1,-2.E1));
#1381=LINE('',#1380,#1379);
#1382=DIRECTION('',(0.E0,1.E0,0.E0));
#1383=VECTOR('',#1382,1.2E0);
#1384=CARTESIAN_POINT('',(-1.275E1,-1.03E1,-2.E1));
#1385=LINE('',#1384,#1383);
#1386=DIRECTION('',(1.E0,0.E0,0.E0));
#1387=VECTOR('',#1386,2.75E0);
#1388=CARTESIAN_POINT('',(-1.55E1,-1.03E1,-2.E1));
#1389=LINE('',#1388,#1387);
#1390=CARTESIAN_POINT('',(-1.55E1,-5.6E0,-2.E1));
#1391=DIRECTION('',(0.E0,0.E0,1.E0));
#1392=DIRECTION('',(-1.E0,0.E0,0.E0));
#1393=AXIS2_PLACEMENT_3D('',#1390,#1391,#1392);
#1395=DIRECTION('',(0.E0,-1.E0,0.E0));
#1396=VECTOR('',#1395,4.E-1);
#1397=CARTESIAN_POINT('',(-2.02E1,-5.2E0,-2.E1));
#1398=LINE('',#1397,#1396);
#1399=DIRECTION('',(1.E0,0.E0,0.E0));
#1400=VECTOR('',#1399,1.2E0);
#1401=CARTESIAN_POINT('',(-2.02E1,-5.2E0,-2.E1));
#1402=LINE('',#1401,#1400);
#1403=CARTESIAN_POINT('',(-1.9E1,-4.7E0,-2.E1));
#1404=DIRECTION('',(0.E0,0.E0,1.E0));
#1405=DIRECTION('',(0.E0,-1.E0,0.E0));
#1406=AXIS2_PLACEMENT_3D('',#1403,#1404,#1405);
#1408=DIRECTION('',(1.E0,0.E0,0.E0));
#1409=VECTOR('',#1408,1.2E0);
#1410=CARTESIAN_POINT('',(-2.02E1,-4.2E0,-2.E1));
#1411=LINE('',#1410,#1409);
#1412=DIRECTION('',(0.E0,-1.E0,0.E0));
#1413=VECTOR('',#1412,8.4E0);
#1414=CARTESIAN_POINT('',(-2.02E1,4.2E0,-2.E1));
#1415=LINE('',#1414,#1413);
#1416=DIRECTION('',(1.E0,0.E0,0.E0));
#1417=VECTOR('',#1416,1.2E0);
#1418=CARTESIAN_POINT('',(-2.02E1,4.2E0,-2.E1));
#1419=LINE('',#1418,#1417);
#1420=CARTESIAN_POINT('',(-1.9E1,4.7E0,-2.E1));
#1421=DIRECTION('',(0.E0,0.E0,1.E0));
#1422=DIRECTION('',(0.E0,-1.E0,0.E0));
#1423=AXIS2_PLACEMENT_3D('',#1420,#1421,#1422);
#1425=DIRECTION('',(1.E0,0.E0,0.E0));
#1426=VECTOR('',#1425,1.2E0);
#1427=CARTESIAN_POINT('',(-2.02E1,5.2E0,-2.E1));
#1428=LINE('',#1427,#1426);
#1429=DIRECTION('',(0.E0,-1.E0,0.E0));
#1430=VECTOR('',#1429,4.E-1);
#1431=CARTESIAN_POINT('',(-2.02E1,5.6E0,-2.E1));
#1432=LINE('',#1431,#1430);
#1433=CARTESIAN_POINT('',(-1.55E1,5.6E0,-2.E1));
#1434=DIRECTION('',(0.E0,0.E0,1.E0));
#1435=DIRECTION('',(0.E0,1.E0,0.E0));
#1436=AXIS2_PLACEMENT_3D('',#1433,#1434,#1435);
#1438=DIRECTION('',(-1.E0,0.E0,0.E0));
#1439=VECTOR('',#1438,2.75E0);
#1440=CARTESIAN_POINT('',(-1.275E1,1.03E1,-2.E1));
#1441=LINE('',#1440,#1439);
#1442=DIRECTION('',(0.E0,-1.E0,0.E0));
#1443=VECTOR('',#1442,1.2E0);
#1444=CARTESIAN_POINT('',(-1.275E1,1.03E1,-2.E1));
#1445=LINE('',#1444,#1443);
#1446=DIRECTION('',(0.E0,-1.E0,0.E0));
#1447=VECTOR('',#1446,1.2E0);
#1448=CARTESIAN_POINT('',(-1.175E1,1.03E1,-2.E1));
#1449=LINE('',#1448,#1447);
#1450=DIRECTION('',(-1.E0,0.E0,0.E0));
#1451=VECTOR('',#1450,2.5E0);
#1452=CARTESIAN_POINT('',(-9.25E0,1.03E1,-2.E1));
#1453=LINE('',#1452,#1451);
#1454=DIRECTION('',(0.E0,0.E0,-1.E0));
#1455=VECTOR('',#1454,2.E-1);
#1456=CARTESIAN_POINT('',(-1.55E1,6.E0,-2.E1));
#1457=LINE('',#1456,#1455);
#1458=DIRECTION('',(0.E0,0.E0,-1.E0));
#1459=VECTOR('',#1458,2.E-1);
#1460=CARTESIAN_POINT('',(-1.85E1,6.E0,-2.E1));
#1461=LINE('',#1460,#1459);
#1462=CARTESIAN_POINT('',(-1.7E1,6.E0,-2.02E1));
#1463=DIRECTION('',(0.E0,0.E0,1.E0));
#1464=DIRECTION('',(1.E0,0.E0,0.E0));
#1465=AXIS2_PLACEMENT_3D('',#1462,#1463,#1464);
#1467=CARTESIAN_POINT('',(-1.7E1,6.E0,-2.02E1));
#1468=DIRECTION('',(0.E0,0.E0,1.E0));
#1469=DIRECTION('',(-1.E0,0.E0,0.E0));
#1470=AXIS2_PLACEMENT_3D('',#1467,#1468,#1469);
#1472=CARTESIAN_POINT('',(1.7E1,-5.967032053538E0,-2.02E1));
#1473=DIRECTION('',(0.E0,0.E0,1.E0));
#1474=DIRECTION('',(1.E0,0.E0,0.E0));
#1475=AXIS2_PLACEMENT_3D('',#1472,#1473,#1474);
#1477=CARTESIAN_POINT('',(1.7E1,-5.967032053538E0,-2.02E1));
#1478=DIRECTION('',(0.E0,0.E0,1.E0));
#1479=DIRECTION('',(-1.E0,0.E0,0.E0));
#1480=AXIS2_PLACEMENT_3D('',#1477,#1478,#1479);
#1482=DIRECTION('',(-1.E0,0.E0,0.E0));
#1483=VECTOR('',#1482,1.557922966588E-1);
#1484=CARTESIAN_POINT('',(-1.693841540668E1,5.251830813365E0,-2.02E1));
#1485=LINE('',#1484,#1483);
#1486=DIRECTION('',(0.E0,-1.E0,0.E0));
#1487=VECTOR('',#1486,1.246338373271E0);
#1488=CARTESIAN_POINT('',(-1.693841540668E1,6.498169186635E0,-2.02E1));
#1489=LINE('',#1488,#1487);
#1490=DIRECTION('',(1.E0,0.E0,0.E0));
#1491=VECTOR('',#1490,1.557922966588E-1);
#1492=CARTESIAN_POINT('',(-1.709420770334E1,6.498169186635E0,-2.02E1));
#1493=LINE('',#1492,#1491);
#1494=DIRECTION('',(6.428712937139E-1,7.659742160925E-1,0.E0));
#1495=VECTOR('',#1494,2.423382381235E-1);
#1496=CARTESIAN_POINT('',(-1.725E1,6.312544344659E0,-2.02E1));
#1497=LINE('',#1496,#1495);
#1498=DIRECTION('',(0.E0,1.E0,0.E0));
#1499=VECTOR('',#1498,2.121427508315E-1);
#1500=CARTESIAN_POINT('',(-1.725E1,6.100401593828E0,-2.02E1));
#1501=LINE('',#1500,#1499);
#1502=DIRECTION('',(-6.428711427642E-1,-7.659743427825E-1,0.E0));
#1503=VECTOR('',#1502,2.423382950259E-1);
#1504=CARTESIAN_POINT('',(-1.709420770334E1,6.286026510091E0,-2.02E1));
#1505=LINE('',#1504,#1503);
#1506=DIRECTION('',(0.E0,1.E0,0.E0));
#1507=VECTOR('',#1506,1.034195696727E0);
#1508=CARTESIAN_POINT('',(-1.709420770334E1,5.251830813365E0,-2.02E1));
#1509=LINE('',#1508,#1507);
#1510=DIRECTION('',(7.389229549020E-1,6.737899277363E-1,0.E0));
#1511=VECTOR('',#1510,9.839059514331E-1);
#1512=CARTESIAN_POINT('',(1.6E1,-6.457612048762E0,-2.02E1));
#1513=LINE('',#1512,#1511);
#1514=DIRECTION('',(0.E0,1.E0,0.E0));
#1515=VECTOR('',#1514,1.325891914118E-1);
#1516=CARTESIAN_POINT('',(1.6E1,-6.590201240174E0,-2.02E1));
#1517=LINE('',#1516,#1515);
#1518=DIRECTION('',(-1.E0,0.E0,0.E0));
#1519=VECTOR('',#1518,9.347537799529E-1);
#1520=CARTESIAN_POINT('',(1.693475377995E1,-6.590201240174E0,-2.02E1));
#1521=LINE('',#1520,#1519);
#1522=DIRECTION('',(0.E0,-1.E0,0.E0));
#1523=VECTOR('',#1522,1.325891914118E-1);
#1524=CARTESIAN_POINT('',(1.693475377995E1,-6.457612048762E0,-2.02E1));
#1525=LINE('',#1524,#1523);
#1526=DIRECTION('',(1.E0,0.E0,0.E0));
#1527=VECTOR('',#1526,7.270307115505E-1);
#1528=CARTESIAN_POINT('',(1.620772306840E1,-6.457612048762E0,-2.02E1));
#1529=LINE('',#1528,#1527);
#1530=DIRECTION('',(-7.437660872566E-1,-6.684399804373E-1,0.E0));
#1531=VECTOR('',#1530,8.727670894696E-1);
#1532=CARTESIAN_POINT('',(1.685685763162E1,-5.874219632550E0,-2.02E1));
#1533=LINE('',#1532,#1531);
#1534=DIRECTION('',(-5.466227293958E-1,-8.373790012341E-1,0.E0));
#1535=VECTOR('',#1534,9.500298381822E-2);
#1536=CARTESIAN_POINT('',(1.690878842194E1,-5.794666128846E0,-2.02E1));
#1537=LINE('',#1536,#1535);
#1538=DIRECTION('',(-2.377711385310E-1,-9.713212062349E-1,0.E0));
#1539=VECTOR('',#1538,1.092031529746E-1);
#1540=CARTESIAN_POINT('',(1.693475377995E1,-5.688594790574E0,-2.02E1));
#1541=LINE('',#1540,#1539);
#1542=DIRECTION('',(0.E0,-1.E0,0.E0));
#1543=VECTOR('',#1542,5.303574342353E-2);
#1544=CARTESIAN_POINT('',(1.693475377995E1,-5.635559047151E0,-2.02E1));
#1545=LINE('',#1544,#1543);
#1546=DIRECTION('',(2.377711385310E-1,-9.713212062349E-1,0.E0));
#1547=VECTOR('',#1546,1.092031529746E-1);
#1548=CARTESIAN_POINT('',(1.690878842194E1,-5.529487708879E0,-2.02E1));
#1549=LINE('',#1548,#1547);
#1550=DIRECTION('',(6.996250055017E-1,-7.145102180353E-1,0.E0));
#1551=VECTOR('',#1550,1.484532139563E-1);
#1552=CARTESIAN_POINT('',(1.680492684131E1,-5.423416370607E0,-2.02E1));
#1553=LINE('',#1552,#1551);
#1554=DIRECTION('',(8.906052429498E-1,-4.547771995498E-1,0.E0));
#1555=VECTOR('',#1554,1.166190151760E-1);
#1556=CARTESIAN_POINT('',(1.670106533496E1,-5.370380701471E0,-2.02E1));
#1557=LINE('',#1556,#1555);
#1558=DIRECTION('',(9.858211730931E-1,-1.677993286083E-1,0.E0));
#1559=VECTOR('',#1558,1.580330194877E-1);
#1560=CARTESIAN_POINT('',(1.654527303831E1,-5.343862866903E0,-2.02E1));
#1561=LINE('',#1560,#1559);
#1562=DIRECTION('',(1.E0,0.E0,0.E0));
#1563=VECTOR('',#1562,1.038615434871E-1);
#1564=CARTESIAN_POINT('',(1.644141149482E1,-5.343862866903E0,-2.02E1));
#1565=LINE('',#1564,#1563);
#1566=DIRECTION('',(9.895240333173E-1,1.443682357291E-1,0.E0));
#1567=VECTOR('',#1566,1.836819189074E-1);
#1568=CARTESIAN_POINT('',(1.625965382157E1,-5.370380701471E0,-2.02E1));
#1569=LINE('',#1568,#1567);
#1570=DIRECTION('',(8.906052758868E-1,4.547771350481E-1,0.E0));
#1571=VECTOR('',#1570,1.166190317162E-1);
#1572=CARTESIAN_POINT('',(1.615579229666E1,-5.423416370607E0,-2.02E1));
#1573=LINE('',#1572,#1571);
#1574=DIRECTION('',(6.996248298646E-1,7.145103900133E-1,0.E0));
#1575=VECTOR('',#1574,1.484531782246E-1);
#1576=CARTESIAN_POINT('',(1.605193076710E1,-5.529487708879E0,-2.02E1));
#1577=LINE('',#1576,#1575);
#1578=DIRECTION('',(2.377713591533E-1,9.713211522285E-1,0.E0));
#1579=VECTOR('',#1578,1.092031590464E-1);
#1580=CARTESIAN_POINT('',(1.602596538355E1,-5.635559047151E0,-2.02E1));
#1581=LINE('',#1580,#1579);
#1582=DIRECTION('',(-1.E0,0.E0,0.E0));
#1583=VECTOR('',#1582,1.298269131085E-1);
#1584=CARTESIAN_POINT('',(1.615579229666E1,-5.635559047151E0,-2.02E1));
#1585=LINE('',#1584,#1583);
#1586=DIRECTION('',(-5.466225923193E-1,-8.373790907147E-1,0.E0));
#1587=VECTOR('',#1586,9.500297366641E-2);
#1588=CARTESIAN_POINT('',(1.620772306840E1,-5.556005543447E0,-2.02E1));
#1589=LINE('',#1588,#1587);
#1590=DIRECTION('',(-8.265992787996E-1,-5.627909312417E-1,0.E0));
#1591=VECTOR('',#1590,9.423689365242E-2);
#1592=CARTESIAN_POINT('',(1.628561921673E1,-5.502969874311E0,-2.02E1));
#1593=LINE('',#1592,#1591);
#1594=DIRECTION('',(-9.797707111493E-1,-2.001233458994E-1,0.E0));
#1595=VECTOR('',#1594,1.325074515860E-1);
#1596=CARTESIAN_POINT('',(1.641544613680E1,-5.476452039743E0,-2.02E1));
#1597=LINE('',#1596,#1595);
#1598=DIRECTION('',(-1.E0,0.E0,0.E0));
#1599=VECTOR('',#1598,1.038615063434E-1);
#1600=CARTESIAN_POINT('',(1.651930764315E1,-5.476452039743E0,-2.02E1));
#1601=LINE('',#1600,#1599);
#1602=DIRECTION('',(-9.797707055361E-1,2.001233733807E-1,0.E0));
#1603=VECTOR('',#1602,1.325074333898E-1);
#1604=CARTESIAN_POINT('',(1.664913454465E1,-5.502969874311E0,-2.02E1));
#1605=LINE('',#1604,#1603);
#1606=DIRECTION('',(-8.265992787996E-1,5.627909312417E-1,0.E0));
#1607=VECTOR('',#1606,9.423689365243E-2);
#1608=CARTESIAN_POINT('',(1.672703069298E1,-5.556005543447E0,-2.02E1));
#1609=LINE('',#1608,#1607);
#1610=DIRECTION('',(-5.466227293958E-1,8.373790012342E-1,0.E0));
#1611=VECTOR('',#1610,9.500298381822E-2);
#1612=CARTESIAN_POINT('',(1.677896148329E1,-5.635559047151E0,-2.02E1));
#1613=LINE('',#1612,#1611);
#1614=DIRECTION('',(0.E0,1.E0,0.E0));
#1615=VECTOR('',#1614,5.303574342353E-2);
#1616=CARTESIAN_POINT('',(1.677896148329E1,-5.688594790574E0,-2.02E1));
#1617=LINE('',#1616,#1615);
#1618=DIRECTION('',(4.397136649566E-1,8.981380143666E-1,0.E0));
#1619=VECTOR('',#1618,1.181013792705E-1);
#1620=CARTESIAN_POINT('',(1.672703069298E1,-5.794666128846E0,-2.02E1));
#1621=LINE('',#1620,#1619);
#1622=DIRECTION('',(-8.265992329593E-1,-5.627909985696E-1,0.E0));
#1623=VECTOR('',#1622,9.423689887847E-2);
#1624=CARTESIAN_POINT('',(1.799933442426E1,-6.457612048762E0,-2.02E1));
#1625=LINE('',#1624,#1623);
#1626=DIRECTION('',(-5.466232777014E-1,-8.373786433120E-1,0.E0));
#1627=VECTOR('',#1626,9.500302442551E-2);
#1628=CARTESIAN_POINT('',(1.805126528887E1,-6.378058545058E0,-2.02E1));
#1629=LINE('',#1628,#1627);
#1630=DIRECTION('',(-3.102789298340E-1,-9.506455626052E-1,0.E0));
#1631=VECTOR('',#1630,8.368368338862E-2);
#1632=CARTESIAN_POINT('',(1.807723057259E1,-6.298505022782E0,-2.02E1));
#1633=LINE('',#1632,#1631);
#1634=DIRECTION('',(0.E0,-1.E0,0.E0));
#1635=VECTOR('',#1634,1.060713382720E-1);
#1636=CARTESIAN_POINT('',(1.807723057259E1,-6.192433684510E0,-2.02E1));
#1637=LINE('',#1636,#1635);
#1638=DIRECTION('',(2.377704181660E-1,-9.713213825738E-1,0.E0));
#1639=VECTOR('',#1638,1.092031713897E-1);
#1640=CARTESIAN_POINT('',(1.805126528887E1,-6.086362309094E0,-2.02E1));
#1641=LINE('',#1640,#1639);
#1642=DIRECTION('',(5.466232777014E-1,-8.373786433120E-1,0.E0));
#1643=VECTOR('',#1642,9.500302442551E-2);
#1644=CARTESIAN_POINT('',(1.799933442426E1,-6.006808805390E0,-2.02E1));
#1645=LINE('',#1644,#1643);
#1646=DIRECTION('',(9.257350567423E-1,-3.781727181043E-1,0.E0));
#1647=VECTOR('',#1646,1.402419227961E-1);
#1648=CARTESIAN_POINT('',(1.786950755991E1,-5.953773136254E0,-2.02E1));
#1649=LINE('',#1648,#1647);
#1650=DIRECTION('',(-7.938783209665E-1,-6.080766493621E-1,0.E0));
#1651=VECTOR('',#1650,1.308280852215E-1);
#1652=CARTESIAN_POINT('',(1.797336914054E1,-5.874219632550E0,-2.02E1));
#1653=LINE('',#1652,#1651);
#1654=DIRECTION('',(-5.466221810895E-1,-8.373793591563E-1,0.E0));
#1655=VECTOR('',#1654,9.500294321098E-2);
#1656=CARTESIAN_POINT('',(1.802529985656E1,-5.794666128846E0,-2.02E1));
#1657=LINE('',#1656,#1655);
#1658=DIRECTION('',(-2.377717803411E-1,-9.713210491251E-1,0.E0));
#1659=VECTOR('',#1658,1.092031706381E-1);
#1660=CARTESIAN_POINT('',(1.805126528887E1,-5.688594790574E0,-2.02E1));
#1661=LINE('',#1660,#1659);
#1662=DIRECTION('',(0.E0,-1.E0,0.E0));
#1663=VECTOR('',#1662,5.303574342353E-2);
#1664=CARTESIAN_POINT('',(1.805126528887E1,-5.635559047151E0,-2.02E1));
#1665=LINE('',#1664,#1663);
#1666=DIRECTION('',(2.377717803411E-1,-9.713210491251E-1,0.E0));
#1667=VECTOR('',#1666,1.092031706381E-1);
#1668=CARTESIAN_POINT('',(1.802529985656E1,-5.529487708879E0,-2.02E1));
#1669=LINE('',#1668,#1667);
#1670=DIRECTION('',(6.996250055017E-1,-7.145102180353E-1,0.E0));
#1671=VECTOR('',#1670,1.484532139563E-1);
#1672=CARTESIAN_POINT('',(1.792143827593E1,-5.423416370607E0,-2.02E1));
#1673=LINE('',#1672,#1671);
#1674=DIRECTION('',(8.906051112017E-1,-4.547774575564E-1,0.E0));
#1675=VECTOR('',#1674,1.166189490151E-1);
#1676=CARTESIAN_POINT('',(1.781757684388E1,-5.370380701471E0,-2.02E1));
#1677=LINE('',#1676,#1675);
#1678=DIRECTION('',(9.895240396393E-1,-1.443681923971E-1,0.E0));
#1679=VECTOR('',#1678,1.836819740394E-1);
#1680=CARTESIAN_POINT('',(1.763581911492E1,-5.343862866903E0,-2.02E1));
#1681=LINE('',#1680,#1679);
#1682=DIRECTION('',(1.E0,0.E0,0.E0));
#1683=VECTOR('',#1682,5.193071602790E-2);
#1684=CARTESIAN_POINT('',(1.758388839889E1,-5.343862866903E0,-2.02E1));
#1685=LINE('',#1684,#1683);
#1686=DIRECTION('',(9.895240396393E-1,1.443681923971E-1,0.E0));
#1687=VECTOR('',#1686,1.836819740393E-1);
#1688=CARTESIAN_POINT('',(1.740213066993E1,-5.370380701471E0,-2.02E1));
#1689=LINE('',#1688,#1687);
#1690=DIRECTION('',(8.906053746977E-1,4.547769415434E-1,0.E0));
#1691=VECTOR('',#1690,1.166190813369E-1);
#1692=CARTESIAN_POINT('',(1.729826908930E1,-5.423416370607E0,-2.02E1));
#1693=LINE('',#1692,#1691);
#1694=DIRECTION('',(6.996247500295E-1,7.145104681851E-1,0.E0));
#1695=VECTOR('',#1694,1.484531619829E-1);
#1696=CARTESIAN_POINT('',(1.719440758296E1,-5.529487708879E0,-2.02E1));
#1697=LINE('',#1696,#1695);
#1698=DIRECTION('',(2.377711385310E-1,9.713212062349E-1,0.E0));
#1699=VECTOR('',#1698,1.092031529746E-1);
#1700=CARTESIAN_POINT('',(1.716844222494E1,-5.635559047151E0,-2.02E1));
#1701=LINE('',#1700,#1699);
#1702=DIRECTION('',(-1.E0,0.E0,0.E0));
#1703=VECTOR('',#1702,1.298268643573E-1);
#1704=CARTESIAN_POINT('',(1.729826908930E1,-5.635559047151E0,-2.02E1));
#1705=LINE('',#1704,#1703);
#1706=DIRECTION('',(-5.466232777014E-1,-8.373786433120E-1,0.E0));
#1707=VECTOR('',#1706,9.500302442551E-2);
#1708=CARTESIAN_POINT('',(1.735019995390E1,-5.556005543447E0,-2.02E1));
#1709=LINE('',#1708,#1707);
#1710=DIRECTION('',(-8.265992787996E-1,-5.627909312417E-1,0.E0));
#1711=VECTOR('',#1710,9.423689365243E-2);
#1712=CARTESIAN_POINT('',(1.742809610223E1,-5.502969874311E0,-2.02E1));
#1713=LINE('',#1712,#1711);
#1714=DIRECTION('',(-9.797706943097E-1,-2.001234283435E-1,0.E0));
#1715=VECTOR('',#1714,1.325073969974E-1);
#1716=CARTESIAN_POINT('',(1.755792296659E1,-5.476452039743E0,-2.02E1));
#1717=LINE('',#1716,#1715);
#1718=DIRECTION('',(-1.E0,0.E0,0.E0));
#1719=VECTOR('',#1718,1.038615806309E-1);
#1720=CARTESIAN_POINT('',(1.766178454722E1,-5.476452039743E0,-2.02E1));
#1721=LINE('',#1720,#1719);
#1722=DIRECTION('',(-9.797706943097E-1,2.001234283435E-1,0.E0));
#1723=VECTOR('',#1722,1.325073969974E-1);
#1724=CARTESIAN_POINT('',(1.779161141158E1,-5.502969874311E0,-2.02E1));
#1725=LINE('',#1724,#1723);
#1726=DIRECTION('',(-8.265992787996E-1,5.627909312417E-1,0.E0));
#1727=VECTOR('',#1726,9.423689365242E-2);
#1728=CARTESIAN_POINT('',(1.786950755991E1,-5.556005543447E0,-2.02E1));
#1729=LINE('',#1728,#1727);
#1730=DIRECTION('',(-5.466221810895E-1,8.373793591563E-1,0.E0));
#1731=VECTOR('',#1730,9.500294321098E-2);
#1732=CARTESIAN_POINT('',(1.792143827593E1,-5.635559047151E0,-2.02E1));
#1733=LINE('',#1732,#1731);
#1734=DIRECTION('',(0.E0,1.E0,0.E0));
#1735=VECTOR('',#1734,5.303574342353E-2);
#1736=CARTESIAN_POINT('',(1.792143827593E1,-5.688594790574E0,-2.02E1));
#1737=LINE('',#1736,#1735);
#1738=DIRECTION('',(4.397131575602E-1,8.981382627794E-1,0.E0));
#1739=VECTOR('',#1738,1.181013466053E-1);
#1740=CARTESIAN_POINT('',(1.786950755991E1,-5.794666128846E0,-2.02E1));
#1741=LINE('',#1740,#1739);
#1742=DIRECTION('',(6.996244945570E-1,7.145107183351E-1,0.E0));
#1743=VECTOR('',#1742,7.422655500474E-2);
#1744=CARTESIAN_POINT('',(1.781757684388E1,-5.847701797982E0,-2.02E1));
#1745=LINE('',#1744,#1743);
#1746=DIRECTION('',(9.466499177700E-1,3.222637633772E-1,0.E0));
#1747=VECTOR('',#1746,1.645722391503E-1);
#1748=CARTESIAN_POINT('',(1.766178454722E1,-5.900737467118E0,-2.02E1));
#1749=LINE('',#1748,#1747);
#1750=DIRECTION('',(1.E0,0.E0,0.E0));
#1751=VECTOR('',#1750,1.038615806309E-1);
#1752=CARTESIAN_POINT('',(1.755792296659E1,-5.900737467118E0,-2.02E1));
#1753=LINE('',#1752,#1751);
#1754=DIRECTION('',(0.E0,1.E0,0.E0));
#1755=VECTOR('',#1754,1.060713382720E-1);
#1756=CARTESIAN_POINT('',(1.755792296659E1,-6.006808805390E0,-2.02E1));
#1757=LINE('',#1756,#1755);
#1758=DIRECTION('',(-1.E0,0.E0,0.E0));
#1759=VECTOR('',#1758,1.038615806309E-1);
#1760=CARTESIAN_POINT('',(1.766178454722E1,-6.006808805390E0,-2.02E1));
#1761=LINE('',#1760,#1759);
#1762=DIRECTION('',(-9.858211730931E-1,1.677993286083E-1,0.E0));
#1763=VECTOR('',#1762,1.580330194877E-1);
#1764=CARTESIAN_POINT('',(1.781757684388E1,-6.033326639958E0,-2.02E1));
#1765=LINE('',#1764,#1763);
#1766=DIRECTION('',(-8.265992787996E-1,5.627909312418E-1,0.E0));
#1767=VECTOR('',#1766,9.423689365242E-2);
#1768=CARTESIAN_POINT('',(1.789547299221E1,-6.086362309094E0,-2.02E1));
#1769=LINE('',#1768,#1767);
#1770=DIRECTION('',(-4.397130333539E-1,8.981383235887E-1,0.E0));
#1771=VECTOR('',#1770,1.181013799655E-1);
#1772=CARTESIAN_POINT('',(1.794740370824E1,-6.192433684510E0,-2.02E1));
#1773=LINE('',#1772,#1771);
#1774=DIRECTION('',(0.E0,1.E0,0.E0));
#1775=VECTOR('',#1774,1.060713382720E-1);
#1776=CARTESIAN_POINT('',(1.794740370824E1,-6.298505022782E0,-2.02E1));
#1777=LINE('',#1776,#1775);
#1778=DIRECTION('',(4.397141723527E-1,8.981377659536E-1,0.E0));
#1779=VECTOR('',#1778,5.905070596788E-2);
#1780=CARTESIAN_POINT('',(1.792143827593E1,-6.351540691918E0,-2.02E1));
#1781=LINE('',#1780,#1779);
#1782=DIRECTION('',(6.996243694821E-1,7.145108408042E-1,0.E0));
#1783=VECTOR('',#1782,7.422656827456E-2);
#1784=CARTESIAN_POINT('',(1.786950755991E1,-6.404576379626E0,-2.02E1));
#1785=LINE('',#1784,#1783);
#1786=DIRECTION('',(8.906051112017E-1,4.547774575564E-1,0.E0));
#1787=VECTOR('',#1786,5.830947450754E-2);
#1788=CARTESIAN_POINT('',(1.781757684388E1,-6.431094214194E0,-2.02E1));
#1789=LINE('',#1788,#1787);
#1790=DIRECTION('',(9.797707392153E-1,2.001232084928E-1,0.E0));
#1791=VECTOR('',#1790,1.325075425670E-1);
#1792=CARTESIAN_POINT('',(1.768774983095E1,-6.457612048762E0,-2.02E1));
#1793=LINE('',#1792,#1791);
#1794=DIRECTION('',(1.E0,0.E0,0.E0));
#1795=VECTOR('',#1794,1.557922966588E-1);
#1796=CARTESIAN_POINT('',(1.753195753429E1,-6.457612048762E0,-2.02E1));
#1797=LINE('',#1796,#1795);
#1798=DIRECTION('',(9.797706943097E-1,-2.001234283435E-1,0.E0));
#1799=VECTOR('',#1798,1.325073969974E-1);
#1800=CARTESIAN_POINT('',(1.740213066993E1,-6.431094214194E0,-2.02E1));
#1801=LINE('',#1800,#1799);
#1802=DIRECTION('',(8.906051112017E-1,-4.547774575563E-1,0.E0));
#1803=VECTOR('',#1802,5.830947450755E-2);
#1804=CARTESIAN_POINT('',(1.735019995390E1,-6.404576379626E0,-2.02E1));
#1805=LINE('',#1804,#1803);
#1806=DIRECTION('',(6.996253913703E-1,-7.145098402051E-1,0.E0));
#1807=VECTOR('',#1806,7.422667222140E-2);
#1808=CARTESIAN_POINT('',(1.729826908930E1,-6.351540691918E0,-2.02E1));
#1809=LINE('',#1808,#1807);
#1810=DIRECTION('',(4.397121427660E-1,-8.981387596046E-1,0.E0));
#1811=VECTOR('',#1810,5.905064063745E-2);
#1812=CARTESIAN_POINT('',(1.727230380557E1,-6.298505022782E0,-2.02E1));
#1813=LINE('',#1812,#1811);
#1814=DIRECTION('',(1.E0,0.E0,0.E0));
#1815=VECTOR('',#1814,1.298269386449E-1);
#1816=CARTESIAN_POINT('',(1.714247686693E1,-6.298505022782E0,-2.02E1));
#1817=LINE('',#1816,#1815);
#1818=DIRECTION('',(-3.102797320890E-1,9.506453007588E-1,0.E0));
#1819=VECTOR('',#1818,8.368370643852E-2);
#1820=CARTESIAN_POINT('',(1.716844222494E1,-6.378058545058E0,-2.02E1));
#1821=LINE('',#1820,#1819);
#1822=DIRECTION('',(-5.466227293958E-1,8.373790012342E-1,0.E0));
#1823=VECTOR('',#1822,9.500298381822E-2);
#1824=CARTESIAN_POINT('',(1.722037301526E1,-6.457612048762E0,-2.02E1));
#1825=LINE('',#1824,#1823);
#1826=DIRECTION('',(-8.265989832759E-1,5.627913652920E-1,0.E0));
#1827=VECTOR('',#1826,9.423683747245E-2);
#1828=CARTESIAN_POINT('',(1.729826908930E1,-6.510647727184E0,-2.02E1));
#1829=LINE('',#1828,#1827);
#1830=DIRECTION('',(-8.906053505096E-1,4.547769889117E-1,0.E0));
#1831=VECTOR('',#1830,1.166190845041E-1);
#1832=CARTESIAN_POINT('',(1.740213066993E1,-6.563683403284E0,-2.02E1));
#1833=LINE('',#1832,#1831);
#1834=DIRECTION('',(-9.689177407767E-1,2.473831271694E-1,0.E0));
#1835=VECTOR('',#1834,1.071933934739E-1);
#1836=CARTESIAN_POINT('',(1.750599225056E1,-6.590201240174E0,-2.02E1));
#1837=LINE('',#1836,#1835);
#1838=DIRECTION('',(-1.E0,0.E0,0.E0));
#1839=VECTOR('',#1838,2.077230126867E-1);
#1840=CARTESIAN_POINT('',(1.771371526325E1,-6.590201240174E0,-2.02E1));
#1841=LINE('',#1840,#1839);
#1842=DIRECTION('',(-9.689177407767E-1,-2.473831271694E-1,0.E0));
#1843=VECTOR('',#1842,1.071933934739E-1);
#1844=CARTESIAN_POINT('',(1.781757684388E1,-6.563683403284E0,-2.02E1));
#1845=LINE('',#1844,#1843);
#1846=DIRECTION('',(-8.906050870136E-1,-4.547775049247E-1,0.E0));
#1847=VECTOR('',#1846,1.166189521824E-1);
#1848=CARTESIAN_POINT('',(1.792143827593E1,-6.510647727184E0,-2.02E1));
#1849=LINE('',#1848,#1847);
#1850=DIRECTION('',(0.E0,0.E0,-1.E0));
#1851=VECTOR('',#1850,2.E-1);
#1852=CARTESIAN_POINT('',(1.85E1,-5.967032053538E0,-2.E1));
#1853=LINE('',#1852,#1851);
#1854=DIRECTION('',(0.E0,0.E0,-1.E0));
#1855=VECTOR('',#1854,2.E-1);
#1856=CARTESIAN_POINT('',(1.55E1,-5.967032053538E0,-2.E1));
#1857=LINE('',#1856,#1855);
#1858=DIRECTION('',(0.E0,0.E0,1.E0));
#1859=VECTOR('',#1858,4.E-1);
#1860=CARTESIAN_POINT('',(-1.709420770334E1,5.251830813365E0,-2.02E1));
#1861=LINE('',#1860,#1859);
#1862=DIRECTION('',(0.E0,0.E0,1.E0));
#1863=VECTOR('',#1862,4.E-1);
#1864=CARTESIAN_POINT('',(-1.709420770334E1,6.286026510091E0,-2.02E1));
#1865=LINE('',#1864,#1863);
#1866=DIRECTION('',(0.E0,0.E0,1.E0));
#1867=VECTOR('',#1866,4.E-1);
#1868=CARTESIAN_POINT('',(-1.725E1,6.100401593828E0,-2.02E1));
#1869=LINE('',#1868,#1867);
#1870=DIRECTION('',(0.E0,0.E0,1.E0));
#1871=VECTOR('',#1870,4.E-1);
#1872=CARTESIAN_POINT('',(-1.725E1,6.312544344659E0,-2.02E1));
#1873=LINE('',#1872,#1871);
#1874=DIRECTION('',(0.E0,0.E0,1.E0));
#1875=VECTOR('',#1874,4.E-1);
#1876=CARTESIAN_POINT('',(-1.693841540668E1,6.498169186635E0,-2.02E1));
#1877=LINE('',#1876,#1875);
#1878=DIRECTION('',(0.E0,0.E0,-1.E0));
#1879=VECTOR('',#1878,4.E-1);
#1880=CARTESIAN_POINT('',(-1.709420770334E1,6.498169186635E0,-1.98E1));
#1881=LINE('',#1880,#1879);
#1882=DIRECTION('',(0.E0,0.E0,1.E0));
#1883=VECTOR('',#1882,4.E-1);
#1884=CARTESIAN_POINT('',(-1.693841540668E1,5.251830813365E0,-2.02E1));
#1885=LINE('',#1884,#1883);
#1886=DIRECTION('',(-6.428712937139E-1,-7.659742160925E-1,0.E0));
#1887=VECTOR('',#1886,2.423382381235E-1);
#1888=CARTESIAN_POINT('',(-1.709420770334E1,6.498169186635E0,-1.98E1));
#1889=LINE('',#1888,#1887);
#1890=DIRECTION('',(-1.E0,0.E0,0.E0));
#1891=VECTOR('',#1890,1.557922966588E-1);
#1892=CARTESIAN_POINT('',(-1.693841540668E1,6.498169186635E0,-1.98E1));
#1893=LINE('',#1892,#1891);
#1894=DIRECTION('',(0.E0,1.E0,0.E0));
#1895=VECTOR('',#1894,1.246338373271E0);
#1896=CARTESIAN_POINT('',(-1.693841540668E1,5.251830813365E0,-1.98E1));
#1897=LINE('',#1896,#1895);
#1898=DIRECTION('',(1.E0,0.E0,0.E0));
#1899=VECTOR('',#1898,1.557922966588E-1);
#1900=CARTESIAN_POINT('',(-1.709420770334E1,5.251830813365E0,-1.98E1));
#1901=LINE('',#1900,#1899);
#1902=DIRECTION('',(0.E0,-1.E0,0.E0));
#1903=VECTOR('',#1902,1.034195696727E0);
#1904=CARTESIAN_POINT('',(-1.709420770334E1,6.286026510091E0,-1.98E1));
#1905=LINE('',#1904,#1903);
#1906=DIRECTION('',(6.428711427642E-1,7.659743427825E-1,0.E0));
#1907=VECTOR('',#1906,2.423382950259E-1);
#1908=CARTESIAN_POINT('',(-1.725E1,6.100401593828E0,-1.98E1));
#1909=LINE('',#1908,#1907);
#1910=DIRECTION('',(0.E0,-1.E0,0.E0));
#1911=VECTOR('',#1910,2.121427508315E-1);
#1912=CARTESIAN_POINT('',(-1.725E1,6.312544344659E0,-1.98E1));
#1913=LINE('',#1912,#1911);
#1914=DIRECTION('',(0.E0,-1.E0,0.E0));
#1915=VECTOR('',#1914,1.060713382720E-1);
#1916=CARTESIAN_POINT('',(1.755792296659E1,-5.900737467118E0,-1.98E1));
#1917=LINE('',#1916,#1915);
#1918=DIRECTION('',(-1.E0,0.E0,0.E0));
#1919=VECTOR('',#1918,1.038615806309E-1);
#1920=CARTESIAN_POINT('',(1.766178454722E1,-5.900737467118E0,-1.98E1));
#1921=LINE('',#1920,#1919);
#1922=DIRECTION('',(-9.466499177700E-1,-3.222637633772E-1,0.E0));
#1923=VECTOR('',#1922,1.645722391503E-1);
#1924=CARTESIAN_POINT('',(1.781757684388E1,-5.847701797982E0,-1.98E1));
#1925=LINE('',#1924,#1923);
#1926=DIRECTION('',(-6.996244945571E-1,-7.145107183351E-1,0.E0));
#1927=VECTOR('',#1926,7.422655500474E-2);
#1928=CARTESIAN_POINT('',(1.786950755991E1,-5.794666128846E0,-1.98E1));
#1929=LINE('',#1928,#1927);
#1930=DIRECTION('',(-4.397131575602E-1,-8.981382627794E-1,0.E0));
#1931=VECTOR('',#1930,1.181013466053E-1);
#1932=CARTESIAN_POINT('',(1.792143827593E1,-5.688594790574E0,-1.98E1));
#1933=LINE('',#1932,#1931);
#1934=DIRECTION('',(0.E0,-1.E0,0.E0));
#1935=VECTOR('',#1934,5.303574342353E-2);
#1936=CARTESIAN_POINT('',(1.792143827593E1,-5.635559047151E0,-1.98E1));
#1937=LINE('',#1936,#1935);
#1938=DIRECTION('',(5.466221810895E-1,-8.373793591563E-1,0.E0));
#1939=VECTOR('',#1938,9.500294321097E-2);
#1940=CARTESIAN_POINT('',(1.786950755991E1,-5.556005543447E0,-1.98E1));
#1941=LINE('',#1940,#1939);
#1942=DIRECTION('',(8.265992787996E-1,-5.627909312417E-1,0.E0));
#1943=VECTOR('',#1942,9.423689365243E-2);
#1944=CARTESIAN_POINT('',(1.779161141158E1,-5.502969874311E0,-1.98E1));
#1945=LINE('',#1944,#1943);
#1946=DIRECTION('',(9.797706943097E-1,-2.001234283435E-1,0.E0));
#1947=VECTOR('',#1946,1.325073969974E-1);
#1948=CARTESIAN_POINT('',(1.766178454722E1,-5.476452039743E0,-1.98E1));
#1949=LINE('',#1948,#1947);
#1950=DIRECTION('',(1.E0,0.E0,0.E0));
#1951=VECTOR('',#1950,1.038615806309E-1);
#1952=CARTESIAN_POINT('',(1.755792296659E1,-5.476452039743E0,-1.98E1));
#1953=LINE('',#1952,#1951);
#1954=DIRECTION('',(9.797706943097E-1,2.001234283435E-1,0.E0));
#1955=VECTOR('',#1954,1.325073969974E-1);
#1956=CARTESIAN_POINT('',(1.742809610223E1,-5.502969874311E0,-1.98E1));
#1957=LINE('',#1956,#1955);
#1958=DIRECTION('',(8.265992787996E-1,5.627909312417E-1,0.E0));
#1959=VECTOR('',#1958,9.423689365243E-2);
#1960=CARTESIAN_POINT('',(1.735019995390E1,-5.556005543447E0,-1.98E1));
#1961=LINE('',#1960,#1959);
#1962=DIRECTION('',(5.466232777014E-1,8.373786433120E-1,0.E0));
#1963=VECTOR('',#1962,9.500302442551E-2);
#1964=CARTESIAN_POINT('',(1.729826908930E1,-5.635559047151E0,-1.98E1));
#1965=LINE('',#1964,#1963);
#1966=DIRECTION('',(1.E0,-1.368250591427E-14,0.E0));
#1967=VECTOR('',#1966,1.298268643573E-1);
#1968=CARTESIAN_POINT('',(1.716844222494E1,-5.635559047151E0,-1.98E1));
#1969=LINE('',#1968,#1967);
#1970=DIRECTION('',(-2.377711385310E-1,-9.713212062349E-1,0.E0));
#1971=VECTOR('',#1970,1.092031529746E-1);
#1972=CARTESIAN_POINT('',(1.719440758296E1,-5.529487708879E0,-1.98E1));
#1973=LINE('',#1972,#1971);
#1974=DIRECTION('',(-6.996247500295E-1,-7.145104681851E-1,0.E0));
#1975=VECTOR('',#1974,1.484531619829E-1);
#1976=CARTESIAN_POINT('',(1.729826908930E1,-5.423416370607E0,-1.98E1));
#1977=LINE('',#1976,#1975);
#1978=DIRECTION('',(-8.906053746977E-1,-4.547769415434E-1,0.E0));
#1979=VECTOR('',#1978,1.166190813369E-1);
#1980=CARTESIAN_POINT('',(1.740213066993E1,-5.370380701471E0,-1.98E1));
#1981=LINE('',#1980,#1979);
#1982=DIRECTION('',(-9.895240396393E-1,-1.443681923971E-1,0.E0));
#1983=VECTOR('',#1982,1.836819740393E-1);
#1984=CARTESIAN_POINT('',(1.758388839889E1,-5.343862866903E0,-1.98E1));
#1985=LINE('',#1984,#1983);
#1986=DIRECTION('',(-1.E0,0.E0,0.E0));
#1987=VECTOR('',#1986,5.193071602791E-2);
#1988=CARTESIAN_POINT('',(1.763581911492E1,-5.343862866903E0,-1.98E1));
#1989=LINE('',#1988,#1987);
#1990=DIRECTION('',(-9.895240396393E-1,1.443681923971E-1,0.E0));
#1991=VECTOR('',#1990,1.836819740394E-1);
#1992=CARTESIAN_POINT('',(1.781757684388E1,-5.370380701471E0,-1.98E1));
#1993=LINE('',#1992,#1991);
#1994=DIRECTION('',(-8.906051112017E-1,4.547774575564E-1,0.E0));
#1995=VECTOR('',#1994,1.166189490151E-1);
#1996=CARTESIAN_POINT('',(1.792143827593E1,-5.423416370607E0,-1.98E1));
#1997=LINE('',#1996,#1995);
#1998=DIRECTION('',(-6.996250055017E-1,7.145102180353E-1,0.E0));
#1999=VECTOR('',#1998,1.484532139563E-1);
#2000=CARTESIAN_POINT('',(1.802529985656E1,-5.529487708879E0,-1.98E1));
#2001=LINE('',#2000,#1999);
#2002=DIRECTION('',(-2.377717803411E-1,9.713210491251E-1,0.E0));
#2003=VECTOR('',#2002,1.092031706381E-1);
#2004=CARTESIAN_POINT('',(1.805126528887E1,-5.635559047151E0,-1.98E1));
#2005=LINE('',#2004,#2003);
#2006=DIRECTION('',(0.E0,1.E0,0.E0));
#2007=VECTOR('',#2006,5.303574342353E-2);
#2008=CARTESIAN_POINT('',(1.805126528887E1,-5.688594790574E0,-1.98E1));
#2009=LINE('',#2008,#2007);
#2010=DIRECTION('',(2.377717803411E-1,9.713210491251E-1,0.E0));
#2011=VECTOR('',#2010,1.092031706381E-1);
#2012=CARTESIAN_POINT('',(1.802529985656E1,-5.794666128846E0,-1.98E1));
#2013=LINE('',#2012,#2011);
#2014=DIRECTION('',(5.466221810895E-1,8.373793591563E-1,0.E0));
#2015=VECTOR('',#2014,9.500294321098E-2);
#2016=CARTESIAN_POINT('',(1.797336914054E1,-5.874219632550E0,-1.98E1));
#2017=LINE('',#2016,#2015);
#2018=DIRECTION('',(7.938783209665E-1,6.080766493621E-1,0.E0));
#2019=VECTOR('',#2018,1.308280852215E-1);
#2020=CARTESIAN_POINT('',(1.786950755991E1,-5.953773136254E0,-1.98E1));
#2021=LINE('',#2020,#2019);
#2022=DIRECTION('',(-9.257350567423E-1,3.781727181043E-1,0.E0));
#2023=VECTOR('',#2022,1.402419227961E-1);
#2024=CARTESIAN_POINT('',(1.799933442426E1,-6.006808805390E0,-1.98E1));
#2025=LINE('',#2024,#2023);
#2026=DIRECTION('',(-5.466232777014E-1,8.373786433120E-1,0.E0));
#2027=VECTOR('',#2026,9.500302442551E-2);
#2028=CARTESIAN_POINT('',(1.805126528887E1,-6.086362309094E0,-1.98E1));
#2029=LINE('',#2028,#2027);
#2030=DIRECTION('',(-2.377704181660E-1,9.713213825738E-1,0.E0));
#2031=VECTOR('',#2030,1.092031713897E-1);
#2032=CARTESIAN_POINT('',(1.807723057259E1,-6.192433684510E0,-1.98E1));
#2033=LINE('',#2032,#2031);
#2034=DIRECTION('',(0.E0,1.E0,0.E0));
#2035=VECTOR('',#2034,1.060713382720E-1);
#2036=CARTESIAN_POINT('',(1.807723057259E1,-6.298505022782E0,-1.98E1));
#2037=LINE('',#2036,#2035);
#2038=DIRECTION('',(3.102789298340E-1,9.506455626052E-1,0.E0));
#2039=VECTOR('',#2038,8.368368338862E-2);
#2040=CARTESIAN_POINT('',(1.805126528887E1,-6.378058545058E0,-1.98E1));
#2041=LINE('',#2040,#2039);
#2042=DIRECTION('',(5.466232777014E-1,8.373786433120E-1,0.E0));
#2043=VECTOR('',#2042,9.500302442551E-2);
#2044=CARTESIAN_POINT('',(1.799933442426E1,-6.457612048762E0,-1.98E1));
#2045=LINE('',#2044,#2043);
#2046=DIRECTION('',(8.265992329594E-1,5.627909985696E-1,0.E0));
#2047=VECTOR('',#2046,9.423689887847E-2);
#2048=CARTESIAN_POINT('',(1.792143827593E1,-6.510647727184E0,-1.98E1));
#2049=LINE('',#2048,#2047);
#2050=DIRECTION('',(8.906050870136E-1,4.547775049248E-1,0.E0));
#2051=VECTOR('',#2050,1.166189521824E-1);
#2052=CARTESIAN_POINT('',(1.781757684388E1,-6.563683403284E0,-1.98E1));
#2053=LINE('',#2052,#2051);
#2054=DIRECTION('',(9.689177407767E-1,2.473831271694E-1,0.E0));
#2055=VECTOR('',#2054,1.071933934739E-1);
#2056=CARTESIAN_POINT('',(1.771371526325E1,-6.590201240174E0,-1.98E1));
#2057=LINE('',#2056,#2055);
#2058=DIRECTION('',(1.E0,0.E0,0.E0));
#2059=VECTOR('',#2058,2.077230126867E-1);
#2060=CARTESIAN_POINT('',(1.750599225056E1,-6.590201240174E0,-1.98E1));
#2061=LINE('',#2060,#2059);
#2062=DIRECTION('',(9.689177407767E-1,-2.473831271694E-1,0.E0));
#2063=VECTOR('',#2062,1.071933934739E-1);
#2064=CARTESIAN_POINT('',(1.740213066993E1,-6.563683403284E0,-1.98E1));
#2065=LINE('',#2064,#2063);
#2066=DIRECTION('',(8.906053505096E-1,-4.547769889117E-1,0.E0));
#2067=VECTOR('',#2066,1.166190845041E-1);
#2068=CARTESIAN_POINT('',(1.729826908930E1,-6.510647727184E0,-1.98E1));
#2069=LINE('',#2068,#2067);
#2070=DIRECTION('',(8.265989832759E-1,-5.627913652920E-1,0.E0));
#2071=VECTOR('',#2070,9.423683747244E-2);
#2072=CARTESIAN_POINT('',(1.722037301526E1,-6.457612048762E0,-1.98E1));
#2073=LINE('',#2072,#2071);
#2074=DIRECTION('',(5.466227293958E-1,-8.373790012342E-1,0.E0));
#2075=VECTOR('',#2074,9.500298381822E-2);
#2076=CARTESIAN_POINT('',(1.716844222494E1,-6.378058545058E0,-1.98E1));
#2077=LINE('',#2076,#2075);
#2078=DIRECTION('',(3.102797320890E-1,-9.506453007588E-1,0.E0));
#2079=VECTOR('',#2078,8.368370643852E-2);
#2080=CARTESIAN_POINT('',(1.714247686693E1,-6.298505022782E0,-1.98E1));
#2081=LINE('',#2080,#2079);
#2082=DIRECTION('',(-1.E0,0.E0,0.E0));
#2083=VECTOR('',#2082,1.298269386449E-1);
#2084=CARTESIAN_POINT('',(1.727230380557E1,-6.298505022782E0,-1.98E1));
#2085=LINE('',#2084,#2083);
#2086=DIRECTION('',(-4.397121427660E-1,8.981387596046E-1,0.E0));
#2087=VECTOR('',#2086,5.905064063745E-2);
#2088=CARTESIAN_POINT('',(1.729826908930E1,-6.351540691918E0,-1.98E1));
#2089=LINE('',#2088,#2087);
#2090=DIRECTION('',(-6.996253913704E-1,7.145098402050E-1,0.E0));
#2091=VECTOR('',#2090,7.422667222141E-2);
#2092=CARTESIAN_POINT('',(1.735019995390E1,-6.404576379626E0,-1.98E1));
#2093=LINE('',#2092,#2091);
#2094=DIRECTION('',(-8.906051112017E-1,4.547774575564E-1,0.E0));
#2095=VECTOR('',#2094,5.830947450754E-2);
#2096=CARTESIAN_POINT('',(1.740213066993E1,-6.431094214194E0,-1.98E1));
#2097=LINE('',#2096,#2095);
#2098=DIRECTION('',(-9.797706943097E-1,2.001234283435E-1,0.E0));
#2099=VECTOR('',#2098,1.325073969974E-1);
#2100=CARTESIAN_POINT('',(1.753195753429E1,-6.457612048762E0,-1.98E1));
#2101=LINE('',#2100,#2099);
#2102=DIRECTION('',(-1.E0,0.E0,0.E0));
#2103=VECTOR('',#2102,1.557922966588E-1);
#2104=CARTESIAN_POINT('',(1.768774983095E1,-6.457612048762E0,-1.98E1));
#2105=LINE('',#2104,#2103);
#2106=DIRECTION('',(-9.797707392153E-1,-2.001232084928E-1,0.E0));
#2107=VECTOR('',#2106,1.325075425670E-1);
#2108=CARTESIAN_POINT('',(1.781757684388E1,-6.431094214194E0,-1.98E1));
#2109=LINE('',#2108,#2107);
#2110=DIRECTION('',(-8.906051112017E-1,-4.547774575564E-1,0.E0));
#2111=VECTOR('',#2110,5.830947450754E-2);
#2112=CARTESIAN_POINT('',(1.786950755991E1,-6.404576379626E0,-1.98E1));
#2113=LINE('',#2112,#2111);
#2114=DIRECTION('',(-6.996243694821E-1,-7.145108408042E-1,0.E0));
#2115=VECTOR('',#2114,7.422656827456E-2);
#2116=CARTESIAN_POINT('',(1.792143827593E1,-6.351540691918E0,-1.98E1));
#2117=LINE('',#2116,#2115);
#2118=DIRECTION('',(-4.397141723527E-1,-8.981377659536E-1,0.E0));
#2119=VECTOR('',#2118,5.905070596788E-2);
#2120=CARTESIAN_POINT('',(1.794740370824E1,-6.298505022782E0,-1.98E1));
#2121=LINE('',#2120,#2119);
#2122=DIRECTION('',(0.E0,-1.E0,0.E0));
#2123=VECTOR('',#2122,1.060713382720E-1);
#2124=CARTESIAN_POINT('',(1.794740370824E1,-6.192433684510E0,-1.98E1));
#2125=LINE('',#2124,#2123);
#2126=DIRECTION('',(4.397130333539E-1,-8.981383235887E-1,0.E0));
#2127=VECTOR('',#2126,1.181013799655E-1);
#2128=CARTESIAN_POINT('',(1.789547299221E1,-6.086362309094E0,-1.98E1));
#2129=LINE('',#2128,#2127);
#2130=DIRECTION('',(8.265992787996E-1,-5.627909312417E-1,0.E0));
#2131=VECTOR('',#2130,9.423689365243E-2);
#2132=CARTESIAN_POINT('',(1.781757684388E1,-6.033326639958E0,-1.98E1));
#2133=LINE('',#2132,#2131);
#2134=DIRECTION('',(9.858211730931E-1,-1.677993286083E-1,0.E0));
#2135=VECTOR('',#2134,1.580330194877E-1);
#2136=CARTESIAN_POINT('',(1.766178454722E1,-6.006808805390E0,-1.98E1));
#2137=LINE('',#2136,#2135);
#2138=DIRECTION('',(1.E0,0.E0,0.E0));
#2139=VECTOR('',#2138,1.038615806309E-1);
#2140=CARTESIAN_POINT('',(1.755792296659E1,-6.006808805390E0,-1.98E1));
#2141=LINE('',#2140,#2139);
#2142=DIRECTION('',(5.466225923193E-1,8.373790907147E-1,0.E0));
#2143=VECTOR('',#2142,9.500297366641E-2);
#2144=CARTESIAN_POINT('',(1.615579229666E1,-5.635559047151E0,-1.98E1));
#2145=LINE('',#2144,#2143);
#2146=DIRECTION('',(1.E0,-1.368250077636E-14,0.E0));
#2147=VECTOR('',#2146,1.298269131085E-1);
#2148=CARTESIAN_POINT('',(1.602596538355E1,-5.635559047151E0,-1.98E1));
#2149=LINE('',#2148,#2147);
#2150=DIRECTION('',(-2.377713591533E-1,-9.713211522285E-1,0.E0));
#2151=VECTOR('',#2150,1.092031590464E-1);
#2152=CARTESIAN_POINT('',(1.605193076710E1,-5.529487708879E0,-1.98E1));
#2153=LINE('',#2152,#2151);
#2154=DIRECTION('',(-6.996248298646E-1,-7.145103900133E-1,0.E0));
#2155=VECTOR('',#2154,1.484531782246E-1);
#2156=CARTESIAN_POINT('',(1.615579229666E1,-5.423416370607E0,-1.98E1));
#2157=LINE('',#2156,#2155);
#2158=DIRECTION('',(-8.906052758868E-1,-4.547771350481E-1,0.E0));
#2159=VECTOR('',#2158,1.166190317162E-1);
#2160=CARTESIAN_POINT('',(1.625965382157E1,-5.370380701471E0,-1.98E1));
#2161=LINE('',#2160,#2159);
#2162=DIRECTION('',(-9.895240333173E-1,-1.443682357291E-1,0.E0));
#2163=VECTOR('',#2162,1.836819189074E-1);
#2164=CARTESIAN_POINT('',(1.644141149482E1,-5.343862866903E0,-1.98E1));
#2165=LINE('',#2164,#2163);
#2166=DIRECTION('',(-1.E0,0.E0,0.E0));
#2167=VECTOR('',#2166,1.038615434871E-1);
#2168=CARTESIAN_POINT('',(1.654527303831E1,-5.343862866903E0,-1.98E1));
#2169=LINE('',#2168,#2167);
#2170=DIRECTION('',(-9.858211730931E-1,1.677993286083E-1,0.E0));
#2171=VECTOR('',#2170,1.580330194877E-1);
#2172=CARTESIAN_POINT('',(1.670106533496E1,-5.370380701471E0,-1.98E1));
#2173=LINE('',#2172,#2171);
#2174=DIRECTION('',(-8.906052429498E-1,4.547771995497E-1,0.E0));
#2175=VECTOR('',#2174,1.166190151760E-1);
#2176=CARTESIAN_POINT('',(1.680492684131E1,-5.423416370607E0,-1.98E1));
#2177=LINE('',#2176,#2175);
#2178=DIRECTION('',(-6.996250055017E-1,7.145102180353E-1,0.E0));
#2179=VECTOR('',#2178,1.484532139563E-1);
#2180=CARTESIAN_POINT('',(1.690878842194E1,-5.529487708879E0,-1.98E1));
#2181=LINE('',#2180,#2179);
#2182=DIRECTION('',(-2.377711385310E-1,9.713212062349E-1,0.E0));
#2183=VECTOR('',#2182,1.092031529746E-1);
#2184=CARTESIAN_POINT('',(1.693475377995E1,-5.635559047151E0,-1.98E1));
#2185=LINE('',#2184,#2183);
#2186=DIRECTION('',(0.E0,1.E0,0.E0));
#2187=VECTOR('',#2186,5.303574342353E-2);
#2188=CARTESIAN_POINT('',(1.693475377995E1,-5.688594790574E0,-1.98E1));
#2189=LINE('',#2188,#2187);
#2190=DIRECTION('',(2.377711385310E-1,9.713212062349E-1,0.E0));
#2191=VECTOR('',#2190,1.092031529746E-1);
#2192=CARTESIAN_POINT('',(1.690878842194E1,-5.794666128846E0,-1.98E1));
#2193=LINE('',#2192,#2191);
#2194=DIRECTION('',(5.466227293958E-1,8.373790012342E-1,0.E0));
#2195=VECTOR('',#2194,9.500298381822E-2);
#2196=CARTESIAN_POINT('',(1.685685763162E1,-5.874219632550E0,-1.98E1));
#2197=LINE('',#2196,#2195);
#2198=DIRECTION('',(7.437660872566E-1,6.684399804373E-1,0.E0));
#2199=VECTOR('',#2198,8.727670894696E-1);
#2200=CARTESIAN_POINT('',(1.620772306840E1,-6.457612048762E0,-1.98E1));
#2201=LINE('',#2200,#2199);
#2202=DIRECTION('',(-1.E0,0.E0,0.E0));
#2203=VECTOR('',#2202,7.270307115505E-1);
#2204=CARTESIAN_POINT('',(1.693475377995E1,-6.457612048762E0,-1.98E1));
#2205=LINE('',#2204,#2203);
#2206=DIRECTION('',(0.E0,1.E0,0.E0));
#2207=VECTOR('',#2206,1.325891914118E-1);
#2208=CARTESIAN_POINT('',(1.693475377995E1,-6.590201240174E0,-1.98E1));
#2209=LINE('',#2208,#2207);
#2210=DIRECTION('',(1.E0,0.E0,0.E0));
#2211=VECTOR('',#2210,9.347537799529E-1);
#2212=CARTESIAN_POINT('',(1.6E1,-6.590201240174E0,-1.98E1));
#2213=LINE('',#2212,#2211);
#2214=DIRECTION('',(0.E0,-1.E0,0.E0));
#2215=VECTOR('',#2214,1.325891914118E-1);
#2216=CARTESIAN_POINT('',(1.6E1,-6.457612048762E0,-1.98E1));
#2217=LINE('',#2216,#2215);
#2218=DIRECTION('',(-7.389229549020E-1,-6.737899277363E-1,0.E0));
#2219=VECTOR('',#2218,9.839059514331E-1);
#2220=CARTESIAN_POINT('',(1.672703069298E1,-5.794666128846E0,-1.98E1));
#2221=LINE('',#2220,#2219);
#2222=DIRECTION('',(-4.397136649566E-1,-8.981380143666E-1,0.E0));
#2223=VECTOR('',#2222,1.181013792705E-1);
#2224=CARTESIAN_POINT('',(1.677896148329E1,-5.688594790574E0,-1.98E1));
#2225=LINE('',#2224,#2223);
#2226=DIRECTION('',(0.E0,-1.E0,0.E0));
#2227=VECTOR('',#2226,5.303574342353E-2);
#2228=CARTESIAN_POINT('',(1.677896148329E1,-5.635559047151E0,-1.98E1));
#2229=LINE('',#2228,#2227);
#2230=DIRECTION('',(5.466227293958E-1,-8.373790012342E-1,0.E0));
#2231=VECTOR('',#2230,9.500298381822E-2);
#2232=CARTESIAN_POINT('',(1.672703069298E1,-5.556005543447E0,-1.98E1));
#2233=LINE('',#2232,#2231);
#2234=DIRECTION('',(8.265992787996E-1,-5.627909312418E-1,0.E0));
#2235=VECTOR('',#2234,9.423689365242E-2);
#2236=CARTESIAN_POINT('',(1.664913454465E1,-5.502969874311E0,-1.98E1));
#2237=LINE('',#2236,#2235);
#2238=DIRECTION('',(9.797707055361E-1,-2.001233733807E-1,0.E0));
#2239=VECTOR('',#2238,1.325074333898E-1);
#2240=CARTESIAN_POINT('',(1.651930764315E1,-5.476452039743E0,-1.98E1));
#2241=LINE('',#2240,#2239);
#2242=DIRECTION('',(1.E0,0.E0,0.E0));
#2243=VECTOR('',#2242,1.038615063434E-1);
#2244=CARTESIAN_POINT('',(1.641544613680E1,-5.476452039743E0,-1.98E1));
#2245=LINE('',#2244,#2243);
#2246=DIRECTION('',(9.797707111493E-1,2.001233458994E-1,0.E0));
#2247=VECTOR('',#2246,1.325074515860E-1);
#2248=CARTESIAN_POINT('',(1.628561921673E1,-5.502969874311E0,-1.98E1));
#2249=LINE('',#2248,#2247);
#2250=DIRECTION('',(8.265992787996E-1,5.627909312417E-1,0.E0));
#2251=VECTOR('',#2250,9.423689365243E-2);
#2252=CARTESIAN_POINT('',(1.620772306840E1,-5.556005543447E0,-1.98E1));
#2253=LINE('',#2252,#2251);
#2254=DIRECTION('',(0.E0,0.E0,1.E0));
#2255=VECTOR('',#2254,4.E-1);
#2256=CARTESIAN_POINT('',(1.766178454722E1,-5.900737467118E0,-2.02E1));
#2257=LINE('',#2256,#2255);
#2258=DIRECTION('',(0.E0,0.E0,-1.E0));
#2259=VECTOR('',#2258,4.E-1);
#2260=CARTESIAN_POINT('',(1.755792296659E1,-5.900737467118E0,-1.98E1));
#2261=LINE('',#2260,#2259);
#2262=DIRECTION('',(0.E0,0.E0,1.E0));
#2263=VECTOR('',#2262,4.E-1);
#2264=CARTESIAN_POINT('',(1.781757684388E1,-5.847701797982E0,-2.02E1));
#2265=LINE('',#2264,#2263);
#2266=DIRECTION('',(0.E0,0.E0,1.E0));
#2267=VECTOR('',#2266,4.E-1);
#2268=CARTESIAN_POINT('',(1.786950755991E1,-5.794666128846E0,-2.02E1));
#2269=LINE('',#2268,#2267);
#2270=DIRECTION('',(0.E0,0.E0,1.E0));
#2271=VECTOR('',#2270,4.E-1);
#2272=CARTESIAN_POINT('',(1.792143827593E1,-5.688594790574E0,-2.02E1));
#2273=LINE('',#2272,#2271);
#2274=DIRECTION('',(0.E0,0.E0,1.E0));
#2275=VECTOR('',#2274,4.E-1);
#2276=CARTESIAN_POINT('',(1.792143827593E1,-5.635559047151E0,-2.02E1));
#2277=LINE('',#2276,#2275);
#2278=DIRECTION('',(0.E0,0.E0,1.E0));
#2279=VECTOR('',#2278,4.E-1);
#2280=CARTESIAN_POINT('',(1.786950755991E1,-5.556005543447E0,-2.02E1));
#2281=LINE('',#2280,#2279);
#2282=DIRECTION('',(0.E0,0.E0,1.E0));
#2283=VECTOR('',#2282,4.E-1);
#2284=CARTESIAN_POINT('',(1.779161141158E1,-5.502969874311E0,-2.02E1));
#2285=LINE('',#2284,#2283);
#2286=DIRECTION('',(0.E0,0.E0,1.E0));
#2287=VECTOR('',#2286,4.E-1);
#2288=CARTESIAN_POINT('',(1.766178454722E1,-5.476452039743E0,-2.02E1));
#2289=LINE('',#2288,#2287);
#2290=DIRECTION('',(0.E0,0.E0,1.E0));
#2291=VECTOR('',#2290,4.E-1);
#2292=CARTESIAN_POINT('',(1.755792296659E1,-5.476452039743E0,-2.02E1));
#2293=LINE('',#2292,#2291);
#2294=DIRECTION('',(0.E0,0.E0,1.E0));
#2295=VECTOR('',#2294,4.E-1);
#2296=CARTESIAN_POINT('',(1.742809610223E1,-5.502969874311E0,-2.02E1));
#2297=LINE('',#2296,#2295);
#2298=DIRECTION('',(0.E0,0.E0,1.E0));
#2299=VECTOR('',#2298,4.E-1);
#2300=CARTESIAN_POINT('',(1.735019995390E1,-5.556005543447E0,-2.02E1));
#2301=LINE('',#2300,#2299);
#2302=DIRECTION('',(0.E0,0.E0,1.E0));
#2303=VECTOR('',#2302,4.E-1);
#2304=CARTESIAN_POINT('',(1.729826908930E1,-5.635559047151E0,-2.02E1));
#2305=LINE('',#2304,#2303);
#2306=DIRECTION('',(0.E0,0.E0,1.E0));
#2307=VECTOR('',#2306,4.E-1);
#2308=CARTESIAN_POINT('',(1.716844222494E1,-5.635559047151E0,-2.02E1));
#2309=LINE('',#2308,#2307);
#2310=DIRECTION('',(0.E0,0.E0,1.E0));
#2311=VECTOR('',#2310,4.E-1);
#2312=CARTESIAN_POINT('',(1.719440758296E1,-5.529487708879E0,-2.02E1));
#2313=LINE('',#2312,#2311);
#2314=DIRECTION('',(0.E0,0.E0,1.E0));
#2315=VECTOR('',#2314,4.E-1);
#2316=CARTESIAN_POINT('',(1.729826908930E1,-5.423416370607E0,-2.02E1));
#2317=LINE('',#2316,#2315);
#2318=DIRECTION('',(0.E0,0.E0,1.E0));
#2319=VECTOR('',#2318,4.E-1);
#2320=CARTESIAN_POINT('',(1.740213066993E1,-5.370380701471E0,-2.02E1));
#2321=LINE('',#2320,#2319);
#2322=DIRECTION('',(0.E0,0.E0,1.E0));
#2323=VECTOR('',#2322,4.E-1);
#2324=CARTESIAN_POINT('',(1.758388839889E1,-5.343862866903E0,-2.02E1));
#2325=LINE('',#2324,#2323);
#2326=DIRECTION('',(0.E0,0.E0,1.E0));
#2327=VECTOR('',#2326,4.E-1);
#2328=CARTESIAN_POINT('',(1.763581911492E1,-5.343862866903E0,-2.02E1));
#2329=LINE('',#2328,#2327);
#2330=DIRECTION('',(0.E0,0.E0,1.E0));
#2331=VECTOR('',#2330,4.E-1);
#2332=CARTESIAN_POINT('',(1.781757684388E1,-5.370380701471E0,-2.02E1));
#2333=LINE('',#2332,#2331);
#2334=DIRECTION('',(0.E0,0.E0,1.E0));
#2335=VECTOR('',#2334,4.E-1);
#2336=CARTESIAN_POINT('',(1.792143827593E1,-5.423416370607E0,-2.02E1));
#2337=LINE('',#2336,#2335);
#2338=DIRECTION('',(0.E0,0.E0,1.E0));
#2339=VECTOR('',#2338,4.E-1);
#2340=CARTESIAN_POINT('',(1.802529985656E1,-5.529487708879E0,-2.02E1));
#2341=LINE('',#2340,#2339);
#2342=DIRECTION('',(0.E0,0.E0,1.E0));
#2343=VECTOR('',#2342,4.E-1);
#2344=CARTESIAN_POINT('',(1.805126528887E1,-5.635559047151E0,-2.02E1));
#2345=LINE('',#2344,#2343);
#2346=DIRECTION('',(0.E0,0.E0,1.E0));
#2347=VECTOR('',#2346,4.E-1);
#2348=CARTESIAN_POINT('',(1.805126528887E1,-5.688594790574E0,-2.02E1));
#2349=LINE('',#2348,#2347);
#2350=DIRECTION('',(0.E0,0.E0,1.E0));
#2351=VECTOR('',#2350,4.E-1);
#2352=CARTESIAN_POINT('',(1.802529985656E1,-5.794666128846E0,-2.02E1));
#2353=LINE('',#2352,#2351);
#2354=DIRECTION('',(0.E0,0.E0,1.E0));
#2355=VECTOR('',#2354,4.E-1);
#2356=CARTESIAN_POINT('',(1.797336914054E1,-5.874219632550E0,-2.02E1));
#2357=LINE('',#2356,#2355);
#2358=DIRECTION('',(0.E0,0.E0,1.E0));
#2359=VECTOR('',#2358,4.E-1);
#2360=CARTESIAN_POINT('',(1.786950755991E1,-5.953773136254E0,-2.02E1));
#2361=LINE('',#2360,#2359);
#2362=DIRECTION('',(0.E0,0.E0,1.E0));
#2363=VECTOR('',#2362,4.E-1);
#2364=CARTESIAN_POINT('',(1.799933442426E1,-6.006808805390E0,-2.02E1));
#2365=LINE('',#2364,#2363);
#2366=DIRECTION('',(0.E0,0.E0,1.E0));
#2367=VECTOR('',#2366,4.E-1);
#2368=CARTESIAN_POINT('',(1.805126528887E1,-6.086362309094E0,-2.02E1));
#2369=LINE('',#2368,#2367);
#2370=DIRECTION('',(0.E0,0.E0,1.E0));
#2371=VECTOR('',#2370,4.E-1);
#2372=CARTESIAN_POINT('',(1.807723057259E1,-6.192433684510E0,-2.02E1));
#2373=LINE('',#2372,#2371);
#2374=DIRECTION('',(0.E0,0.E0,1.E0));
#2375=VECTOR('',#2374,4.E-1);
#2376=CARTESIAN_POINT('',(1.807723057259E1,-6.298505022782E0,-2.02E1));
#2377=LINE('',#2376,#2375);
#2378=DIRECTION('',(0.E0,0.E0,1.E0));
#2379=VECTOR('',#2378,4.E-1);
#2380=CARTESIAN_POINT('',(1.805126528887E1,-6.378058545058E0,-2.02E1));
#2381=LINE('',#2380,#2379);
#2382=DIRECTION('',(0.E0,0.E0,1.E0));
#2383=VECTOR('',#2382,4.E-1);
#2384=CARTESIAN_POINT('',(1.799933442426E1,-6.457612048762E0,-2.02E1));
#2385=LINE('',#2384,#2383);
#2386=DIRECTION('',(0.E0,0.E0,1.E0));
#2387=VECTOR('',#2386,4.E-1);
#2388=CARTESIAN_POINT('',(1.792143827593E1,-6.510647727184E0,-2.02E1));
#2389=LINE('',#2388,#2387);
#2390=DIRECTION('',(0.E0,0.E0,1.E0));
#2391=VECTOR('',#2390,4.E-1);
#2392=CARTESIAN_POINT('',(1.781757684388E1,-6.563683403284E0,-2.02E1));
#2393=LINE('',#2392,#2391);
#2394=DIRECTION('',(0.E0,0.E0,1.E0));
#2395=VECTOR('',#2394,4.E-1);
#2396=CARTESIAN_POINT('',(1.771371526325E1,-6.590201240174E0,-2.02E1));
#2397=LINE('',#2396,#2395);
#2398=DIRECTION('',(0.E0,0.E0,1.E0));
#2399=VECTOR('',#2398,4.E-1);
#2400=CARTESIAN_POINT('',(1.750599225056E1,-6.590201240174E0,-2.02E1));
#2401=LINE('',#2400,#2399);
#2402=DIRECTION('',(0.E0,0.E0,1.E0));
#2403=VECTOR('',#2402,4.E-1);
#2404=CARTESIAN_POINT('',(1.740213066993E1,-6.563683403284E0,-2.02E1));
#2405=LINE('',#2404,#2403);
#2406=DIRECTION('',(0.E0,0.E0,1.E0));
#2407=VECTOR('',#2406,4.E-1);
#2408=CARTESIAN_POINT('',(1.729826908930E1,-6.510647727184E0,-2.02E1));
#2409=LINE('',#2408,#2407);
#2410=DIRECTION('',(0.E0,0.E0,1.E0));
#2411=VECTOR('',#2410,4.E-1);
#2412=CARTESIAN_POINT('',(1.722037301526E1,-6.457612048762E0,-2.02E1));
#2413=LINE('',#2412,#2411);
#2414=DIRECTION('',(0.E0,0.E0,1.E0));
#2415=VECTOR('',#2414,4.E-1);
#2416=CARTESIAN_POINT('',(1.716844222494E1,-6.378058545058E0,-2.02E1));
#2417=LINE('',#2416,#2415);
#2418=DIRECTION('',(0.E0,0.E0,1.E0));
#2419=VECTOR('',#2418,4.E-1);
#2420=CARTESIAN_POINT('',(1.714247686693E1,-6.298505022782E0,-2.02E1));
#2421=LINE('',#2420,#2419);
#2422=DIRECTION('',(0.E0,0.E0,1.E0));
#2423=VECTOR('',#2422,4.E-1);
#2424=CARTESIAN_POINT('',(1.727230380557E1,-6.298505022782E0,-2.02E1));
#2425=LINE('',#2424,#2423);
#2426=DIRECTION('',(0.E0,0.E0,1.E0));
#2427=VECTOR('',#2426,4.E-1);
#2428=CARTESIAN_POINT('',(1.729826908930E1,-6.351540691918E0,-2.02E1));
#2429=LINE('',#2428,#2427);
#2430=DIRECTION('',(2.664535259100E-14,-1.110223024625E-14,1.E0));
#2431=VECTOR('',#2430,4.E-1);
#2432=CARTESIAN_POINT('',(1.735019995390E1,-6.404576379626E0,-2.02E1));
#2433=LINE('',#2432,#2431);
#2434=DIRECTION('',(0.E0,0.E0,1.E0));
#2435=VECTOR('',#2434,4.E-1);
#2436=CARTESIAN_POINT('',(1.740213066993E1,-6.431094214194E0,-2.02E1));
#2437=LINE('',#2436,#2435);
#2438=DIRECTION('',(0.E0,0.E0,1.E0));
#2439=VECTOR('',#2438,4.E-1);
#2440=CARTESIAN_POINT('',(1.753195753429E1,-6.457612048762E0,-2.02E1));
#2441=LINE('',#2440,#2439);
#2442=DIRECTION('',(0.E0,0.E0,1.E0));
#2443=VECTOR('',#2442,4.E-1);
#2444=CARTESIAN_POINT('',(1.768774983095E1,-6.457612048762E0,-2.02E1));
#2445=LINE('',#2444,#2443);
#2446=DIRECTION('',(0.E0,0.E0,1.E0));
#2447=VECTOR('',#2446,4.E-1);
#2448=CARTESIAN_POINT('',(1.781757684388E1,-6.431094214194E0,-2.02E1));
#2449=LINE('',#2448,#2447);
#2450=DIRECTION('',(0.E0,0.E0,1.E0));
#2451=VECTOR('',#2450,4.E-1);
#2452=CARTESIAN_POINT('',(1.786950755991E1,-6.404576379626E0,-2.02E1));
#2453=LINE('',#2452,#2451);
#2454=DIRECTION('',(0.E0,0.E0,1.E0));
#2455=VECTOR('',#2454,4.E-1);
#2456=CARTESIAN_POINT('',(1.792143827593E1,-6.351540691918E0,-2.02E1));
#2457=LINE('',#2456,#2455);
#2458=DIRECTION('',(0.E0,0.E0,1.E0));
#2459=VECTOR('',#2458,4.E-1);
#2460=CARTESIAN_POINT('',(1.794740370824E1,-6.298505022782E0,-2.02E1));
#2461=LINE('',#2460,#2459);
#2462=DIRECTION('',(0.E0,0.E0,1.E0));
#2463=VECTOR('',#2462,4.E-1);
#2464=CARTESIAN_POINT('',(1.794740370824E1,-6.192433684510E0,-2.02E1));
#2465=LINE('',#2464,#2463);
#2466=DIRECTION('',(0.E0,0.E0,1.E0));
#2467=VECTOR('',#2466,4.E-1);
#2468=CARTESIAN_POINT('',(1.789547299221E1,-6.086362309094E0,-2.02E1));
#2469=LINE('',#2468,#2467);
#2470=DIRECTION('',(0.E0,0.E0,1.E0));
#2471=VECTOR('',#2470,4.E-1);
#2472=CARTESIAN_POINT('',(1.781757684388E1,-6.033326639958E0,-2.02E1));
#2473=LINE('',#2472,#2471);
#2474=DIRECTION('',(0.E0,0.E0,1.E0));
#2475=VECTOR('',#2474,4.E-1);
#2476=CARTESIAN_POINT('',(1.766178454722E1,-6.006808805390E0,-2.02E1));
#2477=LINE('',#2476,#2475);
#2478=DIRECTION('',(0.E0,0.E0,1.E0));
#2479=VECTOR('',#2478,4.E-1);
#2480=CARTESIAN_POINT('',(1.755792296659E1,-6.006808805390E0,-2.02E1));
#2481=LINE('',#2480,#2479);
#2482=DIRECTION('',(0.E0,0.E0,1.E0));
#2483=VECTOR('',#2482,4.E-1);
#2484=CARTESIAN_POINT('',(1.602596538355E1,-5.635559047151E0,-2.02E1));
#2485=LINE('',#2484,#2483);
#2486=DIRECTION('',(0.E0,0.E0,-1.E0));
#2487=VECTOR('',#2486,4.E-1);
#2488=CARTESIAN_POINT('',(1.615579229666E1,-5.635559047151E0,-1.98E1));
#2489=LINE('',#2488,#2487);
#2490=DIRECTION('',(0.E0,0.E0,1.E0));
#2491=VECTOR('',#2490,4.E-1);
#2492=CARTESIAN_POINT('',(1.605193076710E1,-5.529487708879E0,-2.02E1));
#2493=LINE('',#2492,#2491);
#2494=DIRECTION('',(0.E0,0.E0,1.E0));
#2495=VECTOR('',#2494,4.E-1);
#2496=CARTESIAN_POINT('',(1.615579229666E1,-5.423416370607E0,-2.02E1));
#2497=LINE('',#2496,#2495);
#2498=DIRECTION('',(0.E0,0.E0,1.E0));
#2499=VECTOR('',#2498,4.E-1);
#2500=CARTESIAN_POINT('',(1.625965382157E1,-5.370380701471E0,-2.02E1));
#2501=LINE('',#2500,#2499);
#2502=DIRECTION('',(0.E0,0.E0,1.E0));
#2503=VECTOR('',#2502,4.E-1);
#2504=CARTESIAN_POINT('',(1.644141149482E1,-5.343862866903E0,-2.02E1));
#2505=LINE('',#2504,#2503);
#2506=DIRECTION('',(0.E0,0.E0,1.E0));
#2507=VECTOR('',#2506,4.E-1);
#2508=CARTESIAN_POINT('',(1.654527303831E1,-5.343862866903E0,-2.02E1));
#2509=LINE('',#2508,#2507);
#2510=DIRECTION('',(0.E0,0.E0,1.E0));
#2511=VECTOR('',#2510,4.E-1);
#2512=CARTESIAN_POINT('',(1.670106533496E1,-5.370380701471E0,-2.02E1));
#2513=LINE('',#2512,#2511);
#2514=DIRECTION('',(1.776356839400E-14,0.E0,1.E0));
#2515=VECTOR('',#2514,4.E-1);
#2516=CARTESIAN_POINT('',(1.680492684131E1,-5.423416370607E0,-2.02E1));
#2517=LINE('',#2516,#2515);
#2518=DIRECTION('',(0.E0,0.E0,1.E0));
#2519=VECTOR('',#2518,4.E-1);
#2520=CARTESIAN_POINT('',(1.690878842194E1,-5.529487708879E0,-2.02E1));
#2521=LINE('',#2520,#2519);
#2522=DIRECTION('',(0.E0,0.E0,1.E0));
#2523=VECTOR('',#2522,4.E-1);
#2524=CARTESIAN_POINT('',(1.693475377995E1,-5.635559047151E0,-2.02E1));
#2525=LINE('',#2524,#2523);
#2526=DIRECTION('',(0.E0,0.E0,1.E0));
#2527=VECTOR('',#2526,4.E-1);
#2528=CARTESIAN_POINT('',(1.693475377995E1,-5.688594790574E0,-2.02E1));
#2529=LINE('',#2528,#2527);
#2530=DIRECTION('',(0.E0,0.E0,1.E0));
#2531=VECTOR('',#2530,4.E-1);
#2532=CARTESIAN_POINT('',(1.690878842194E1,-5.794666128846E0,-2.02E1));
#2533=LINE('',#2532,#2531);
#2534=DIRECTION('',(0.E0,0.E0,1.E0));
#2535=VECTOR('',#2534,4.E-1);
#2536=CARTESIAN_POINT('',(1.685685763162E1,-5.874219632550E0,-2.02E1));
#2537=LINE('',#2536,#2535);
#2538=DIRECTION('',(0.E0,0.E0,1.E0));
#2539=VECTOR('',#2538,4.E-1);
#2540=CARTESIAN_POINT('',(1.620772306840E1,-6.457612048762E0,-2.02E1));
#2541=LINE('',#2540,#2539);
#2542=DIRECTION('',(0.E0,0.E0,1.E0));
#2543=VECTOR('',#2542,4.E-1);
#2544=CARTESIAN_POINT('',(1.693475377995E1,-6.457612048762E0,-2.02E1));
#2545=LINE('',#2544,#2543);
#2546=DIRECTION('',(0.E0,0.E0,1.E0));
#2547=VECTOR('',#2546,4.E-1);
#2548=CARTESIAN_POINT('',(1.693475377995E1,-6.590201240174E0,-2.02E1));
#2549=LINE('',#2548,#2547);
#2550=DIRECTION('',(0.E0,0.E0,1.E0));
#2551=VECTOR('',#2550,4.E-1);
#2552=CARTESIAN_POINT('',(1.6E1,-6.590201240174E0,-2.02E1));
#2553=LINE('',#2552,#2551);
#2554=DIRECTION('',(0.E0,0.E0,1.E0));
#2555=VECTOR('',#2554,4.E-1);
#2556=CARTESIAN_POINT('',(1.6E1,-6.457612048762E0,-2.02E1));
#2557=LINE('',#2556,#2555);
#2558=DIRECTION('',(0.E0,0.E0,1.E0));
#2559=VECTOR('',#2558,4.E-1);
#2560=CARTESIAN_POINT('',(1.672703069298E1,-5.794666128846E0,-2.02E1));
#2561=LINE('',#2560,#2559);
#2562=DIRECTION('',(0.E0,0.E0,1.E0));
#2563=VECTOR('',#2562,4.E-1);
#2564=CARTESIAN_POINT('',(1.677896148329E1,-5.688594790574E0,-2.02E1));
#2565=LINE('',#2564,#2563);
#2566=DIRECTION('',(0.E0,0.E0,1.E0));
#2567=VECTOR('',#2566,4.E-1);
#2568=CARTESIAN_POINT('',(1.677896148329E1,-5.635559047151E0,-2.02E1));
#2569=LINE('',#2568,#2567);
#2570=DIRECTION('',(0.E0,0.E0,1.E0));
#2571=VECTOR('',#2570,4.E-1);
#2572=CARTESIAN_POINT('',(1.672703069298E1,-5.556005543447E0,-2.02E1));
#2573=LINE('',#2572,#2571);
#2574=DIRECTION('',(0.E0,0.E0,1.E0));
#2575=VECTOR('',#2574,4.E-1);
#2576=CARTESIAN_POINT('',(1.664913454465E1,-5.502969874311E0,-2.02E1));
#2577=LINE('',#2576,#2575);
#2578=DIRECTION('',(0.E0,0.E0,1.E0));
#2579=VECTOR('',#2578,4.E-1);
#2580=CARTESIAN_POINT('',(1.651930764315E1,-5.476452039743E0,-2.02E1));
#2581=LINE('',#2580,#2579);
#2582=DIRECTION('',(0.E0,0.E0,1.E0));
#2583=VECTOR('',#2582,4.E-1);
#2584=CARTESIAN_POINT('',(1.641544613680E1,-5.476452039743E0,-2.02E1));
#2585=LINE('',#2584,#2583);
#2586=DIRECTION('',(0.E0,0.E0,1.E0));
#2587=VECTOR('',#2586,4.E-1);
#2588=CARTESIAN_POINT('',(1.628561921673E1,-5.502969874311E0,-2.02E1));
#2589=LINE('',#2588,#2587);
#2590=DIRECTION('',(0.E0,0.E0,1.E0));
#2591=VECTOR('',#2590,4.E-1);
#2592=CARTESIAN_POINT('',(1.620772306840E1,-5.556005543447E0,-2.02E1));
#2593=LINE('',#2592,#2591);
#2594=DIRECTION('',(0.E0,0.E0,1.E0));
#2595=VECTOR('',#2594,7.525E0);
#2596=CARTESIAN_POINT('',(-1.335E1,4.000000000001E0,-2.E1));
#2597=LINE('',#2596,#2595);
#2598=DIRECTION('',(0.E0,0.E0,1.E0));
#2599=VECTOR('',#2598,7.525E0);
#2600=CARTESIAN_POINT('',(-1.465E1,4.000000000001E0,-2.E1));
#2601=LINE('',#2600,#2599);
#2602=CARTESIAN_POINT('',(-1.4E1,4.000000000001E0,-1.2475E1));
#2603=DIRECTION('',(0.E0,0.E0,1.E0));
#2604=DIRECTION('',(1.E0,0.E0,0.E0));
#2605=AXIS2_PLACEMENT_3D('',#2602,#2603,#2604);
#2607=CARTESIAN_POINT('',(-1.4E1,4.000000000001E0,-1.2475E1));
#2608=DIRECTION('',(0.E0,0.E0,1.E0));
#2609=DIRECTION('',(-1.E0,0.E0,0.E0));
#2610=AXIS2_PLACEMENT_3D('',#2607,#2608,#2609);
#2612=CARTESIAN_POINT('',(-1.2E1,1.077689183250E-14,-1.2475E1));
#2613=DIRECTION('',(0.E0,0.E0,1.E0));
#2614=DIRECTION('',(1.E0,0.E0,0.E0));
#2615=AXIS2_PLACEMENT_3D('',#2612,#2613,#2614);
#2617=CARTESIAN_POINT('',(-1.2E1,1.077689183250E-14,-1.2475E1));
#2618=DIRECTION('',(0.E0,0.E0,1.E0));
#2619=DIRECTION('',(-1.E0,0.E0,0.E0));
#2620=AXIS2_PLACEMENT_3D('',#2617,#2618,#2619);
#2622=CARTESIAN_POINT('',(-1.4E1,-4.000000000001E0,-1.2475E1));
#2623=DIRECTION('',(0.E0,0.E0,1.E0));
#2624=DIRECTION('',(1.E0,0.E0,0.E0));
#2625=AXIS2_PLACEMENT_3D('',#2622,#2623,#2624);
#2627=CARTESIAN_POINT('',(-1.4E1,-4.000000000001E0,-1.2475E1));
#2628=DIRECTION('',(0.E0,0.E0,1.E0));
#2629=DIRECTION('',(-1.E0,0.E0,0.E0));
#2630=AXIS2_PLACEMENT_3D('',#2627,#2628,#2629);
#2632=CARTESIAN_POINT('',(-1.E1,-4.000000000001E0,-1.2475E1));
#2633=DIRECTION('',(0.E0,0.E0,1.E0));
#2634=DIRECTION('',(1.E0,0.E0,0.E0));
#2635=AXIS2_PLACEMENT_3D('',#2632,#2633,#2634);
#2637=CARTESIAN_POINT('',(-1.E1,-4.000000000001E0,-1.2475E1));
#2638=DIRECTION('',(0.E0,0.E0,1.E0));
#2639=DIRECTION('',(-1.E0,0.E0,0.E0));
#2640=AXIS2_PLACEMENT_3D('',#2637,#2638,#2639);
#2642=CARTESIAN_POINT('',(-8.E0,1.126675055216E-14,-1.2475E1));
#2643=DIRECTION('',(0.E0,0.E0,1.E0));
#2644=DIRECTION('',(1.E0,0.E0,0.E0));
#2645=AXIS2_PLACEMENT_3D('',#2642,#2643,#2644);
#2647=CARTESIAN_POINT('',(-8.E0,1.126675055216E-14,-1.2475E1));
#2648=DIRECTION('',(0.E0,0.E0,1.E0));
#2649=DIRECTION('',(-1.E0,0.E0,0.E0));
#2650=AXIS2_PLACEMENT_3D('',#2647,#2648,#2649);
#2652=CARTESIAN_POINT('',(-1.E1,4.000000000001E0,-1.2475E1));
#2653=DIRECTION('',(0.E0,0.E0,1.E0));
#2654=DIRECTION('',(1.E0,0.E0,0.E0));
#2655=AXIS2_PLACEMENT_3D('',#2652,#2653,#2654);
#2657=CARTESIAN_POINT('',(-1.E1,4.000000000001E0,-1.2475E1));
#2658=DIRECTION('',(0.E0,0.E0,1.E0));
#2659=DIRECTION('',(-1.E0,0.E0,0.E0));
#2660=AXIS2_PLACEMENT_3D('',#2657,#2658,#2659);
#2662=CARTESIAN_POINT('',(-6.E0,4.000000000001E0,-1.2475E1));
#2663=DIRECTION('',(0.E0,0.E0,1.E0));
#2664=DIRECTION('',(1.E0,0.E0,0.E0));
#2665=AXIS2_PLACEMENT_3D('',#2662,#2663,#2664);
#2667=CARTESIAN_POINT('',(-6.E0,4.000000000001E0,-1.2475E1));
#2668=DIRECTION('',(0.E0,0.E0,1.E0));
#2669=DIRECTION('',(-1.E0,0.E0,0.E0));
#2670=AXIS2_PLACEMENT_3D('',#2667,#2668,#2669);
#2672=CARTESIAN_POINT('',(-4.E0,1.175660927181E-14,-1.2475E1));
#2673=DIRECTION('',(0.E0,0.E0,1.E0));
#2674=DIRECTION('',(1.E0,0.E0,0.E0));
#2675=AXIS2_PLACEMENT_3D('',#2672,#2673,#2674);
#2677=CARTESIAN_POINT('',(-4.E0,1.175660927181E-14,-1.2475E1));
#2678=DIRECTION('',(0.E0,0.E0,1.E0));
#2679=DIRECTION('',(-1.E0,0.E0,0.E0));
#2680=AXIS2_PLACEMENT_3D('',#2677,#2678,#2679);
#2682=CARTESIAN_POINT('',(-6.E0,-4.000000000001E0,-1.2475E1));
#2683=DIRECTION('',(0.E0,0.E0,1.E0));
#2684=DIRECTION('',(1.E0,0.E0,0.E0));
#2685=AXIS2_PLACEMENT_3D('',#2682,#2683,#2684);
#2687=CARTESIAN_POINT('',(-6.E0,-4.000000000001E0,-1.2475E1));
#2688=DIRECTION('',(0.E0,0.E0,1.E0));
#2689=DIRECTION('',(-1.E0,0.E0,0.E0));
#2690=AXIS2_PLACEMENT_3D('',#2687,#2688,#2689);
#2692=CARTESIAN_POINT('',(-2.E0,-4.000000000001E0,-1.2475E1));
#2693=DIRECTION('',(0.E0,0.E0,1.E0));
#2694=DIRECTION('',(1.E0,0.E0,0.E0));
#2695=AXIS2_PLACEMENT_3D('',#2692,#2693,#2694);
#2697=CARTESIAN_POINT('',(-2.E0,-4.000000000001E0,-1.2475E1));
#2698=DIRECTION('',(0.E0,0.E0,1.E0));
#2699=DIRECTION('',(-1.E0,0.E0,0.E0));
#2700=AXIS2_PLACEMENT_3D('',#2697,#2698,#2699);
#2702=CARTESIAN_POINT('',(0.E0,1.224646799147E-14,-1.2475E1));
#2703=DIRECTION('',(0.E0,0.E0,1.E0));
#2704=DIRECTION('',(1.E0,0.E0,0.E0));
#2705=AXIS2_PLACEMENT_3D('',#2702,#2703,#2704);
#2707=CARTESIAN_POINT('',(0.E0,1.224646799147E-14,-1.2475E1));
#2708=DIRECTION('',(0.E0,0.E0,1.E0));
#2709=DIRECTION('',(-1.E0,0.E0,0.E0));
#2710=AXIS2_PLACEMENT_3D('',#2707,#2708,#2709);
#2712=CARTESIAN_POINT('',(-2.E0,4.000000000001E0,-1.2475E1));
#2713=DIRECTION('',(0.E0,0.E0,1.E0));
#2714=DIRECTION('',(1.E0,0.E0,0.E0));
#2715=AXIS2_PLACEMENT_3D('',#2712,#2713,#2714);
#2717=CARTESIAN_POINT('',(-2.E0,4.000000000001E0,-1.2475E1));
#2718=DIRECTION('',(0.E0,0.E0,1.E0));
#2719=DIRECTION('',(-1.E0,0.E0,0.E0));
#2720=AXIS2_PLACEMENT_3D('',#2717,#2718,#2719);
#2722=CARTESIAN_POINT('',(2.E0,4.000000000001E0,-1.2475E1));
#2723=DIRECTION('',(0.E0,0.E0,1.E0));
#2724=DIRECTION('',(1.E0,0.E0,0.E0));
#2725=AXIS2_PLACEMENT_3D('',#2722,#2723,#2724);
#2727=CARTESIAN_POINT('',(2.E0,4.000000000001E0,-1.2475E1));
#2728=DIRECTION('',(0.E0,0.E0,1.E0));
#2729=DIRECTION('',(-1.E0,0.E0,0.E0));
#2730=AXIS2_PLACEMENT_3D('',#2727,#2728,#2729);
#2732=CARTESIAN_POINT('',(4.E0,1.175660927181E-14,-1.2475E1));
#2733=DIRECTION('',(0.E0,0.E0,1.E0));
#2734=DIRECTION('',(1.E0,0.E0,0.E0));
#2735=AXIS2_PLACEMENT_3D('',#2732,#2733,#2734);
#2737=CARTESIAN_POINT('',(4.E0,1.175660927181E-14,-1.2475E1));
#2738=DIRECTION('',(0.E0,0.E0,1.E0));
#2739=DIRECTION('',(-1.E0,0.E0,0.E0));
#2740=AXIS2_PLACEMENT_3D('',#2737,#2738,#2739);
#2742=CARTESIAN_POINT('',(2.E0,-4.000000000001E0,-1.2475E1));
#2743=DIRECTION('',(0.E0,0.E0,1.E0));
#2744=DIRECTION('',(1.E0,0.E0,0.E0));
#2745=AXIS2_PLACEMENT_3D('',#2742,#2743,#2744);
#2747=CARTESIAN_POINT('',(2.E0,-4.000000000001E0,-1.2475E1));
#2748=DIRECTION('',(0.E0,0.E0,1.E0));
#2749=DIRECTION('',(-1.E0,0.E0,0.E0));
#2750=AXIS2_PLACEMENT_3D('',#2747,#2748,#2749);
#2752=CARTESIAN_POINT('',(6.E0,-4.000000000001E0,-1.2475E1));
#2753=DIRECTION('',(0.E0,0.E0,1.E0));
#2754=DIRECTION('',(1.E0,0.E0,0.E0));
#2755=AXIS2_PLACEMENT_3D('',#2752,#2753,#2754);
#2757=CARTESIAN_POINT('',(6.E0,-4.000000000001E0,-1.2475E1));
#2758=DIRECTION('',(0.E0,0.E0,1.E0));
#2759=DIRECTION('',(-1.E0,0.E0,0.E0));
#2760=AXIS2_PLACEMENT_3D('',#2757,#2758,#2759);
#2762=CARTESIAN_POINT('',(8.E0,1.126675055216E-14,-1.2475E1));
#2763=DIRECTION('',(0.E0,0.E0,1.E0));
#2764=DIRECTION('',(1.E0,0.E0,0.E0));
#2765=AXIS2_PLACEMENT_3D('',#2762,#2763,#2764);
#2767=CARTESIAN_POINT('',(8.E0,1.126675055216E-14,-1.2475E1));
#2768=DIRECTION('',(0.E0,0.E0,1.E0));
#2769=DIRECTION('',(-1.E0,0.E0,0.E0));
#2770=AXIS2_PLACEMENT_3D('',#2767,#2768,#2769);
#2772=CARTESIAN_POINT('',(6.E0,4.000000000001E0,-1.2475E1));
#2773=DIRECTION('',(0.E0,0.E0,1.E0));
#2774=DIRECTION('',(1.E0,0.E0,0.E0));
#2775=AXIS2_PLACEMENT_3D('',#2772,#2773,#2774);
#2777=CARTESIAN_POINT('',(6.E0,4.000000000001E0,-1.2475E1));
#2778=DIRECTION('',(0.E0,0.E0,1.E0));
#2779=DIRECTION('',(-1.E0,0.E0,0.E0));
#2780=AXIS2_PLACEMENT_3D('',#2777,#2778,#2779);
#2782=CARTESIAN_POINT('',(1.E1,4.000000000001E0,-1.2475E1));
#2783=DIRECTION('',(0.E0,0.E0,1.E0));
#2784=DIRECTION('',(1.E0,0.E0,0.E0));
#2785=AXIS2_PLACEMENT_3D('',#2782,#2783,#2784);
#2787=CARTESIAN_POINT('',(1.E1,4.000000000001E0,-1.2475E1));
#2788=DIRECTION('',(0.E0,0.E0,1.E0));
#2789=DIRECTION('',(-1.E0,0.E0,0.E0));
#2790=AXIS2_PLACEMENT_3D('',#2787,#2788,#2789);
#2792=CARTESIAN_POINT('',(1.4E1,4.000000000001E0,-1.2475E1));
#2793=DIRECTION('',(0.E0,0.E0,1.E0));
#2794=DIRECTION('',(1.E0,0.E0,0.E0));
#2795=AXIS2_PLACEMENT_3D('',#2792,#2793,#2794);
#2797=CARTESIAN_POINT('',(1.4E1,4.000000000001E0,-1.2475E1));
#2798=DIRECTION('',(0.E0,0.E0,1.E0));
#2799=DIRECTION('',(-1.E0,0.E0,0.E0));
#2800=AXIS2_PLACEMENT_3D('',#2797,#2798,#2799);
#2802=CARTESIAN_POINT('',(1.2E1,1.077689183250E-14,-1.2475E1));
#2803=DIRECTION('',(0.E0,0.E0,1.E0));
#2804=DIRECTION('',(1.E0,0.E0,0.E0));
#2805=AXIS2_PLACEMENT_3D('',#2802,#2803,#2804);
#2807=CARTESIAN_POINT('',(1.2E1,1.077689183250E-14,-1.2475E1));
#2808=DIRECTION('',(0.E0,0.E0,1.E0));
#2809=DIRECTION('',(-1.E0,0.E0,0.E0));
#2810=AXIS2_PLACEMENT_3D('',#2807,#2808,#2809);
#2812=CARTESIAN_POINT('',(1.E1,-4.000000000001E0,-1.2475E1));
#2813=DIRECTION('',(0.E0,0.E0,1.E0));
#2814=DIRECTION('',(1.E0,0.E0,0.E0));
#2815=AXIS2_PLACEMENT_3D('',#2812,#2813,#2814);
#2817=CARTESIAN_POINT('',(1.E1,-4.000000000001E0,-1.2475E1));
#2818=DIRECTION('',(0.E0,0.E0,1.E0));
#2819=DIRECTION('',(-1.E0,0.E0,0.E0));
#2820=AXIS2_PLACEMENT_3D('',#2817,#2818,#2819);
#2822=CARTESIAN_POINT('',(1.4E1,-4.000000000001E0,-1.2475E1));
#2823=DIRECTION('',(0.E0,0.E0,1.E0));
#2824=DIRECTION('',(1.E0,0.E0,0.E0));
#2825=AXIS2_PLACEMENT_3D('',#2822,#2823,#2824);
#2827=CARTESIAN_POINT('',(1.4E1,-4.000000000001E0,-1.2475E1));
#2828=DIRECTION('',(0.E0,0.E0,1.E0));
#2829=DIRECTION('',(-1.E0,0.E0,0.E0));
#2830=AXIS2_PLACEMENT_3D('',#2827,#2828,#2829);
#2832=DIRECTION('',(0.E0,0.E0,1.E0));
#2833=VECTOR('',#2832,7.525E0);
#2834=CARTESIAN_POINT('',(-1.135E1,1.069728979055E-14,-2.E1));
#2835=LINE('',#2834,#2833);
#2836=DIRECTION('',(0.E0,0.E0,1.E0));
#2837=VECTOR('',#2836,7.525E0);
#2838=CARTESIAN_POINT('',(-1.265E1,1.085649387444E-14,-2.E1));
#2839=LINE('',#2838,#2837);
#2840=DIRECTION('',(0.E0,0.E0,1.E0));
#2841=VECTOR('',#2840,7.525E0);
#2842=CARTESIAN_POINT('',(-1.335E1,-4.000000000001E0,-2.E1));
#2843=LINE('',#2842,#2841);
#2844=DIRECTION('',(0.E0,0.E0,1.E0));
#2845=VECTOR('',#2844,7.525E0);
#2846=CARTESIAN_POINT('',(-1.465E1,-4.000000000001E0,-2.E1));
#2847=LINE('',#2846,#2845);
#2848=DIRECTION('',(0.E0,0.E0,1.E0));
#2849=VECTOR('',#2848,7.525E0);
#2850=CARTESIAN_POINT('',(-9.35E0,-4.000000000001E0,-2.E1));
#2851=LINE('',#2850,#2849);
#2852=DIRECTION('',(0.E0,0.E0,1.E0));
#2853=VECTOR('',#2852,7.525E0);
#2854=CARTESIAN_POINT('',(-1.065E1,-4.000000000001E0,-2.E1));
#2855=LINE('',#2854,#2853);
#2856=DIRECTION('',(0.E0,0.E0,1.E0));
#2857=VECTOR('',#2856,7.525E0);
#2858=CARTESIAN_POINT('',(-7.35E0,1.118714851021E-14,-2.E1));
#2859=LINE('',#2858,#2857);
#2860=DIRECTION('',(0.E0,0.E0,1.E0));
#2861=VECTOR('',#2860,7.525E0);
#2862=CARTESIAN_POINT('',(-8.65E0,1.134635259410E-14,-2.E1));
#2863=LINE('',#2862,#2861);
#2864=DIRECTION('',(0.E0,0.E0,1.E0));
#2865=VECTOR('',#2864,7.525E0);
#2866=CARTESIAN_POINT('',(-9.35E0,4.000000000001E0,-2.E1));
#2867=LINE('',#2866,#2865);
#2868=DIRECTION('',(0.E0,0.E0,1.E0));
#2869=VECTOR('',#2868,7.525E0);
#2870=CARTESIAN_POINT('',(-1.065E1,4.000000000001E0,-2.E1));
#2871=LINE('',#2870,#2869);
#2872=DIRECTION('',(0.E0,0.E0,1.E0));
#2873=VECTOR('',#2872,7.525E0);
#2874=CARTESIAN_POINT('',(-5.35E0,4.000000000001E0,-2.E1));
#2875=LINE('',#2874,#2873);
#2876=DIRECTION('',(0.E0,0.E0,1.E0));
#2877=VECTOR('',#2876,7.525E0);
#2878=CARTESIAN_POINT('',(-6.65E0,4.000000000001E0,-2.E1));
#2879=LINE('',#2878,#2877);
#2880=DIRECTION('',(0.E0,0.E0,1.E0));
#2881=VECTOR('',#2880,7.525E0);
#2882=CARTESIAN_POINT('',(-3.35E0,1.167700722987E-14,-2.E1));
#2883=LINE('',#2882,#2881);
#2884=DIRECTION('',(0.E0,0.E0,1.E0));
#2885=VECTOR('',#2884,7.525E0);
#2886=CARTESIAN_POINT('',(-4.65E0,1.183621131376E-14,-2.E1));
#2887=LINE('',#2886,#2885);
#2888=DIRECTION('',(0.E0,0.E0,1.E0));
#2889=VECTOR('',#2888,7.525E0);
#2890=CARTESIAN_POINT('',(-5.35E0,-4.000000000001E0,-2.E1));
#2891=LINE('',#2890,#2889);
#2892=DIRECTION('',(0.E0,0.E0,1.E0));
#2893=VECTOR('',#2892,7.525E0);
#2894=CARTESIAN_POINT('',(-6.65E0,-4.000000000001E0,-2.E1));
#2895=LINE('',#2894,#2893);
#2896=DIRECTION('',(0.E0,0.E0,1.E0));
#2897=VECTOR('',#2896,7.525E0);
#2898=CARTESIAN_POINT('',(-1.35E0,-4.000000000001E0,-2.E1));
#2899=LINE('',#2898,#2897);
#2900=DIRECTION('',(0.E0,0.E0,1.E0));
#2901=VECTOR('',#2900,7.525E0);
#2902=CARTESIAN_POINT('',(-2.65E0,-4.000000000001E0,-2.E1));
#2903=LINE('',#2902,#2901);
#2904=DIRECTION('',(0.E0,0.E0,1.E0));
#2905=VECTOR('',#2904,7.525E0);
#2906=CARTESIAN_POINT('',(6.5E-1,1.216686594953E-14,-2.E1));
#2907=LINE('',#2906,#2905);
#2908=DIRECTION('',(0.E0,0.E0,1.E0));
#2909=VECTOR('',#2908,7.525E0);
#2910=CARTESIAN_POINT('',(-6.5E-1,1.232607003342E-14,-2.E1));
#2911=LINE('',#2910,#2909);
#2912=DIRECTION('',(0.E0,0.E0,1.E0));
#2913=VECTOR('',#2912,7.525E0);
#2914=CARTESIAN_POINT('',(-1.35E0,4.000000000001E0,-2.E1));
#2915=LINE('',#2914,#2913);
#2916=DIRECTION('',(0.E0,0.E0,1.E0));
#2917=VECTOR('',#2916,7.525E0);
#2918=CARTESIAN_POINT('',(-2.65E0,4.000000000001E0,-2.E1));
#2919=LINE('',#2918,#2917);
#2920=DIRECTION('',(0.E0,0.E0,1.E0));
#2921=VECTOR('',#2920,7.525E0);
#2922=CARTESIAN_POINT('',(2.65E0,4.000000000001E0,-2.E1));
#2923=LINE('',#2922,#2921);
#2924=DIRECTION('',(0.E0,0.E0,1.E0));
#2925=VECTOR('',#2924,7.525E0);
#2926=CARTESIAN_POINT('',(1.35E0,4.000000000001E0,-2.E1));
#2927=LINE('',#2926,#2925);
#2928=DIRECTION('',(0.E0,0.E0,1.E0));
#2929=VECTOR('',#2928,7.525E0);
#2930=CARTESIAN_POINT('',(4.65E0,1.167700722987E-14,-2.E1));
#2931=LINE('',#2930,#2929);
#2932=DIRECTION('',(0.E0,0.E0,1.E0));
#2933=VECTOR('',#2932,7.525E0);
#2934=CARTESIAN_POINT('',(3.35E0,1.183621131376E-14,-2.E1));
#2935=LINE('',#2934,#2933);
#2936=DIRECTION('',(0.E0,0.E0,1.E0));
#2937=VECTOR('',#2936,7.525E0);
#2938=CARTESIAN_POINT('',(2.65E0,-4.000000000001E0,-2.E1));
#2939=LINE('',#2938,#2937);
#2940=DIRECTION('',(0.E0,0.E0,1.E0));
#2941=VECTOR('',#2940,7.525E0);
#2942=CARTESIAN_POINT('',(1.35E0,-4.000000000001E0,-2.E1));
#2943=LINE('',#2942,#2941);
#2944=DIRECTION('',(0.E0,0.E0,1.E0));
#2945=VECTOR('',#2944,7.525E0);
#2946=CARTESIAN_POINT('',(6.65E0,-4.000000000001E0,-2.E1));
#2947=LINE('',#2946,#2945);
#2948=DIRECTION('',(0.E0,0.E0,1.E0));
#2949=VECTOR('',#2948,7.525E0);
#2950=CARTESIAN_POINT('',(5.35E0,-4.000000000001E0,-2.E1));
#2951=LINE('',#2950,#2949);
#2952=DIRECTION('',(0.E0,0.E0,1.E0));
#2953=VECTOR('',#2952,7.525E0);
#2954=CARTESIAN_POINT('',(8.65E0,1.118714851021E-14,-2.E1));
#2955=LINE('',#2954,#2953);
#2956=DIRECTION('',(0.E0,0.E0,1.E0));
#2957=VECTOR('',#2956,7.525E0);
#2958=CARTESIAN_POINT('',(7.35E0,1.134635259410E-14,-2.E1));
#2959=LINE('',#2958,#2957);
#2960=DIRECTION('',(0.E0,0.E0,1.E0));
#2961=VECTOR('',#2960,7.525E0);
#2962=CARTESIAN_POINT('',(6.65E0,4.000000000001E0,-2.E1));
#2963=LINE('',#2962,#2961);
#2964=DIRECTION('',(0.E0,0.E0,1.E0));
#2965=VECTOR('',#2964,7.525E0);
#2966=CARTESIAN_POINT('',(5.35E0,4.000000000001E0,-2.E1));
#2967=LINE('',#2966,#2965);
#2968=DIRECTION('',(0.E0,0.E0,1.E0));
#2969=VECTOR('',#2968,7.525E0);
#2970=CARTESIAN_POINT('',(1.065E1,4.000000000001E0,-2.E1));
#2971=LINE('',#2970,#2969);
#2972=DIRECTION('',(0.E0,0.E0,1.E0));
#2973=VECTOR('',#2972,7.525E0);
#2974=CARTESIAN_POINT('',(9.35E0,4.000000000001E0,-2.E1));
#2975=LINE('',#2974,#2973);
#2976=DIRECTION('',(0.E0,0.E0,1.E0));
#2977=VECTOR('',#2976,7.525E0);
#2978=CARTESIAN_POINT('',(1.465E1,4.000000000001E0,-2.E1));
#2979=LINE('',#2978,#2977);
#2980=DIRECTION('',(0.E0,0.E0,1.E0));
#2981=VECTOR('',#2980,7.525E0);
#2982=CARTESIAN_POINT('',(1.335E1,4.000000000001E0,-2.E1));
#2983=LINE('',#2982,#2981);
#2984=DIRECTION('',(0.E0,0.E0,1.E0));
#2985=VECTOR('',#2984,7.525E0);
#2986=CARTESIAN_POINT('',(1.265E1,1.069728979055E-14,-2.E1));
#2987=LINE('',#2986,#2985);
#2988=DIRECTION('',(0.E0,0.E0,1.E0));
#2989=VECTOR('',#2988,7.525E0);
#2990=CARTESIAN_POINT('',(1.135E1,1.085649387444E-14,-2.E1));
#2991=LINE('',#2990,#2989);
#2992=DIRECTION('',(0.E0,0.E0,1.E0));
#2993=VECTOR('',#2992,7.525E0);
#2994=CARTESIAN_POINT('',(1.065E1,-4.000000000001E0,-2.E1));
#2995=LINE('',#2994,#2993);
#2996=DIRECTION('',(0.E0,0.E0,1.E0));
#2997=VECTOR('',#2996,7.525E0);
#2998=CARTESIAN_POINT('',(9.35E0,-4.000000000001E0,-2.E1));
#2999=LINE('',#2998,#2997);
#3000=DIRECTION('',(0.E0,0.E0,1.E0));
#3001=VECTOR('',#3000,7.525E0);
#3002=CARTESIAN_POINT('',(1.465E1,-4.000000000001E0,-2.E1));
#3003=LINE('',#3002,#3001);
#3004=DIRECTION('',(0.E0,0.E0,1.E0));
#3005=VECTOR('',#3004,7.525E0);
#3006=CARTESIAN_POINT('',(1.335E1,-4.000000000001E0,-2.E1));
#3007=LINE('',#3006,#3005);
#3008=DIRECTION('',(0.E0,-1.E0,0.E0));
#3009=VECTOR('',#3008,1.100000003607E0);
#3010=CARTESIAN_POINT('',(-9.25E0,1.02E1,-1.01E1));
#3011=LINE('',#3010,#3009);
#3012=DIRECTION('',(0.E0,3.643471158895E-10,-1.E0));
#3013=VECTOR('',#3012,9.9E0);
#3014=CARTESIAN_POINT('',(-9.25E0,9.099999996393E0,-1.01E1));
#3015=LINE('',#3014,#3013);
#3016=CARTESIAN_POINT('',(-9.25E0,1.02E1,-9.9E0));
#3017=DIRECTION('',(1.E0,0.E0,0.E0));
#3018=DIRECTION('',(0.E0,0.E0,-1.E0));
#3019=AXIS2_PLACEMENT_3D('',#3016,#3017,#3018);
#3021=CARTESIAN_POINT('',(-9.15E0,9.1E0,-1.01E1));
#3022=DIRECTION('',(0.E0,-1.E0,0.E0));
#3023=DIRECTION('',(0.E0,0.E0,1.E0));
#3024=AXIS2_PLACEMENT_3D('',#3021,#3022,#3023);
#3026=CARTESIAN_POINT('',(-8.35E0,9.1E0,-1.01E1));
#3027=DIRECTION('',(0.E0,1.E0,0.E0));
#3028=DIRECTION('',(0.E0,0.E0,1.E0));
#3029=AXIS2_PLACEMENT_3D('',#3026,#3027,#3028);
#3031=DIRECTION('',(0.E0,1.E0,0.E0));
#3032=VECTOR('',#3031,1.100000006424E0);
#3033=CARTESIAN_POINT('',(-8.25E0,9.099999993576E0,-1.01E1));
#3034=LINE('',#3033,#3032);
#3035=CARTESIAN_POINT('',(-8.25E0,1.02E1,-9.9E0));
#3036=DIRECTION('',(1.E0,0.E0,0.E0));
#3037=DIRECTION('',(0.E0,0.E0,-1.E0));
#3038=AXIS2_PLACEMENT_3D('',#3035,#3036,#3037);
#3040=DIRECTION('',(0.E0,6.489140986619E-10,-1.E0));
#3041=VECTOR('',#3040,9.9E0);
#3042=CARTESIAN_POINT('',(-8.25E0,9.099999993576E0,-1.01E1));
#3043=LINE('',#3042,#3041);
#3044=CARTESIAN_POINT('',(-8.35E0,1.02E1,-1.01E1));
#3045=DIRECTION('',(0.E0,1.E0,-1.698641227676E-14));
#3046=DIRECTION('',(0.E0,1.776356839400E-14,1.E0));
#3047=AXIS2_PLACEMENT_3D('',#3044,#3045,#3046);
#3049=CARTESIAN_POINT('',(-8.35E0,1.02E1,-9.9E0));
#3050=DIRECTION('',(-1.E0,0.E0,0.E0));
#3051=DIRECTION('',(0.E0,1.E0,0.E0));
#3052=AXIS2_PLACEMENT_3D('',#3049,#3050,#3051);
#3054=CARTESIAN_POINT('',(-9.15E0,1.02E1,-9.9E0));
#3055=DIRECTION('',(1.E0,0.E0,0.E0));
#3056=DIRECTION('',(0.E0,0.E0,-1.E0));
#3057=AXIS2_PLACEMENT_3D('',#3054,#3055,#3056);
#3059=CARTESIAN_POINT('',(-9.15E0,1.02E1,-1.01E1));
#3060=DIRECTION('',(0.E0,1.E0,-2.331468351713E-14));
#3061=DIRECTION('',(-1.E0,0.E0,0.E0));
#3062=AXIS2_PLACEMENT_3D('',#3059,#3060,#3061);
#3064=CARTESIAN_POINT('',(-8.75E0,9.1E0,-1.01E1));
#3065=DIRECTION('',(0.E0,0.E0,1.E0));
#3066=DIRECTION('',(-1.E0,0.E0,0.E0));
#3067=AXIS2_PLACEMENT_3D('',#3064,#3065,#3066);
#3069=CARTESIAN_POINT('',(-8.75E0,9.1E0,-2.E1));
#3070=DIRECTION('',(0.E0,0.E0,-1.E0));
#3071=DIRECTION('',(1.E0,0.E0,0.E0));
#3072=AXIS2_PLACEMENT_3D('',#3069,#3070,#3071);
#3074=DIRECTION('',(0.E0,-1.E0,0.E0));
#3075=VECTOR('',#3074,1.100000003607E0);
#3076=CARTESIAN_POINT('',(-5.75E0,1.02E1,-1.01E1));
#3077=LINE('',#3076,#3075);
#3078=DIRECTION('',(0.E0,3.643471158895E-10,-1.E0));
#3079=VECTOR('',#3078,9.9E0);
#3080=CARTESIAN_POINT('',(-5.75E0,9.099999996393E0,-1.01E1));
#3081=LINE('',#3080,#3079);
#3082=CARTESIAN_POINT('',(-5.75E0,1.02E1,-9.9E0));
#3083=DIRECTION('',(1.E0,0.E0,0.E0));
#3084=DIRECTION('',(0.E0,0.E0,-1.E0));
#3085=AXIS2_PLACEMENT_3D('',#3082,#3083,#3084);
#3087=CARTESIAN_POINT('',(-5.65E0,9.1E0,-1.01E1));
#3088=DIRECTION('',(0.E0,-1.E0,0.E0));
#3089=DIRECTION('',(0.E0,0.E0,1.E0));
#3090=AXIS2_PLACEMENT_3D('',#3087,#3088,#3089);
#3092=CARTESIAN_POINT('',(-4.85E0,9.1E0,-1.01E1));
#3093=DIRECTION('',(0.E0,1.E0,0.E0));
#3094=DIRECTION('',(0.E0,0.E0,1.E0));
#3095=AXIS2_PLACEMENT_3D('',#3092,#3093,#3094);
#3097=DIRECTION('',(0.E0,1.E0,0.E0));
#3098=VECTOR('',#3097,1.100000006424E0);
#3099=CARTESIAN_POINT('',(-4.75E0,9.099999993576E0,-1.01E1));
#3100=LINE('',#3099,#3098);
#3101=CARTESIAN_POINT('',(-4.75E0,1.02E1,-9.9E0));
#3102=DIRECTION('',(1.E0,0.E0,0.E0));
#3103=DIRECTION('',(0.E0,0.E0,-1.E0));
#3104=AXIS2_PLACEMENT_3D('',#3101,#3102,#3103);
#3106=DIRECTION('',(0.E0,6.489140986619E-10,-1.E0));
#3107=VECTOR('',#3106,9.9E0);
#3108=CARTESIAN_POINT('',(-4.75E0,9.099999993576E0,-1.01E1));
#3109=LINE('',#3108,#3107);
#3110=CARTESIAN_POINT('',(-4.85E0,1.02E1,-1.01E1));
#3111=DIRECTION('',(0.E0,1.E0,-1.687538997430E-14));
#3112=DIRECTION('',(0.E0,1.776356839400E-14,1.E0));
#3113=AXIS2_PLACEMENT_3D('',#3110,#3111,#3112);
#3115=CARTESIAN_POINT('',(-4.85E0,1.02E1,-9.9E0));
#3116=DIRECTION('',(-1.E0,0.E0,0.E0));
#3117=DIRECTION('',(0.E0,1.E0,0.E0));
#3118=AXIS2_PLACEMENT_3D('',#3115,#3116,#3117);
#3120=CARTESIAN_POINT('',(-5.65E0,1.02E1,-9.9E0));
#3121=DIRECTION('',(1.E0,0.E0,0.E0));
#3122=DIRECTION('',(0.E0,0.E0,-1.E0));
#3123=AXIS2_PLACEMENT_3D('',#3120,#3121,#3122);
#3125=CARTESIAN_POINT('',(-5.65E0,1.02E1,-1.01E1));
#3126=DIRECTION('',(0.E0,1.E0,-2.314815006343E-14));
#3127=DIRECTION('',(-1.E0,0.E0,0.E0));
#3128=AXIS2_PLACEMENT_3D('',#3125,#3126,#3127);
#3130=CARTESIAN_POINT('',(-5.25E0,9.1E0,-1.01E1));
#3131=DIRECTION('',(0.E0,0.E0,1.E0));
#3132=DIRECTION('',(-1.E0,0.E0,0.E0));
#3133=AXIS2_PLACEMENT_3D('',#3130,#3131,#3132);
#3135=CARTESIAN_POINT('',(-5.25E0,9.1E0,-2.E1));
#3136=DIRECTION('',(0.E0,0.E0,-1.E0));
#3137=DIRECTION('',(1.E0,0.E0,0.E0));
#3138=AXIS2_PLACEMENT_3D('',#3135,#3136,#3137);
#3140=DIRECTION('',(0.E0,-1.E0,0.E0));
#3141=VECTOR('',#3140,2.125000007040E0);
#3142=CARTESIAN_POINT('',(-2.425E0,1.02E1,-1.01E1));
#3143=LINE('',#3142,#3141);
#3144=DIRECTION('',(0.E0,7.110668507427E-10,-1.E0));
#3145=VECTOR('',#3144,9.9E0);
#3146=CARTESIAN_POINT('',(-2.425E0,8.074999992960E0,-1.01E1));
#3147=LINE('',#3146,#3145);
#3148=CARTESIAN_POINT('',(-2.425E0,1.02E1,-9.9E0));
#3149=DIRECTION('',(1.E0,0.E0,0.E0));
#3150=DIRECTION('',(0.E0,0.E0,-1.E0));
#3151=AXIS2_PLACEMENT_3D('',#3148,#3149,#3150);
#3153=CARTESIAN_POINT('',(-2.325E0,8.075E0,-1.01E1));
#3154=DIRECTION('',(0.E0,-1.E0,0.E0));
#3155=DIRECTION('',(0.E0,0.E0,1.E0));
#3156=AXIS2_PLACEMENT_3D('',#3153,#3154,#3155);
#3158=CARTESIAN_POINT('',(-1.175E0,8.075E0,-1.01E1));
#3159=DIRECTION('',(0.E0,1.E0,0.E0));
#3160=DIRECTION('',(0.E0,0.E0,1.E0));
#3161=AXIS2_PLACEMENT_3D('',#3158,#3159,#3160);
#3163=DIRECTION('',(0.E0,1.E0,0.E0));
#3164=VECTOR('',#3163,2.125000001159E0);
#3165=CARTESIAN_POINT('',(-1.075E0,8.074999998841E0,-1.01E1));
#3166=LINE('',#3165,#3164);
#3167=CARTESIAN_POINT('',(-1.075E0,1.02E1,-9.9E0));
#3168=DIRECTION('',(1.E0,0.E0,0.E0));
#3169=DIRECTION('',(0.E0,0.E0,-1.E0));
#3170=AXIS2_PLACEMENT_3D('',#3167,#3168,#3169);
#3172=DIRECTION('',(0.E0,1.170707077857E-10,-1.E0));
#3173=VECTOR('',#3172,9.9E0);
#3174=CARTESIAN_POINT('',(-1.075E0,8.074999998841E0,-1.01E1));
#3175=LINE('',#3174,#3173);
#3176=CARTESIAN_POINT('',(-1.175E0,1.02E1,-1.01E1));
#3177=DIRECTION('',(0.E0,1.E0,0.E0));
#3178=DIRECTION('',(0.E0,0.E0,1.E0));
#3179=AXIS2_PLACEMENT_3D('',#3176,#3177,#3178);
#3181=CARTESIAN_POINT('',(-1.175E0,1.02E1,-9.9E0));
#3182=DIRECTION('',(-1.E0,0.E0,0.E0));
#3183=DIRECTION('',(0.E0,1.E0,0.E0));
#3184=AXIS2_PLACEMENT_3D('',#3181,#3182,#3183);
#3186=CARTESIAN_POINT('',(-2.325E0,1.02E1,-9.9E0));
#3187=DIRECTION('',(1.E0,0.E0,0.E0));
#3188=DIRECTION('',(0.E0,0.E0,-1.E0));
#3189=AXIS2_PLACEMENT_3D('',#3186,#3187,#3188);
#3191=CARTESIAN_POINT('',(-2.325E0,1.02E1,-1.01E1));
#3192=DIRECTION('',(0.E0,1.E0,2.897682094272E-14));
#3193=DIRECTION('',(-1.E0,0.E0,0.E0));
#3194=AXIS2_PLACEMENT_3D('',#3191,#3192,#3193);
#3196=CARTESIAN_POINT('',(-1.75E0,8.075E0,-1.01E1));
#3197=DIRECTION('',(0.E0,0.E0,1.E0));
#3198=DIRECTION('',(-1.E0,0.E0,0.E0));
#3199=AXIS2_PLACEMENT_3D('',#3196,#3197,#3198);
#3201=CARTESIAN_POINT('',(-1.75E0,8.075E0,-2.E1));
#3202=DIRECTION('',(0.E0,0.E0,-1.E0));
#3203=DIRECTION('',(1.E0,0.E0,0.E0));
#3204=AXIS2_PLACEMENT_3D('',#3201,#3202,#3203);
#3206=DIRECTION('',(0.E0,-1.E0,0.E0));
#3207=VECTOR('',#3206,1.100000003607E0);
#3208=CARTESIAN_POINT('',(1.25E0,1.02E1,-1.01E1));
#3209=LINE('',#3208,#3207);
#3210=DIRECTION('',(0.E0,3.643471158895E-10,-1.E0));
#3211=VECTOR('',#3210,9.9E0);
#3212=CARTESIAN_POINT('',(1.25E0,9.099999996393E0,-1.01E1));
#3213=LINE('',#3212,#3211);
#3214=CARTESIAN_POINT('',(1.25E0,1.02E1,-9.9E0));
#3215=DIRECTION('',(1.E0,0.E0,0.E0));
#3216=DIRECTION('',(0.E0,0.E0,-1.E0));
#3217=AXIS2_PLACEMENT_3D('',#3214,#3215,#3216);
#3219=CARTESIAN_POINT('',(1.35E0,9.1E0,-1.01E1));
#3220=DIRECTION('',(0.E0,-1.E0,0.E0));
#3221=DIRECTION('',(0.E0,0.E0,1.E0));
#3222=AXIS2_PLACEMENT_3D('',#3219,#3220,#3221);
#3224=CARTESIAN_POINT('',(2.15E0,9.1E0,-1.01E1));
#3225=DIRECTION('',(0.E0,1.E0,0.E0));
#3226=DIRECTION('',(0.E0,0.E0,1.E0));
#3227=AXIS2_PLACEMENT_3D('',#3224,#3225,#3226);
#3229=DIRECTION('',(0.E0,1.E0,0.E0));
#3230=VECTOR('',#3229,1.100000006424E0);
#3231=CARTESIAN_POINT('',(2.25E0,9.099999993576E0,-1.01E1));
#3232=LINE('',#3231,#3230);
#3233=CARTESIAN_POINT('',(2.25E0,1.02E1,-9.9E0));
#3234=DIRECTION('',(1.E0,0.E0,0.E0));
#3235=DIRECTION('',(0.E0,0.E0,-1.E0));
#3236=AXIS2_PLACEMENT_3D('',#3233,#3234,#3235);
#3238=DIRECTION('',(0.E0,6.489140986619E-10,-1.E0));
#3239=VECTOR('',#3238,9.9E0);
#3240=CARTESIAN_POINT('',(2.25E0,9.099999993576E0,-1.01E1));
#3241=LINE('',#3240,#3239);
#3242=CARTESIAN_POINT('',(2.15E0,1.02E1,-1.01E1));
#3243=DIRECTION('',(0.E0,1.E0,-1.826316875508E-14));
#3244=DIRECTION('',(0.E0,1.776356839400E-14,1.E0));
#3245=AXIS2_PLACEMENT_3D('',#3242,#3243,#3244);
#3247=CARTESIAN_POINT('',(2.15E0,1.02E1,-9.9E0));
#3248=DIRECTION('',(-1.E0,0.E0,0.E0));
#3249=DIRECTION('',(0.E0,1.E0,0.E0));
#3250=AXIS2_PLACEMENT_3D('',#3247,#3248,#3249);
#3252=CARTESIAN_POINT('',(1.35E0,1.02E1,-9.9E0));
#3253=DIRECTION('',(1.E0,0.E0,0.E0));
#3254=DIRECTION('',(0.E0,0.E0,-1.E0));
#3255=AXIS2_PLACEMENT_3D('',#3252,#3253,#3254);
#3257=CARTESIAN_POINT('',(1.35E0,1.02E1,-1.01E1));
#3258=DIRECTION('',(0.E0,1.E0,-2.531308496145E-14));
#3259=DIRECTION('',(-1.E0,0.E0,0.E0));
#3260=AXIS2_PLACEMENT_3D('',#3257,#3258,#3259);
#3262=CARTESIAN_POINT('',(1.75E0,9.1E0,-1.01E1));
#3263=DIRECTION('',(0.E0,0.E0,1.E0));
#3264=DIRECTION('',(-1.E0,0.E0,0.E0));
#3265=AXIS2_PLACEMENT_3D('',#3262,#3263,#3264);
#3267=CARTESIAN_POINT('',(1.75E0,9.1E0,-2.E1));
#3268=DIRECTION('',(0.E0,0.E0,-1.E0));
#3269=DIRECTION('',(1.E0,0.E0,0.E0));
#3270=AXIS2_PLACEMENT_3D('',#3267,#3268,#3269);
#3272=DIRECTION('',(0.E0,-1.E0,0.E0));
#3273=VECTOR('',#3272,1.100000003607E0);
#3274=CARTESIAN_POINT('',(4.75E0,1.02E1,-1.01E1));
#3275=LINE('',#3274,#3273);
#3276=DIRECTION('',(0.E0,3.643471158895E-10,-1.E0));
#3277=VECTOR('',#3276,9.9E0);
#3278=CARTESIAN_POINT('',(4.75E0,9.099999996393E0,-1.01E1));
#3279=LINE('',#3278,#3277);
#3280=CARTESIAN_POINT('',(4.75E0,1.02E1,-9.9E0));
#3281=DIRECTION('',(1.E0,0.E0,0.E0));
#3282=DIRECTION('',(0.E0,0.E0,-1.E0));
#3283=AXIS2_PLACEMENT_3D('',#3280,#3281,#3282);
#3285=CARTESIAN_POINT('',(4.85E0,9.1E0,-1.01E1));
#3286=DIRECTION('',(0.E0,-1.E0,0.E0));
#3287=DIRECTION('',(0.E0,0.E0,1.E0));
#3288=AXIS2_PLACEMENT_3D('',#3285,#3286,#3287);
#3290=CARTESIAN_POINT('',(5.65E0,9.1E0,-1.01E1));
#3291=DIRECTION('',(0.E0,1.E0,0.E0));
#3292=DIRECTION('',(0.E0,0.E0,1.E0));
#3293=AXIS2_PLACEMENT_3D('',#3290,#3291,#3292);
#3295=DIRECTION('',(0.E0,1.E0,0.E0));
#3296=VECTOR('',#3295,1.100000006424E0);
#3297=CARTESIAN_POINT('',(5.75E0,9.099999993576E0,-1.01E1));
#3298=LINE('',#3297,#3296);
#3299=CARTESIAN_POINT('',(5.75E0,1.02E1,-9.9E0));
#3300=DIRECTION('',(1.E0,0.E0,0.E0));
#3301=DIRECTION('',(0.E0,0.E0,-1.E0));
#3302=AXIS2_PLACEMENT_3D('',#3299,#3300,#3301);
#3304=DIRECTION('',(0.E0,6.489140986619E-10,-1.E0));
#3305=VECTOR('',#3304,9.9E0);
#3306=CARTESIAN_POINT('',(5.75E0,9.099999993576E0,-1.01E1));
#3307=LINE('',#3306,#3305);
#3308=CARTESIAN_POINT('',(5.65E0,1.02E1,-1.01E1));
#3309=DIRECTION('',(0.E0,1.E0,-1.698641227676E-14));
#3310=DIRECTION('',(0.E0,1.776356839400E-14,1.E0));
#3311=AXIS2_PLACEMENT_3D('',#3308,#3309,#3310);
#3313=CARTESIAN_POINT('',(5.65E0,1.02E1,-9.9E0));
#3314=DIRECTION('',(-1.E0,0.E0,0.E0));
#3315=DIRECTION('',(0.E0,1.E0,0.E0));
#3316=AXIS2_PLACEMENT_3D('',#3313,#3314,#3315);
#3318=CARTESIAN_POINT('',(4.85E0,1.02E1,-9.9E0));
#3319=DIRECTION('',(1.E0,0.E0,0.E0));
#3320=DIRECTION('',(0.E0,0.E0,-1.E0));
#3321=AXIS2_PLACEMENT_3D('',#3318,#3319,#3320);
#3323=CARTESIAN_POINT('',(4.85E0,1.02E1,-1.01E1));
#3324=DIRECTION('',(0.E0,1.E0,-2.314815006343E-14));
#3325=DIRECTION('',(-1.E0,0.E0,0.E0));
#3326=AXIS2_PLACEMENT_3D('',#3323,#3324,#3325);
#3328=CARTESIAN_POINT('',(5.25E0,9.1E0,-1.01E1));
#3329=DIRECTION('',(0.E0,0.E0,1.E0));
#3330=DIRECTION('',(-1.E0,0.E0,0.E0));
#3331=AXIS2_PLACEMENT_3D('',#3328,#3329,#3330);
#3333=CARTESIAN_POINT('',(5.25E0,9.1E0,-2.E1));
#3334=DIRECTION('',(0.E0,0.E0,-1.E0));
#3335=DIRECTION('',(1.E0,0.E0,0.E0));
#3336=AXIS2_PLACEMENT_3D('',#3333,#3334,#3335);
#3338=DIRECTION('',(0.E0,-1.E0,0.E0));
#3339=VECTOR('',#3338,1.100000003607E0);
#3340=CARTESIAN_POINT('',(8.25E0,1.02E1,-1.01E1));
#3341=LINE('',#3340,#3339);
#3342=DIRECTION('',(0.E0,3.643471158895E-10,-1.E0));
#3343=VECTOR('',#3342,9.9E0);
#3344=CARTESIAN_POINT('',(8.25E0,9.099999996393E0,-1.01E1));
#3345=LINE('',#3344,#3343);
#3346=CARTESIAN_POINT('',(8.25E0,1.02E1,-9.9E0));
#3347=DIRECTION('',(1.E0,0.E0,0.E0));
#3348=DIRECTION('',(0.E0,0.E0,-1.E0));
#3349=AXIS2_PLACEMENT_3D('',#3346,#3347,#3348);
#3351=CARTESIAN_POINT('',(8.35E0,9.1E0,-1.01E1));
#3352=DIRECTION('',(0.E0,-1.E0,0.E0));
#3353=DIRECTION('',(0.E0,0.E0,1.E0));
#3354=AXIS2_PLACEMENT_3D('',#3351,#3352,#3353);
#3356=CARTESIAN_POINT('',(9.15E0,9.1E0,-1.01E1));
#3357=DIRECTION('',(0.E0,1.E0,0.E0));
#3358=DIRECTION('',(0.E0,0.E0,1.E0));
#3359=AXIS2_PLACEMENT_3D('',#3356,#3357,#3358);
#3361=DIRECTION('',(0.E0,1.E0,0.E0));
#3362=VECTOR('',#3361,1.100000006424E0);
#3363=CARTESIAN_POINT('',(9.25E0,9.099999993576E0,-1.01E1));
#3364=LINE('',#3363,#3362);
#3365=CARTESIAN_POINT('',(9.25E0,1.02E1,-9.9E0));
#3366=DIRECTION('',(1.E0,0.E0,0.E0));
#3367=DIRECTION('',(0.E0,0.E0,-1.E0));
#3368=AXIS2_PLACEMENT_3D('',#3365,#3366,#3367);
#3370=DIRECTION('',(0.E0,6.489140986619E-10,-1.E0));
#3371=VECTOR('',#3370,9.9E0);
#3372=CARTESIAN_POINT('',(9.25E0,9.099999993576E0,-1.01E1));
#3373=LINE('',#3372,#3371);
#3374=CARTESIAN_POINT('',(9.15E0,1.02E1,-1.01E1));
#3375=DIRECTION('',(0.E0,1.E0,-1.698641227676E-14));
#3376=DIRECTION('',(0.E0,1.776356839400E-14,1.E0));
#3377=AXIS2_PLACEMENT_3D('',#3374,#3375,#3376);
#3379=CARTESIAN_POINT('',(9.15E0,1.02E1,-9.9E0));
#3380=DIRECTION('',(-1.E0,0.E0,0.E0));
#3381=DIRECTION('',(0.E0,1.E0,0.E0));
#3382=AXIS2_PLACEMENT_3D('',#3379,#3380,#3381);
#3384=CARTESIAN_POINT('',(8.35E0,1.02E1,-9.9E0));
#3385=DIRECTION('',(1.E0,0.E0,0.E0));
#3386=DIRECTION('',(0.E0,0.E0,-1.E0));
#3387=AXIS2_PLACEMENT_3D('',#3384,#3385,#3386);
#3389=CARTESIAN_POINT('',(8.35E0,1.02E1,-1.01E1));
#3390=DIRECTION('',(0.E0,1.E0,-2.331468351713E-14));
#3391=DIRECTION('',(-1.E0,0.E0,0.E0));
#3392=AXIS2_PLACEMENT_3D('',#3389,#3390,#3391);
#3394=CARTESIAN_POINT('',(8.75E0,9.1E0,-1.01E1));
#3395=DIRECTION('',(0.E0,0.E0,1.E0));
#3396=DIRECTION('',(-1.E0,0.E0,0.E0));
#3397=AXIS2_PLACEMENT_3D('',#3394,#3395,#3396);
#3399=CARTESIAN_POINT('',(8.75E0,9.1E0,-2.E1));
#3400=DIRECTION('',(0.E0,0.E0,-1.E0));
#3401=DIRECTION('',(1.E0,0.E0,0.E0));
#3402=AXIS2_PLACEMENT_3D('',#3399,#3400,#3401);
#3404=CARTESIAN_POINT('',(1.225E1,9.1E0,-1.01E1));
#3405=DIRECTION('',(0.E0,0.E0,1.E0));
#3406=DIRECTION('',(-1.E0,0.E0,0.E0));
#3407=AXIS2_PLACEMENT_3D('',#3404,#3405,#3406);
#3409=CARTESIAN_POINT('',(1.225E1,9.1E0,-2.E1));
#3410=DIRECTION('',(0.E0,0.E0,-1.E0));
#3411=DIRECTION('',(1.E0,0.E0,0.E0));
#3412=AXIS2_PLACEMENT_3D('',#3409,#3410,#3411);
#3414=CARTESIAN_POINT('',(1.185E1,9.1E0,-1.01E1));
#3415=DIRECTION('',(0.E0,-1.E0,0.E0));
#3416=DIRECTION('',(0.E0,0.E0,1.E0));
#3417=AXIS2_PLACEMENT_3D('',#3414,#3415,#3416);
#3419=CARTESIAN_POINT('',(1.265E1,9.1E0,-1.01E1));
#3420=DIRECTION('',(0.E0,1.E0,0.E0));
#3421=DIRECTION('',(0.E0,0.E0,1.E0));
#3422=AXIS2_PLACEMENT_3D('',#3419,#3420,#3421);
#3424=DIRECTION('',(0.E0,1.E0,0.E0));
#3425=VECTOR('',#3424,1.100000006424E0);
#3426=CARTESIAN_POINT('',(1.275E1,9.099999993576E0,-1.01E1));
#3427=LINE('',#3426,#3425);
#3428=CARTESIAN_POINT('',(1.275E1,1.02E1,-9.9E0));
#3429=DIRECTION('',(1.E0,0.E0,0.E0));
#3430=DIRECTION('',(0.E0,0.E0,-1.E0));
#3431=AXIS2_PLACEMENT_3D('',#3428,#3429,#3430);
#3433=DIRECTION('',(0.E0,6.489139192319E-10,-1.E0));
#3434=VECTOR('',#3433,9.9E0);
#3435=CARTESIAN_POINT('',(1.275E1,9.099999993576E0,-1.01E1));
#3436=LINE('',#3435,#3434);
#3437=CARTESIAN_POINT('',(1.265E1,1.02E1,-1.01E1));
#3438=DIRECTION('',(0.E0,1.E0,-1.698641227676E-14));
#3439=DIRECTION('',(0.E0,1.776356839400E-14,1.E0));
#3440=AXIS2_PLACEMENT_3D('',#3437,#3438,#3439);
#3442=CARTESIAN_POINT('',(1.265E1,1.02E1,-9.9E0));
#3443=DIRECTION('',(-1.E0,0.E0,0.E0));
#3444=DIRECTION('',(0.E0,1.E0,0.E0));
#3445=AXIS2_PLACEMENT_3D('',#3442,#3443,#3444);
#3447=CARTESIAN_POINT('',(1.55E1,5.6E0,-2.E0));
#3448=DIRECTION('',(0.E0,0.E0,1.E0));
#3449=DIRECTION('',(1.E0,0.E0,0.E0));
#3450=AXIS2_PLACEMENT_3D('',#3447,#3448,#3449);
#3452=DIRECTION('',(0.E0,0.E0,-1.E0));
#3453=VECTOR('',#3452,1.8E1);
#3454=CARTESIAN_POINT('',(2.02E1,5.6E0,-2.E0));
#3455=LINE('',#3454,#3453);
#3456=CARTESIAN_POINT('',(2.02E1,5.1E0,-9.9E0));
#3457=CARTESIAN_POINT('',(2.02E1,5.118664548372E0,-9.918664548372E0));
#3458=CARTESIAN_POINT('',(2.02E1,5.153586443377E0,-9.953750699707E0));
#3459=CARTESIAN_POINT('',(2.02E1,5.191279673720E0,-1.001309703420E1));
#3460=CARTESIAN_POINT('',(2.02E1,5.2E0,-1.005288954412E1));
#3461=CARTESIAN_POINT('',(2.02E1,5.2E0,-1.007320508076E1));
#3463=DIRECTION('',(0.E0,0.E0,1.E0));
#3464=VECTOR('',#3463,9.926794919243E0);
#3465=CARTESIAN_POINT('',(2.02E1,5.2E0,-2.E1));
#3466=LINE('',#3465,#3464);
#3467=DIRECTION('',(0.E0,1.E0,0.E0));
#3468=VECTOR('',#3467,1.12E1);
#3469=CARTESIAN_POINT('',(2.02E1,-5.6E0,-2.E0));
#3470=LINE('',#3469,#3468);
#3471=DIRECTION('',(0.E0,0.E0,-1.E0));
#3472=VECTOR('',#3471,1.8E1);
#3473=CARTESIAN_POINT('',(2.02E1,-5.6E0,-2.E0));
#3474=LINE('',#3473,#3472);
#3475=DIRECTION('',(2.039980490571E-14,0.E0,1.E0));
#3476=VECTOR('',#3475,9.926794919245E0);
#3477=CARTESIAN_POINT('',(2.02E1,-5.2E0,-2.E1));
#3478=LINE('',#3477,#3476);
#3479=CARTESIAN_POINT('',(2.02E1,-5.2E0,-1.007320508076E1));
#3480=CARTESIAN_POINT('',(2.02E1,-5.199999999999E0,-1.005288938286E1));
#3481=CARTESIAN_POINT('',(2.02E1,-5.191279529237E0,-1.001309666198E1));
#3482=CARTESIAN_POINT('',(2.02E1,-5.153586179235E0,-9.953750416177E0));
#3483=CARTESIAN_POINT('',(2.02E1,-5.118664429711E0,-9.918664429711E0));
#3484=CARTESIAN_POINT('',(2.02E1,-5.1E0,-9.9E0));
#3486=DIRECTION('',(0.E0,1.E0,0.E0));
#3487=VECTOR('',#3486,8.E-1);
#3488=CARTESIAN_POINT('',(2.02E1,-5.1E0,-9.9E0));
#3489=LINE('',#3488,#3487);
#3490=CARTESIAN_POINT('',(2.02E1,-4.3E0,-9.9E0));
#3491=CARTESIAN_POINT('',(2.02E1,-4.281335451628E0,-9.918664548372E0));
#3492=CARTESIAN_POINT('',(2.02E1,-4.246413556623E0,-9.953750699707E0));
#3493=CARTESIAN_POINT('',(2.02E1,-4.208720326280E0,-1.001309703420E1));
#3494=CARTESIAN_POINT('',(2.02E1,-4.2E0,-1.005288954412E1));
#3495=CARTESIAN_POINT('',(2.02E1,-4.2E0,-1.007320508076E1));
#3497=DIRECTION('',(0.E0,0.E0,1.E0));
#3498=VECTOR('',#3497,9.926794919243E0);
#3499=CARTESIAN_POINT('',(2.02E1,-4.2E0,-2.E1));
#3500=LINE('',#3499,#3498);
#3501=DIRECTION('',(2.039980490571E-14,0.E0,1.E0));
#3502=VECTOR('',#3501,9.926794919245E0);
#3503=CARTESIAN_POINT('',(2.02E1,4.2E0,-2.E1));
#3504=LINE('',#3503,#3502);
#3505=CARTESIAN_POINT('',(2.02E1,4.2E0,-1.007320508076E1));
#3506=CARTESIAN_POINT('',(2.02E1,4.200000000001E0,-1.005288938286E1));
#3507=CARTESIAN_POINT('',(2.02E1,4.208720470763E0,-1.001309666198E1));
#3508=CARTESIAN_POINT('',(2.02E1,4.246413820765E0,-9.953750416177E0));
#3509=CARTESIAN_POINT('',(2.02E1,4.281335570289E0,-9.918664429711E0));
#3510=CARTESIAN_POINT('',(2.02E1,4.3E0,-9.9E0));
#3512=DIRECTION('',(0.E0,1.E0,0.E0));
#3513=VECTOR('',#3512,8.E-1);
#3514=CARTESIAN_POINT('',(2.02E1,4.3E0,-9.9E0));
#3515=LINE('',#3514,#3513);
#3516=CARTESIAN_POINT('',(2.01E1,5.1E0,-9.9E0));
#3517=DIRECTION('',(0.E0,-1.E0,0.E0));
#3518=DIRECTION('',(0.E0,0.E0,-1.E0));
#3519=AXIS2_PLACEMENT_3D('',#3516,#3517,#3518);
#3521=CARTESIAN_POINT('',(2.01E1,5.1E0,-1.01E1));
#3522=DIRECTION('',(1.E0,0.E0,0.E0));
#3523=DIRECTION('',(0.E0,1.E0,-3.552713678801E-14));
#3524=AXIS2_PLACEMENT_3D('',#3521,#3522,#3523);
#3526=DIRECTION('',(-1.E0,0.E0,0.E0));
#3527=VECTOR('',#3526,1.100000011792E0);
#3528=CARTESIAN_POINT('',(2.01E1,5.2E0,-1.01E1));
#3529=LINE('',#3528,#3527);
#3530=CARTESIAN_POINT('',(2.01E1,5.2E0,-9.9E0));
#3531=DIRECTION('',(0.E0,-1.E0,0.E0));
#3532=DIRECTION('',(-1.065814103640E-13,0.E0,-1.E0));
#3533=AXIS2_PLACEMENT_3D('',#3530,#3531,#3532);
#3535=DIRECTION('',(1.E0,1.059354624224E-12,0.E0));
#3536=VECTOR('',#3535,1.1E0);
#3537=CARTESIAN_POINT('',(-2.01E1,4.3E0,-1.E1));
#3538=LINE('',#3537,#3536);
#3539=DIRECTION('',(0.E0,-1.E0,0.E0));
#3540=VECTOR('',#3539,8.E-1);
#3541=CARTESIAN_POINT('',(-2.01E1,5.1E0,-1.E1));
#3542=LINE('',#3541,#3540);
#3543=DIRECTION('',(-1.E0,1.453382868600E-14,0.E0));
#3544=VECTOR('',#3543,1.1E0);
#3545=CARTESIAN_POINT('',(-1.9E1,5.1E0,-1.E1));
#3546=LINE('',#3545,#3544);
#3547=CARTESIAN_POINT('',(-1.9E1,4.7E0,-1.E1));
#3548=DIRECTION('',(0.E0,0.E0,1.E0));
#3549=DIRECTION('',(0.E0,-1.E0,0.E0));
#3550=AXIS2_PLACEMENT_3D('',#3547,#3548,#3549);
#3552=DIRECTION('',(1.E0,1.059354624224E-12,0.E0));
#3553=VECTOR('',#3552,1.1E0);
#3554=CARTESIAN_POINT('',(-2.01E1,-5.1E0,-1.E1));
#3555=LINE('',#3554,#3553);
#3556=DIRECTION('',(0.E0,-1.E0,0.E0));
#3557=VECTOR('',#3556,8.E-1);
#3558=CARTESIAN_POINT('',(-2.01E1,-4.3E0,-1.E1));
#3559=LINE('',#3558,#3557);
#3560=DIRECTION('',(-1.E0,1.453382868600E-14,0.E0));
#3561=VECTOR('',#3560,1.1E0);
#3562=CARTESIAN_POINT('',(-1.9E1,-4.3E0,-1.E1));
#3563=LINE('',#3562,#3561);
#3564=CARTESIAN_POINT('',(-1.9E1,-4.7E0,-1.E1));
#3565=DIRECTION('',(0.E0,0.E0,1.E0));
#3566=DIRECTION('',(0.E0,-1.E0,0.E0));
#3567=AXIS2_PLACEMENT_3D('',#3564,#3565,#3566);
#3569=DIRECTION('',(-1.E0,-1.059354624224E-12,0.E0));
#3570=VECTOR('',#3569,1.1E0);
#3571=CARTESIAN_POINT('',(2.01E1,5.1E0,-1.E1));
#3572=LINE('',#3571,#3570);
#3573=DIRECTION('',(0.E0,1.E0,0.E0));
#3574=VECTOR('',#3573,8.E-1);
#3575=CARTESIAN_POINT('',(2.01E1,4.3E0,-1.E1));
#3576=LINE('',#3575,#3574);
#3577=DIRECTION('',(1.E0,-1.453382868600E-14,0.E0));
#3578=VECTOR('',#3577,1.1E0);
#3579=CARTESIAN_POINT('',(1.9E1,4.3E0,-1.E1));
#3580=LINE('',#3579,#3578);
#3581=CARTESIAN_POINT('',(1.9E1,4.7E0,-1.E1));
#3582=DIRECTION('',(0.E0,0.E0,1.E0));
#3583=DIRECTION('',(0.E0,1.E0,0.E0));
#3584=AXIS2_PLACEMENT_3D('',#3581,#3582,#3583);
#3586=DIRECTION('',(-1.E0,-1.059354624224E-12,0.E0));
#3587=VECTOR('',#3586,1.1E0);
#3588=CARTESIAN_POINT('',(2.01E1,-4.3E0,-1.E1));
#3589=LINE('',#3588,#3587);
#3590=DIRECTION('',(0.E0,1.E0,0.E0));
#3591=VECTOR('',#3590,8.E-1);
#3592=CARTESIAN_POINT('',(2.01E1,-5.1E0,-1.E1));
#3593=LINE('',#3592,#3591);
#3594=DIRECTION('',(1.E0,-1.453382868600E-14,0.E0));
#3595=VECTOR('',#3594,1.1E0);
#3596=CARTESIAN_POINT('',(1.9E1,-5.1E0,-1.E1));
#3597=LINE('',#3596,#3595);
#3598=CARTESIAN_POINT('',(1.9E1,-4.7E0,-1.E1));
#3599=DIRECTION('',(0.E0,0.E0,1.E0));
#3600=DIRECTION('',(0.E0,1.E0,0.E0));
#3601=AXIS2_PLACEMENT_3D('',#3598,#3599,#3600);
#3603=CARTESIAN_POINT('',(-2.01E1,4.3E0,-9.9E0));
#3604=DIRECTION('',(0.E0,1.E0,0.E0));
#3605=DIRECTION('',(0.E0,0.E0,-1.E0));
#3606=AXIS2_PLACEMENT_3D('',#3603,#3604,#3605);
#3608=CARTESIAN_POINT('',(-2.01E1,4.3E0,-1.01E1));
#3609=DIRECTION('',(-1.E0,0.E0,0.E0));
#3610=DIRECTION('',(0.E0,-1.E0,-3.552713678801E-14));
#3611=AXIS2_PLACEMENT_3D('',#3608,#3609,#3610);
#3613=CARTESIAN_POINT('',(-2.01E1,5.1E0,-9.9E0));
#3614=DIRECTION('',(0.E0,-1.E0,0.E0));
#3615=DIRECTION('',(-1.E0,0.E0,0.E0));
#3616=AXIS2_PLACEMENT_3D('',#3613,#3614,#3615);
#3618=CARTESIAN_POINT('',(-2.01E1,5.1E0,-1.01E1));
#3619=DIRECTION('',(-1.E0,0.E0,0.E0));
#3620=DIRECTION('',(0.E0,1.776356839400E-14,1.E0));
#3621=AXIS2_PLACEMENT_3D('',#3618,#3619,#3620);
#3623=CARTESIAN_POINT('',(-2.02E1,4.3E0,-9.9E0));
#3624=CARTESIAN_POINT('',(-2.02E1,4.281335451628E0,-9.918664548372E0));
#3625=CARTESIAN_POINT('',(-2.02E1,4.246413556623E0,-9.953750699707E0));
#3626=CARTESIAN_POINT('',(-2.02E1,4.208720326280E0,-1.001309703420E1));
#3627=CARTESIAN_POINT('',(-2.02E1,4.2E0,-1.005288954412E1));
#3628=CARTESIAN_POINT('',(-2.02E1,4.2E0,-1.007320508076E1));
#3630=DIRECTION('',(0.E0,0.E0,1.E0));
#3631=VECTOR('',#3630,9.926794919243E0);
#3632=CARTESIAN_POINT('',(-2.02E1,4.2E0,-2.E1));
#3633=LINE('',#3632,#3631);
#3634=DIRECTION('',(-2.004191359158E-14,0.E0,1.E0));
#3635=VECTOR('',#3634,9.926794919245E0);
#3636=CARTESIAN_POINT('',(-2.02E1,-4.2E0,-2.E1));
#3637=LINE('',#3636,#3635);
#3638=CARTESIAN_POINT('',(-2.02E1,-4.2E0,-1.007320508076E1));
#3639=CARTESIAN_POINT('',(-2.02E1,-4.200000000001E0,-1.005288938286E1));
#3640=CARTESIAN_POINT('',(-2.02E1,-4.208720470763E0,-1.001309666198E1));
#3641=CARTESIAN_POINT('',(-2.02E1,-4.246413820765E0,-9.953750416177E0));
#3642=CARTESIAN_POINT('',(-2.02E1,-4.281335570289E0,-9.918664429711E0));
#3643=CARTESIAN_POINT('',(-2.02E1,-4.3E0,-9.9E0));
#3645=DIRECTION('',(0.E0,-1.E0,0.E0));
#3646=VECTOR('',#3645,8.E-1);
#3647=CARTESIAN_POINT('',(-2.02E1,-4.3E0,-9.9E0));
#3648=LINE('',#3647,#3646);
#3649=CARTESIAN_POINT('',(-2.02E1,-5.1E0,-9.9E0));
#3650=CARTESIAN_POINT('',(-2.02E1,-5.118664548372E0,-9.918664548372E0));
#3651=CARTESIAN_POINT('',(-2.02E1,-5.153586443377E0,-9.953750699707E0));
#3652=CARTESIAN_POINT('',(-2.02E1,-5.191279673720E0,-1.001309703420E1));
#3653=CARTESIAN_POINT('',(-2.02E1,-5.2E0,-1.005288954412E1));
#3654=CARTESIAN_POINT('',(-2.02E1,-5.2E0,-1.007320508076E1));
#3656=DIRECTION('',(0.E0,0.E0,1.E0));
#3657=VECTOR('',#3656,9.926794919243E0);
#3658=CARTESIAN_POINT('',(-2.02E1,-5.2E0,-2.E1));
#3659=LINE('',#3658,#3657);
#3660=DIRECTION('',(0.E0,-1.E0,0.E0));
#3661=VECTOR('',#3660,1.12E1);
#3662=CARTESIAN_POINT('',(-2.02E1,5.6E0,-2.E0));
#3663=LINE('',#3662,#3661);
#3664=DIRECTION('',(0.E0,0.E0,-1.E0));
#3665=VECTOR('',#3664,1.8E1);
#3666=CARTESIAN_POINT('',(-2.02E1,5.6E0,-2.E0));
#3667=LINE('',#3666,#3665);
#3668=DIRECTION('',(-2.039980490571E-14,0.E0,1.E0));
#3669=VECTOR('',#3668,9.926794919245E0);
#3670=CARTESIAN_POINT('',(-2.02E1,5.2E0,-2.E1));
#3671=LINE('',#3670,#3669);
#3672=CARTESIAN_POINT('',(-2.02E1,5.2E0,-1.007320508076E1));
#3673=CARTESIAN_POINT('',(-2.02E1,5.199999999999E0,-1.005288938286E1));
#3674=CARTESIAN_POINT('',(-2.02E1,5.191279529237E0,-1.001309666198E1));
#3675=CARTESIAN_POINT('',(-2.02E1,5.153586179235E0,-9.953750416177E0));
#3676=CARTESIAN_POINT('',(-2.02E1,5.118664429711E0,-9.918664429711E0));
#3677=CARTESIAN_POINT('',(-2.02E1,5.1E0,-9.9E0));
#3679=DIRECTION('',(0.E0,-1.E0,0.E0));
#3680=VECTOR('',#3679,8.E-1);
#3681=CARTESIAN_POINT('',(-2.02E1,5.1E0,-9.9E0));
#3682=LINE('',#3681,#3680);
#3683=DIRECTION('',(1.E0,0.E0,0.E0));
#3684=VECTOR('',#3683,1.100000011792E0);
#3685=CARTESIAN_POINT('',(-2.01E1,4.2E0,-1.01E1));
#3686=LINE('',#3685,#3684);
#3687=CARTESIAN_POINT('',(-2.01E1,4.2E0,-9.9E0));
#3688=DIRECTION('',(0.E0,1.E0,0.E0));
#3689=DIRECTION('',(8.881784197001E-14,0.E0,-1.E0));
#3690=AXIS2_PLACEMENT_3D('',#3687,#3688,#3689);
#3692=CARTESIAN_POINT('',(-1.9E1,4.7E0,-1.01E1));
#3693=DIRECTION('',(0.E0,0.E0,1.E0));
#3694=DIRECTION('',(0.E0,-1.E0,0.E0));
#3695=AXIS2_PLACEMENT_3D('',#3692,#3693,#3694);
#3697=DIRECTION('',(1.191152765648E-9,0.E0,1.E0));
#3698=VECTOR('',#3697,9.9E0);
#3699=CARTESIAN_POINT('',(-1.9E1,4.2E0,-2.E1));
#3700=LINE('',#3699,#3698);
#3701=CARTESIAN_POINT('',(-1.9E1,4.3E0,-1.01E1));
#3702=DIRECTION('',(1.E0,0.E0,0.E0));
#3703=DIRECTION('',(0.E0,0.E0,1.E0));
#3704=AXIS2_PLACEMENT_3D('',#3701,#3702,#3703);
#3706=CARTESIAN_POINT('',(-1.9E1,5.1E0,-1.01E1));
#3707=DIRECTION('',(-1.E0,0.E0,0.E0));
#3708=DIRECTION('',(0.E0,0.E0,1.E0));
#3709=AXIS2_PLACEMENT_3D('',#3706,#3707,#3708);
#3711=DIRECTION('',(-1.E0,0.E0,0.E0));
#3712=VECTOR('',#3711,1.100000002357E0);
#3713=CARTESIAN_POINT('',(-1.899999999764E1,5.2E0,-1.01E1));
#3714=LINE('',#3713,#3712);
#3715=CARTESIAN_POINT('',(-2.01E1,5.2E0,-9.9E0));
#3716=DIRECTION('',(0.E0,1.E0,0.E0));
#3717=DIRECTION('',(0.E0,0.E0,-1.E0));
#3718=AXIS2_PLACEMENT_3D('',#3715,#3716,#3717);
#3720=DIRECTION('',(2.380354050793E-10,0.E0,1.E0));
#3721=VECTOR('',#3720,9.9E0);
#3722=CARTESIAN_POINT('',(-1.9E1,5.2E0,-2.E1));
#3723=LINE('',#3722,#3721);
#3724=DIRECTION('',(-1.E0,0.E0,0.E0));
#3725=VECTOR('',#3724,1.100000002357E0);
#3726=CARTESIAN_POINT('',(-1.899999999764E1,-4.2E0,-1.01E1));
#3727=LINE('',#3726,#3725);
#3728=CARTESIAN_POINT('',(-2.01E1,-4.2E0,-9.9E0));
#3729=DIRECTION('',(0.E0,1.E0,0.E0));
#3730=DIRECTION('',(0.E0,0.E0,-1.E0));
#3731=AXIS2_PLACEMENT_3D('',#3728,#3729,#3730);
#3733=DIRECTION('',(2.380354050793E-10,0.E0,1.E0));
#3734=VECTOR('',#3733,9.9E0);
#3735=CARTESIAN_POINT('',(-1.9E1,-4.2E0,-2.E1));
#3736=LINE('',#3735,#3734);
#3737=CARTESIAN_POINT('',(-1.9E1,-4.3E0,-1.01E1));
#3738=DIRECTION('',(-1.E0,0.E0,0.E0));
#3739=DIRECTION('',(0.E0,0.E0,1.E0));
#3740=AXIS2_PLACEMENT_3D('',#3737,#3738,#3739);
#3742=CARTESIAN_POINT('',(-1.9E1,-5.1E0,-1.01E1));
#3743=DIRECTION('',(1.E0,0.E0,0.E0));
#3744=DIRECTION('',(0.E0,0.E0,1.E0));
#3745=AXIS2_PLACEMENT_3D('',#3742,#3743,#3744);
#3747=CARTESIAN_POINT('',(-1.9E1,-4.7E0,-1.01E1));
#3748=DIRECTION('',(0.E0,0.E0,1.E0));
#3749=DIRECTION('',(0.E0,-1.E0,0.E0));
#3750=AXIS2_PLACEMENT_3D('',#3747,#3748,#3749);
#3752=DIRECTION('',(1.191152406788E-9,0.E0,1.E0));
#3753=VECTOR('',#3752,9.9E0);
#3754=CARTESIAN_POINT('',(-1.9E1,-5.2E0,-2.E1));
#3755=LINE('',#3754,#3753);
#3756=DIRECTION('',(1.E0,0.E0,0.E0));
#3757=VECTOR('',#3756,1.100000011792E0);
#3758=CARTESIAN_POINT('',(-2.01E1,-5.2E0,-1.01E1));
#3759=LINE('',#3758,#3757);
#3760=CARTESIAN_POINT('',(-2.01E1,-5.2E0,-9.9E0));
#3761=DIRECTION('',(0.E0,1.E0,0.E0));
#3762=DIRECTION('',(1.065814103640E-13,0.E0,-1.E0));
#3763=AXIS2_PLACEMENT_3D('',#3760,#3761,#3762);
#3765=CARTESIAN_POINT('',(-2.01E1,-5.1E0,-9.9E0));
#3766=DIRECTION('',(0.E0,1.E0,0.E0));
#3767=DIRECTION('',(0.E0,0.E0,-1.E0));
#3768=AXIS2_PLACEMENT_3D('',#3765,#3766,#3767);
#3770=CARTESIAN_POINT('',(-2.01E1,-5.1E0,-1.01E1));
#3771=DIRECTION('',(-1.E0,0.E0,0.E0));
#3772=DIRECTION('',(0.E0,-1.E0,-3.552713678801E-14));
#3773=AXIS2_PLACEMENT_3D('',#3770,#3771,#3772);
#3775=CARTESIAN_POINT('',(-2.01E1,-4.3E0,-1.01E1));
#3776=DIRECTION('',(-1.E0,0.E0,0.E0));
#3777=DIRECTION('',(0.E0,1.776356839400E-14,1.E0));
#3778=AXIS2_PLACEMENT_3D('',#3775,#3776,#3777);
#3780=CARTESIAN_POINT('',(-2.01E1,-4.3E0,-9.9E0));
#3781=DIRECTION('',(0.E0,-1.E0,0.E0));
#3782=DIRECTION('',(-1.E0,0.E0,0.E0));
#3783=AXIS2_PLACEMENT_3D('',#3780,#3781,#3782);
#3785=CARTESIAN_POINT('',(-1.55E1,-5.6E0,-2.E0));
#3786=DIRECTION('',(0.E0,0.E0,1.E0));
#3787=DIRECTION('',(-1.E0,0.E0,0.E0));
#3788=AXIS2_PLACEMENT_3D('',#3785,#3786,#3787);
#3790=DIRECTION('',(0.E0,0.E0,-1.E0));
#3791=VECTOR('',#3790,1.8E1);
#3792=CARTESIAN_POINT('',(-2.02E1,-5.6E0,-2.E0));
#3793=LINE('',#3792,#3791);
#3794=CARTESIAN_POINT('',(2.01E1,4.3E0,-1.01E1));
#3795=DIRECTION('',(1.E0,0.E0,0.E0));
#3796=DIRECTION('',(0.E0,-1.776356839400E-14,1.E0));
#3797=AXIS2_PLACEMENT_3D('',#3794,#3795,#3796);
#3799=CARTESIAN_POINT('',(2.01E1,4.3E0,-9.9E0));
#3800=DIRECTION('',(0.E0,1.E0,0.E0));
#3801=DIRECTION('',(1.E0,0.E0,0.E0));
#3802=AXIS2_PLACEMENT_3D('',#3799,#3800,#3801);
#3804=DIRECTION('',(1.E0,0.E0,0.E0));
#3805=VECTOR('',#3804,1.100000002357E0);
#3806=CARTESIAN_POINT('',(1.899999999764E1,4.2E0,-1.01E1));
#3807=LINE('',#3806,#3805);
#3808=CARTESIAN_POINT('',(2.01E1,4.2E0,-9.9E0));
#3809=DIRECTION('',(0.E0,-1.E0,0.E0));
#3810=DIRECTION('',(0.E0,0.E0,-1.E0));
#3811=AXIS2_PLACEMENT_3D('',#3808,#3809,#3810);
#3813=DIRECTION('',(-2.380354050793E-10,0.E0,1.E0));
#3814=VECTOR('',#3813,9.9E0);
#3815=CARTESIAN_POINT('',(1.9E1,4.2E0,-2.E1));
#3816=LINE('',#3815,#3814);
#3817=CARTESIAN_POINT('',(1.9E1,4.3E0,-1.01E1));
#3818=DIRECTION('',(1.E0,0.E0,0.E0));
#3819=DIRECTION('',(0.E0,0.E0,1.E0));
#3820=AXIS2_PLACEMENT_3D('',#3817,#3818,#3819);
#3822=CARTESIAN_POINT('',(1.9E1,5.1E0,-1.01E1));
#3823=DIRECTION('',(-1.E0,0.E0,0.E0));
#3824=DIRECTION('',(0.E0,0.E0,1.E0));
#3825=AXIS2_PLACEMENT_3D('',#3822,#3823,#3824);
#3827=CARTESIAN_POINT('',(1.9E1,4.7E0,-1.01E1));
#3828=DIRECTION('',(0.E0,0.E0,1.E0));
#3829=DIRECTION('',(0.E0,1.E0,0.E0));
#3830=AXIS2_PLACEMENT_3D('',#3827,#3828,#3829);
#3832=DIRECTION('',(-1.191152406788E-9,0.E0,1.E0));
#3833=VECTOR('',#3832,9.9E0);
#3834=CARTESIAN_POINT('',(1.9E1,5.2E0,-2.E1));
#3835=LINE('',#3834,#3833);
#3836=CARTESIAN_POINT('',(1.9E1,-4.3E0,-1.01E1));
#3837=DIRECTION('',(-1.E0,0.E0,0.E0));
#3838=DIRECTION('',(0.E0,0.E0,1.E0));
#3839=AXIS2_PLACEMENT_3D('',#3836,#3837,#3838);
#3841=CARTESIAN_POINT('',(1.9E1,-5.1E0,-1.01E1));
#3842=DIRECTION('',(1.E0,0.E0,0.E0));
#3843=DIRECTION('',(0.E0,0.E0,1.E0));
#3844=AXIS2_PLACEMENT_3D('',#3841,#3842,#3843);
#3846=DIRECTION('',(1.E0,0.E0,0.E0));
#3847=VECTOR('',#3846,1.100000002357E0);
#3848=CARTESIAN_POINT('',(1.899999999764E1,-5.2E0,-1.01E1));
#3849=LINE('',#3848,#3847);
#3850=CARTESIAN_POINT('',(2.01E1,-5.2E0,-9.9E0));
#3851=DIRECTION('',(0.E0,-1.E0,0.E0));
#3852=DIRECTION('',(0.E0,0.E0,-1.E0));
#3853=AXIS2_PLACEMENT_3D('',#3850,#3851,#3852);
#3855=DIRECTION('',(-2.380354050793E-10,0.E0,1.E0));
#3856=VECTOR('',#3855,9.9E0);
#3857=CARTESIAN_POINT('',(1.9E1,-5.2E0,-2.E1));
#3858=LINE('',#3857,#3856);
#3859=CARTESIAN_POINT('',(2.01E1,-5.1E0,-1.01E1));
#3860=DIRECTION('',(1.E0,0.E0,0.E0));
#3861=DIRECTION('',(0.E0,-1.776356839400E-14,1.E0));
#3862=AXIS2_PLACEMENT_3D('',#3859,#3860,#3861);
#3864=CARTESIAN_POINT('',(2.01E1,-5.1E0,-9.9E0));
#3865=DIRECTION('',(0.E0,1.E0,0.E0));
#3866=DIRECTION('',(1.E0,0.E0,0.E0));
#3867=AXIS2_PLACEMENT_3D('',#3864,#3865,#3866);
#3869=CARTESIAN_POINT('',(2.01E1,-4.3E0,-9.9E0));
#3870=DIRECTION('',(0.E0,-1.E0,0.E0));
#3871=DIRECTION('',(0.E0,0.E0,-1.E0));
#3872=AXIS2_PLACEMENT_3D('',#3869,#3870,#3871);
#3874=CARTESIAN_POINT('',(2.01E1,-4.3E0,-1.01E1));
#3875=DIRECTION('',(1.E0,0.E0,0.E0));
#3876=DIRECTION('',(0.E0,1.E0,-3.552713678801E-14));
#3877=AXIS2_PLACEMENT_3D('',#3874,#3875,#3876);
#3879=DIRECTION('',(-1.E0,0.E0,0.E0));
#3880=VECTOR('',#3879,1.100000011792E0);
#3881=CARTESIAN_POINT('',(2.01E1,-4.2E0,-1.01E1));
#3882=LINE('',#3881,#3880);
#3883=CARTESIAN_POINT('',(2.01E1,-4.2E0,-9.9E0));
#3884=DIRECTION('',(0.E0,-1.E0,0.E0));
#3885=DIRECTION('',(-8.881784197001E-14,0.E0,-1.E0));
#3886=AXIS2_PLACEMENT_3D('',#3883,#3884,#3885);
#3888=CARTESIAN_POINT('',(1.9E1,-4.7E0,-1.01E1));
#3889=DIRECTION('',(0.E0,0.E0,1.E0));
#3890=DIRECTION('',(0.E0,1.E0,0.E0));
#3891=AXIS2_PLACEMENT_3D('',#3888,#3889,#3890);
#3893=DIRECTION('',(-1.191153483368E-9,0.E0,1.E0));
#3894=VECTOR('',#3893,9.9E0);
#3895=CARTESIAN_POINT('',(1.9E1,-4.2E0,-2.E1));
#3896=LINE('',#3895,#3894);
#3897=CARTESIAN_POINT('',(1.55E1,-5.6E0,-2.E0));
#3898=DIRECTION('',(0.E0,0.E0,1.E0));
#3899=DIRECTION('',(0.E0,-1.E0,0.E0));
#3900=AXIS2_PLACEMENT_3D('',#3897,#3898,#3899);
#3902=DIRECTION('',(0.E0,0.E0,-1.E0));
#3903=VECTOR('',#3902,1.8E1);
#3904=CARTESIAN_POINT('',(1.55E1,-1.03E1,-2.E0));
#3905=LINE('',#3904,#3903);
#3906=DIRECTION('',(0.E0,1.E0,0.E0));
#3907=VECTOR('',#3906,1.100000003607E0);
#3908=CARTESIAN_POINT('',(1.275E1,-1.02E1,-1.01E1));
#3909=LINE('',#3908,#3907);
#3910=DIRECTION('',(0.E0,-3.643471158895E-10,-1.E0));
#3911=VECTOR('',#3910,9.9E0);
#3912=CARTESIAN_POINT('',(1.275E1,-9.099999996393E0,-1.01E1));
#3913=LINE('',#3912,#3911);
#3914=CARTESIAN_POINT('',(1.275E1,-1.02E1,-9.9E0));
#3915=DIRECTION('',(-1.E0,0.E0,0.E0));
#3916=DIRECTION('',(0.E0,0.E0,-1.E0));
#3917=AXIS2_PLACEMENT_3D('',#3914,#3915,#3916);
#3919=CARTESIAN_POINT('',(1.265E1,-9.1E0,-1.01E1));
#3920=DIRECTION('',(0.E0,1.E0,0.E0));
#3921=DIRECTION('',(0.E0,0.E0,1.E0));
#3922=AXIS2_PLACEMENT_3D('',#3919,#3920,#3921);
#3924=CARTESIAN_POINT('',(1.185E1,-9.1E0,-1.01E1));
#3925=DIRECTION('',(0.E0,-1.E0,0.E0));
#3926=DIRECTION('',(0.E0,0.E0,1.E0));
#3927=AXIS2_PLACEMENT_3D('',#3924,#3925,#3926);
#3929=DIRECTION('',(0.E0,-1.E0,0.E0));
#3930=VECTOR('',#3929,1.100000006424E0);
#3931=CARTESIAN_POINT('',(1.175E1,-9.099999993576E0,-1.01E1));
#3932=LINE('',#3931,#3930);
#3933=CARTESIAN_POINT('',(1.175E1,-1.02E1,-9.9E0));
#3934=DIRECTION('',(-1.E0,0.E0,0.E0));
#3935=DIRECTION('',(0.E0,0.E0,-1.E0));
#3936=AXIS2_PLACEMENT_3D('',#3933,#3934,#3935);
#3938=DIRECTION('',(0.E0,-6.489137398020E-10,-1.E0));
#3939=VECTOR('',#3938,9.9E0);
#3940=CARTESIAN_POINT('',(1.175E1,-9.099999993576E0,-1.01E1));
#3941=LINE('',#3940,#3939);
#3942=CARTESIAN_POINT('',(1.185E1,-1.02E1,-1.01E1));
#3943=DIRECTION('',(0.E0,-1.E0,-1.698641227676E-14));
#3944=DIRECTION('',(0.E0,-1.776356839400E-14,1.E0));
#3945=AXIS2_PLACEMENT_3D('',#3942,#3943,#3944);
#3947=CARTESIAN_POINT('',(1.185E1,-1.02E1,-9.9E0));
#3948=DIRECTION('',(1.E0,0.E0,0.E0));
#3949=DIRECTION('',(0.E0,-1.E0,0.E0));
#3950=AXIS2_PLACEMENT_3D('',#3947,#3948,#3949);
#3952=CARTESIAN_POINT('',(1.265E1,-1.02E1,-9.9E0));
#3953=DIRECTION('',(-1.E0,0.E0,0.E0));
#3954=DIRECTION('',(0.E0,0.E0,-1.E0));
#3955=AXIS2_PLACEMENT_3D('',#3952,#3953,#3954);
#3957=CARTESIAN_POINT('',(1.265E1,-1.02E1,-1.01E1));
#3958=DIRECTION('',(0.E0,-1.E0,-2.331468351713E-14));
#3959=DIRECTION('',(1.E0,0.E0,0.E0));
#3960=AXIS2_PLACEMENT_3D('',#3957,#3958,#3959);
#3962=CARTESIAN_POINT('',(1.225E1,-9.1E0,-1.01E1));
#3963=DIRECTION('',(0.E0,0.E0,1.E0));
#3964=DIRECTION('',(1.E0,0.E0,0.E0));
#3965=AXIS2_PLACEMENT_3D('',#3962,#3963,#3964);
#3967=CARTESIAN_POINT('',(1.225E1,-9.1E0,-2.E1));
#3968=DIRECTION('',(0.E0,0.E0,-1.E0));
#3969=DIRECTION('',(-1.E0,0.E0,0.E0));
#3970=AXIS2_PLACEMENT_3D('',#3967,#3968,#3969);
#3972=DIRECTION('',(0.E0,1.E0,0.E0));
#3973=VECTOR('',#3972,1.100000003607E0);
#3974=CARTESIAN_POINT('',(9.25E0,-1.02E1,-1.01E1));
#3975=LINE('',#3974,#3973);
#3976=DIRECTION('',(0.E0,-3.643471158895E-10,-1.E0));
#3977=VECTOR('',#3976,9.9E0);
#3978=CARTESIAN_POINT('',(9.25E0,-9.099999996393E0,-1.01E1));
#3979=LINE('',#3978,#3977);
#3980=CARTESIAN_POINT('',(9.25E0,-1.02E1,-9.9E0));
#3981=DIRECTION('',(-1.E0,0.E0,0.E0));
#3982=DIRECTION('',(0.E0,0.E0,-1.E0));
#3983=AXIS2_PLACEMENT_3D('',#3980,#3981,#3982);
#3985=CARTESIAN_POINT('',(9.15E0,-9.1E0,-1.01E1));
#3986=DIRECTION('',(0.E0,1.E0,0.E0));
#3987=DIRECTION('',(0.E0,0.E0,1.E0));
#3988=AXIS2_PLACEMENT_3D('',#3985,#3986,#3987);
#3990=CARTESIAN_POINT('',(8.35E0,-9.1E0,-1.01E1));
#3991=DIRECTION('',(0.E0,-1.E0,0.E0));
#3992=DIRECTION('',(0.E0,0.E0,1.E0));
#3993=AXIS2_PLACEMENT_3D('',#3990,#3991,#3992);
#3995=DIRECTION('',(0.E0,-1.E0,0.E0));
#3996=VECTOR('',#3995,1.100000006424E0);
#3997=CARTESIAN_POINT('',(8.25E0,-9.099999993576E0,-1.01E1));
#3998=LINE('',#3997,#3996);
#3999=CARTESIAN_POINT('',(8.25E0,-1.02E1,-9.9E0));
#4000=DIRECTION('',(-1.E0,0.E0,0.E0));
#4001=DIRECTION('',(0.E0,0.E0,-1.E0));
#4002=AXIS2_PLACEMENT_3D('',#3999,#4000,#4001);
#4004=DIRECTION('',(0.E0,-6.489137398020E-10,-1.E0));
#4005=VECTOR('',#4004,9.9E0);
#4006=CARTESIAN_POINT('',(8.25E0,-9.099999993576E0,-1.01E1));
#4007=LINE('',#4006,#4005);
#4008=CARTESIAN_POINT('',(8.35E0,-1.02E1,-1.01E1));
#4009=DIRECTION('',(0.E0,-1.E0,-1.698641227676E-14));
#4010=DIRECTION('',(0.E0,-1.776356839400E-14,1.E0));
#4011=AXIS2_PLACEMENT_3D('',#4008,#4009,#4010);
#4013=CARTESIAN_POINT('',(8.35E0,-1.02E1,-9.9E0));
#4014=DIRECTION('',(1.E0,0.E0,0.E0));
#4015=DIRECTION('',(0.E0,-1.E0,0.E0));
#4016=AXIS2_PLACEMENT_3D('',#4013,#4014,#4015);
#4018=CARTESIAN_POINT('',(9.15E0,-1.02E1,-9.9E0));
#4019=DIRECTION('',(-1.E0,0.E0,0.E0));
#4020=DIRECTION('',(0.E0,0.E0,-1.E0));
#4021=AXIS2_PLACEMENT_3D('',#4018,#4019,#4020);
#4023=CARTESIAN_POINT('',(9.15E0,-1.02E1,-1.01E1));
#4024=DIRECTION('',(0.E0,-1.E0,-2.331468351713E-14));
#4025=DIRECTION('',(1.E0,0.E0,0.E0));
#4026=AXIS2_PLACEMENT_3D('',#4023,#4024,#4025);
#4028=CARTESIAN_POINT('',(8.75E0,-9.1E0,-1.01E1));
#4029=DIRECTION('',(0.E0,0.E0,1.E0));
#4030=DIRECTION('',(1.E0,0.E0,0.E0));
#4031=AXIS2_PLACEMENT_3D('',#4028,#4029,#4030);
#4033=CARTESIAN_POINT('',(8.75E0,-9.1E0,-2.E1));
#4034=DIRECTION('',(0.E0,0.E0,-1.E0));
#4035=DIRECTION('',(-1.E0,0.E0,0.E0));
#4036=AXIS2_PLACEMENT_3D('',#4033,#4034,#4035);
#4038=DIRECTION('',(0.E0,1.E0,0.E0));
#4039=VECTOR('',#4038,2.125000002286E0);
#4040=CARTESIAN_POINT('',(5.925E0,-1.02E1,-1.01E1));
#4041=LINE('',#4040,#4039);
#4042=DIRECTION('',(0.E0,2.308617943279E-10,1.E0));
#4043=VECTOR('',#4042,9.9E0);
#4044=CARTESIAN_POINT('',(5.925E0,-8.075E0,-2.E1));
#4045=LINE('',#4044,#4043);
#4046=CARTESIAN_POINT('',(5.925E0,-1.02E1,-9.9E0));
#4047=DIRECTION('',(-1.E0,0.E0,0.E0));
#4048=DIRECTION('',(0.E0,0.E0,-1.E0));
#4049=AXIS2_PLACEMENT_3D('',#4046,#4047,#4048);
#4051=CARTESIAN_POINT('',(5.825E0,-8.075E0,-1.01E1));
#4052=DIRECTION('',(0.E0,1.E0,0.E0));
#4053=DIRECTION('',(0.E0,0.E0,1.E0));
#4054=AXIS2_PLACEMENT_3D('',#4051,#4052,#4053);
#4056=CARTESIAN_POINT('',(4.675E0,-8.075E0,-1.01E1));
#4057=DIRECTION('',(0.E0,-1.E0,0.E0));
#4058=DIRECTION('',(0.E0,0.E0,1.E0));
#4059=AXIS2_PLACEMENT_3D('',#4056,#4057,#4058);
#4061=DIRECTION('',(0.E0,-1.E0,0.E0));
#4062=VECTOR('',#4061,2.125000003448E0);
#4063=CARTESIAN_POINT('',(4.575E0,-8.074999996553E0,-1.01E1));
#4064=LINE('',#4063,#4062);
#4065=CARTESIAN_POINT('',(4.575E0,-1.02E1,-9.9E0));
#4066=DIRECTION('',(-1.E0,0.E0,0.E0));
#4067=DIRECTION('',(0.E0,0.E0,-1.E0));
#4068=AXIS2_PLACEMENT_3D('',#4065,#4066,#4067);
#4070=DIRECTION('',(0.E0,3.482072094187E-10,1.E0));
#4071=VECTOR('',#4070,9.9E0);
#4072=CARTESIAN_POINT('',(4.575E0,-8.075E0,-2.E1));
#4073=LINE('',#4072,#4071);
#4074=CARTESIAN_POINT('',(4.675E0,-1.02E1,-1.01E1));
#4075=DIRECTION('',(0.E0,-1.E0,-1.687538997430E-14));
#4076=DIRECTION('',(0.E0,-1.776356839400E-14,1.E0));
#4077=AXIS2_PLACEMENT_3D('',#4074,#4075,#4076);
#4079=CARTESIAN_POINT('',(4.675E0,-1.02E1,-9.9E0));
#4080=DIRECTION('',(1.E0,0.E0,0.E0));
#4081=DIRECTION('',(0.E0,-1.E0,0.E0));
#4082=AXIS2_PLACEMENT_3D('',#4079,#4080,#4081);
#4084=CARTESIAN_POINT('',(5.825E0,-1.02E1,-9.9E0));
#4085=DIRECTION('',(-1.E0,0.E0,0.E0));
#4086=DIRECTION('',(0.E0,0.E0,-1.E0));
#4087=AXIS2_PLACEMENT_3D('',#4084,#4085,#4086);
#4089=CARTESIAN_POINT('',(5.825E0,-1.02E1,-1.01E1));
#4090=DIRECTION('',(0.E0,-1.E0,0.E0));
#4091=DIRECTION('',(1.E0,0.E0,0.E0));
#4092=AXIS2_PLACEMENT_3D('',#4089,#4090,#4091);
#4094=CARTESIAN_POINT('',(5.25E0,-8.075E0,-1.01E1));
#4095=DIRECTION('',(0.E0,0.E0,1.E0));
#4096=DIRECTION('',(1.E0,0.E0,0.E0));
#4097=AXIS2_PLACEMENT_3D('',#4094,#4095,#4096);
#4099=CARTESIAN_POINT('',(5.25E0,-8.075E0,-2.E1));
#4100=DIRECTION('',(0.E0,0.E0,-1.E0));
#4101=DIRECTION('',(-1.E0,0.E0,0.E0));
#4102=AXIS2_PLACEMENT_3D('',#4099,#4100,#4101);
#4104=DIRECTION('',(0.E0,1.E0,0.E0));
#4105=VECTOR('',#4104,1.100000012861E0);
#4106=CARTESIAN_POINT('',(2.25E0,-1.02E1,-1.01E1));
#4107=LINE('',#4106,#4105);
#4108=DIRECTION('',(0.E0,1.299035043395E-9,1.E0));
#4109=VECTOR('',#4108,9.9E0);
#4110=CARTESIAN_POINT('',(2.25E0,-9.1E0,-2.E1));
#4111=LINE('',#4110,#4109);
#4112=CARTESIAN_POINT('',(2.25E0,-1.02E1,-9.9E0));
#4113=DIRECTION('',(-1.E0,0.E0,0.E0));
#4114=DIRECTION('',(0.E0,0.E0,-1.E0));
#4115=AXIS2_PLACEMENT_3D('',#4112,#4113,#4114);
#4117=CARTESIAN_POINT('',(2.15E0,-9.1E0,-1.01E1));
#4118=DIRECTION('',(0.E0,1.E0,0.E0));
#4119=DIRECTION('',(0.E0,0.E0,1.E0));
#4120=AXIS2_PLACEMENT_3D('',#4117,#4118,#4119);
#4122=CARTESIAN_POINT('',(1.35E0,-9.1E0,-1.01E1));
#4123=DIRECTION('',(0.E0,-1.E0,0.E0));
#4124=DIRECTION('',(0.E0,0.E0,1.E0));
#4125=AXIS2_PLACEMENT_3D('',#4122,#4123,#4124);
#4127=DIRECTION('',(0.E0,-1.E0,0.E0));
#4128=VECTOR('',#4127,1.100000001797E0);
#4129=CARTESIAN_POINT('',(1.25E0,-9.099999998203E0,-1.01E1));
#4130=LINE('',#4129,#4128);
#4131=CARTESIAN_POINT('',(1.25E0,-1.02E1,-9.9E0));
#4132=DIRECTION('',(-1.E0,0.E0,0.E0));
#4133=DIRECTION('',(0.E0,0.E0,-1.E0));
#4134=AXIS2_PLACEMENT_3D('',#4131,#4132,#4133);
#4136=DIRECTION('',(0.E0,1.814570043045E-10,1.E0));
#4137=VECTOR('',#4136,9.9E0);
#4138=CARTESIAN_POINT('',(1.25E0,-9.1E0,-2.E1));
#4139=LINE('',#4138,#4137);
#4140=CARTESIAN_POINT('',(1.35E0,-1.02E1,-1.01E1));
#4141=DIRECTION('',(0.E0,-1.E0,-1.837419105755E-14));
#4142=DIRECTION('',(0.E0,-1.776356839400E-14,1.E0));
#4143=AXIS2_PLACEMENT_3D('',#4140,#4141,#4142);
#4145=CARTESIAN_POINT('',(1.35E0,-1.02E1,-9.9E0));
#4146=DIRECTION('',(1.E0,0.E0,0.E0));
#4147=DIRECTION('',(0.E0,-1.E0,0.E0));
#4148=AXIS2_PLACEMENT_3D('',#4145,#4146,#4147);
#4150=CARTESIAN_POINT('',(2.15E0,-1.02E1,-9.9E0));
#4151=DIRECTION('',(-1.E0,0.E0,0.E0));
#4152=DIRECTION('',(0.E0,0.E0,-1.E0));
#4153=AXIS2_PLACEMENT_3D('',#4150,#4151,#4152);
#4155=CARTESIAN_POINT('',(2.15E0,-1.02E1,-1.01E1));
#4156=DIRECTION('',(0.E0,-1.E0,-2.520206265899E-14));
#4157=DIRECTION('',(1.E0,0.E0,0.E0));
#4158=AXIS2_PLACEMENT_3D('',#4155,#4156,#4157);
#4160=CARTESIAN_POINT('',(1.75E0,-9.1E0,-1.01E1));
#4161=DIRECTION('',(0.E0,0.E0,1.E0));
#4162=DIRECTION('',(1.E0,0.E0,0.E0));
#4163=AXIS2_PLACEMENT_3D('',#4160,#4161,#4162);
#4165=CARTESIAN_POINT('',(1.75E0,-9.1E0,-2.E1));
#4166=DIRECTION('',(0.E0,0.E0,-1.E0));
#4167=DIRECTION('',(-1.E0,0.E0,0.E0));
#4168=AXIS2_PLACEMENT_3D('',#4165,#4166,#4167);
#4170=DIRECTION('',(0.E0,1.E0,0.E0));
#4171=VECTOR('',#4170,1.100000003607E0);
#4172=CARTESIAN_POINT('',(-1.25E0,-1.02E1,-1.01E1));
#4173=LINE('',#4172,#4171);
#4174=DIRECTION('',(0.E0,-3.643471158895E-10,-1.E0));
#4175=VECTOR('',#4174,9.9E0);
#4176=CARTESIAN_POINT('',(-1.25E0,-9.099999996393E0,-1.01E1));
#4177=LINE('',#4176,#4175);
#4178=CARTESIAN_POINT('',(-1.25E0,-1.02E1,-9.9E0));
#4179=DIRECTION('',(-1.E0,0.E0,0.E0));
#4180=DIRECTION('',(0.E0,0.E0,-1.E0));
#4181=AXIS2_PLACEMENT_3D('',#4178,#4179,#4180);
#4183=CARTESIAN_POINT('',(-1.35E0,-9.1E0,-1.01E1));
#4184=DIRECTION('',(0.E0,1.E0,0.E0));
#4185=DIRECTION('',(0.E0,0.E0,1.E0));
#4186=AXIS2_PLACEMENT_3D('',#4183,#4184,#4185);
#4188=CARTESIAN_POINT('',(-2.15E0,-9.1E0,-1.01E1));
#4189=DIRECTION('',(0.E0,-1.E0,0.E0));
#4190=DIRECTION('',(0.E0,0.E0,1.E0));
#4191=AXIS2_PLACEMENT_3D('',#4188,#4189,#4190);
#4193=DIRECTION('',(0.E0,-1.E0,0.E0));
#4194=VECTOR('',#4193,1.100000006424E0);
#4195=CARTESIAN_POINT('',(-2.25E0,-9.099999993576E0,-1.01E1));
#4196=LINE('',#4195,#4194);
#4197=CARTESIAN_POINT('',(-2.25E0,-1.02E1,-9.9E0));
#4198=DIRECTION('',(-1.E0,0.E0,0.E0));
#4199=DIRECTION('',(0.E0,0.E0,-1.E0));
#4200=AXIS2_PLACEMENT_3D('',#4197,#4198,#4199);
#4202=DIRECTION('',(0.E0,-6.489137398020E-10,-1.E0));
#4203=VECTOR('',#4202,9.9E0);
#4204=CARTESIAN_POINT('',(-2.25E0,-9.099999993576E0,-1.01E1));
#4205=LINE('',#4204,#4203);
#4206=CARTESIAN_POINT('',(-2.15E0,-1.02E1,-1.01E1));
#4207=DIRECTION('',(0.E0,-1.E0,-1.826316875508E-14));
#4208=DIRECTION('',(0.E0,-1.776356839400E-14,1.E0));
#4209=AXIS2_PLACEMENT_3D('',#4206,#4207,#4208);
#4211=CARTESIAN_POINT('',(-2.15E0,-1.02E1,-9.9E0));
#4212=DIRECTION('',(1.E0,0.E0,0.E0));
#4213=DIRECTION('',(0.E0,-1.E0,0.E0));
#4214=AXIS2_PLACEMENT_3D('',#4211,#4212,#4213);
#4216=CARTESIAN_POINT('',(-1.35E0,-1.02E1,-9.9E0));
#4217=DIRECTION('',(-1.E0,0.E0,0.E0));
#4218=DIRECTION('',(0.E0,0.E0,-1.E0));
#4219=AXIS2_PLACEMENT_3D('',#4216,#4217,#4218);
#4221=CARTESIAN_POINT('',(-1.35E0,-1.02E1,-1.01E1));
#4222=DIRECTION('',(0.E0,-1.E0,-2.531308496145E-14));
#4223=DIRECTION('',(1.E0,0.E0,0.E0));
#4224=AXIS2_PLACEMENT_3D('',#4221,#4222,#4223);
#4226=CARTESIAN_POINT('',(-1.75E0,-9.1E0,-1.01E1));
#4227=DIRECTION('',(0.E0,0.E0,1.E0));
#4228=DIRECTION('',(1.E0,0.E0,0.E0));
#4229=AXIS2_PLACEMENT_3D('',#4226,#4227,#4228);
#4231=CARTESIAN_POINT('',(-1.75E0,-9.1E0,-2.E1));
#4232=DIRECTION('',(0.E0,0.E0,-1.E0));
#4233=DIRECTION('',(-1.E0,0.E0,0.E0));
#4234=AXIS2_PLACEMENT_3D('',#4231,#4232,#4233);
#4236=DIRECTION('',(0.E0,1.E0,0.E0));
#4237=VECTOR('',#4236,1.100000012861E0);
#4238=CARTESIAN_POINT('',(-4.75E0,-1.02E1,-1.01E1));
#4239=LINE('',#4238,#4237);
#4240=DIRECTION('',(0.E0,1.299035043395E-9,1.E0));
#4241=VECTOR('',#4240,9.9E0);
#4242=CARTESIAN_POINT('',(-4.75E0,-9.1E0,-2.E1));
#4243=LINE('',#4242,#4241);
#4244=CARTESIAN_POINT('',(-4.75E0,-1.02E1,-9.9E0));
#4245=DIRECTION('',(-1.E0,0.E0,0.E0));
#4246=DIRECTION('',(0.E0,0.E0,-1.E0));
#4247=AXIS2_PLACEMENT_3D('',#4244,#4245,#4246);
#4249=CARTESIAN_POINT('',(-4.85E0,-9.1E0,-1.01E1));
#4250=DIRECTION('',(0.E0,1.E0,0.E0));
#4251=DIRECTION('',(0.E0,0.E0,1.E0));
#4252=AXIS2_PLACEMENT_3D('',#4249,#4250,#4251);
#4254=CARTESIAN_POINT('',(-5.65E0,-9.1E0,-1.01E1));
#4255=DIRECTION('',(0.E0,-1.E0,0.E0));
#4256=DIRECTION('',(0.E0,0.E0,1.E0));
#4257=AXIS2_PLACEMENT_3D('',#4254,#4255,#4256);
#4259=DIRECTION('',(0.E0,-1.E0,0.E0));
#4260=VECTOR('',#4259,1.100000001797E0);
#4261=CARTESIAN_POINT('',(-5.75E0,-9.099999998203E0,-1.01E1));
#4262=LINE('',#4261,#4260);
#4263=CARTESIAN_POINT('',(-5.75E0,-1.02E1,-9.9E0));
#4264=DIRECTION('',(-1.E0,0.E0,0.E0));
#4265=DIRECTION('',(0.E0,0.E0,-1.E0));
#4266=AXIS2_PLACEMENT_3D('',#4263,#4264,#4265);
#4268=DIRECTION('',(0.E0,1.814570043045E-10,1.E0));
#4269=VECTOR('',#4268,9.9E0);
#4270=CARTESIAN_POINT('',(-5.75E0,-9.1E0,-2.E1));
#4271=LINE('',#4270,#4269);
#4272=CARTESIAN_POINT('',(-5.65E0,-1.02E1,-1.01E1));
#4273=DIRECTION('',(0.E0,-1.E0,-1.687538997430E-14));
#4274=DIRECTION('',(0.E0,-1.776356839400E-14,1.E0));
#4275=AXIS2_PLACEMENT_3D('',#4272,#4273,#4274);
#4277=CARTESIAN_POINT('',(-5.65E0,-1.02E1,-9.9E0));
#4278=DIRECTION('',(1.E0,0.E0,0.E0));
#4279=DIRECTION('',(0.E0,-1.E0,0.E0));
#4280=AXIS2_PLACEMENT_3D('',#4277,#4278,#4279);
#4282=CARTESIAN_POINT('',(-4.85E0,-1.02E1,-9.9E0));
#4283=DIRECTION('',(-1.E0,0.E0,0.E0));
#4284=DIRECTION('',(0.E0,0.E0,-1.E0));
#4285=AXIS2_PLACEMENT_3D('',#4282,#4283,#4284);
#4287=CARTESIAN_POINT('',(-4.85E0,-1.02E1,-1.01E1));
#4288=DIRECTION('',(0.E0,-1.E0,-2.314815006343E-14));
#4289=DIRECTION('',(1.E0,0.E0,0.E0));
#4290=AXIS2_PLACEMENT_3D('',#4287,#4288,#4289);
#4292=CARTESIAN_POINT('',(-5.25E0,-9.1E0,-1.01E1));
#4293=DIRECTION('',(0.E0,0.E0,1.E0));
#4294=DIRECTION('',(1.E0,0.E0,0.E0));
#4295=AXIS2_PLACEMENT_3D('',#4292,#4293,#4294);
#4297=CARTESIAN_POINT('',(-5.25E0,-9.1E0,-2.E1));
#4298=DIRECTION('',(0.E0,0.E0,-1.E0));
#4299=DIRECTION('',(-1.E0,0.E0,0.E0));
#4300=AXIS2_PLACEMENT_3D('',#4297,#4298,#4299);
#4302=DIRECTION('',(0.E0,1.E0,0.E0));
#4303=VECTOR('',#4302,1.100000012861E0);
#4304=CARTESIAN_POINT('',(-8.25E0,-1.02E1,-1.01E1));
#4305=LINE('',#4304,#4303);
#4306=DIRECTION('',(0.E0,1.299035043395E-9,1.E0));
#4307=VECTOR('',#4306,9.9E0);
#4308=CARTESIAN_POINT('',(-8.25E0,-9.1E0,-2.E1));
#4309=LINE('',#4308,#4307);
#4310=CARTESIAN_POINT('',(-8.25E0,-1.02E1,-9.9E0));
#4311=DIRECTION('',(-1.E0,0.E0,0.E0));
#4312=DIRECTION('',(0.E0,0.E0,-1.E0));
#4313=AXIS2_PLACEMENT_3D('',#4310,#4311,#4312);
#4315=CARTESIAN_POINT('',(-8.35E0,-9.1E0,-1.01E1));
#4316=DIRECTION('',(0.E0,1.E0,0.E0));
#4317=DIRECTION('',(1.776356839400E-14,0.E0,1.E0));
#4318=AXIS2_PLACEMENT_3D('',#4315,#4316,#4317);
#4320=CARTESIAN_POINT('',(-9.15E0,-9.1E0,-1.01E1));
#4321=DIRECTION('',(0.E0,-1.E0,0.E0));
#4322=DIRECTION('',(0.E0,0.E0,1.E0));
#4323=AXIS2_PLACEMENT_3D('',#4320,#4321,#4322);
#4325=DIRECTION('',(0.E0,-1.E0,0.E0));
#4326=VECTOR('',#4325,1.100000001797E0);
#4327=CARTESIAN_POINT('',(-9.25E0,-9.099999998203E0,-1.01E1));
#4328=LINE('',#4327,#4326);
#4329=CARTESIAN_POINT('',(-9.25E0,-1.02E1,-9.9E0));
#4330=DIRECTION('',(-1.E0,0.E0,0.E0));
#4331=DIRECTION('',(0.E0,0.E0,-1.E0));
#4332=AXIS2_PLACEMENT_3D('',#4329,#4330,#4331);
#4334=DIRECTION('',(0.E0,1.814570043045E-10,1.E0));
#4335=VECTOR('',#4334,9.9E0);
#4336=CARTESIAN_POINT('',(-9.25E0,-9.1E0,-2.E1));
#4337=LINE('',#4336,#4335);
#4338=CARTESIAN_POINT('',(-9.15E0,-1.02E1,-1.01E1));
#4339=DIRECTION('',(0.E0,-1.E0,-1.698641227676E-14));
#4340=DIRECTION('',(0.E0,-1.776356839400E-14,1.E0));
#4341=AXIS2_PLACEMENT_3D('',#4338,#4339,#4340);
#4343=CARTESIAN_POINT('',(-9.15E0,-1.02E1,-9.9E0));
#4344=DIRECTION('',(1.E0,0.E0,0.E0));
#4345=DIRECTION('',(0.E0,-1.E0,0.E0));
#4346=AXIS2_PLACEMENT_3D('',#4343,#4344,#4345);
#4348=CARTESIAN_POINT('',(-8.35E0,-1.02E1,-9.9E0));
#4349=DIRECTION('',(-1.E0,0.E0,0.E0));
#4350=DIRECTION('',(0.E0,0.E0,-1.E0));
#4351=AXIS2_PLACEMENT_3D('',#4348,#4349,#4350);
#4353=CARTESIAN_POINT('',(-8.35E0,-1.02E1,-1.01E1));
#4354=DIRECTION('',(0.E0,-1.E0,-2.331468351713E-14));
#4355=DIRECTION('',(1.E0,0.E0,0.E0));
#4356=AXIS2_PLACEMENT_3D('',#4353,#4354,#4355);
#4358=CARTESIAN_POINT('',(-8.75E0,-9.1E0,-1.01E1));
#4359=DIRECTION('',(0.E0,0.E0,1.E0));
#4360=DIRECTION('',(1.E0,0.E0,0.E0));
#4361=AXIS2_PLACEMENT_3D('',#4358,#4359,#4360);
#4363=CARTESIAN_POINT('',(-8.75E0,-9.1E0,-2.E1));
#4364=DIRECTION('',(0.E0,0.E0,-1.E0));
#4365=DIRECTION('',(-1.E0,0.E0,0.E0));
#4366=AXIS2_PLACEMENT_3D('',#4363,#4364,#4365);
#4368=DIRECTION('',(0.E0,-1.E0,0.E0));
#4369=VECTOR('',#4368,1.100000003607E0);
#4370=CARTESIAN_POINT('',(-1.275E1,1.02E1,-1.01E1));
#4371=LINE('',#4370,#4369);
#4372=DIRECTION('',(0.E0,3.643471158895E-10,-1.E0));
#4373=VECTOR('',#4372,9.9E0);
#4374=CARTESIAN_POINT('',(-1.275E1,9.099999996393E0,-1.01E1));
#4375=LINE('',#4374,#4373);
#4376=CARTESIAN_POINT('',(-1.275E1,1.02E1,-9.9E0));
#4377=DIRECTION('',(1.E0,0.E0,0.E0));
#4378=DIRECTION('',(0.E0,0.E0,-1.E0));
#4379=AXIS2_PLACEMENT_3D('',#4376,#4377,#4378);
#4381=CARTESIAN_POINT('',(-1.265E1,9.1E0,-1.01E1));
#4382=DIRECTION('',(0.E0,-1.E0,0.E0));
#4383=DIRECTION('',(0.E0,0.E0,1.E0));
#4384=AXIS2_PLACEMENT_3D('',#4381,#4382,#4383);
#4386=CARTESIAN_POINT('',(-1.185E1,9.1E0,-1.01E1));
#4387=DIRECTION('',(0.E0,1.E0,0.E0));
#4388=DIRECTION('',(0.E0,0.E0,1.E0));
#4389=AXIS2_PLACEMENT_3D('',#4386,#4387,#4388);
#4391=DIRECTION('',(0.E0,1.E0,0.E0));
#4392=VECTOR('',#4391,1.100000006424E0);
#4393=CARTESIAN_POINT('',(-1.175E1,9.099999993576E0,-1.01E1));
#4394=LINE('',#4393,#4392);
#4395=CARTESIAN_POINT('',(-1.175E1,1.02E1,-9.9E0));
#4396=DIRECTION('',(1.E0,0.E0,0.E0));
#4397=DIRECTION('',(0.E0,0.E0,-1.E0));
#4398=AXIS2_PLACEMENT_3D('',#4395,#4396,#4397);
#4400=DIRECTION('',(0.E0,6.489139192319E-10,-1.E0));
#4401=VECTOR('',#4400,9.9E0);
#4402=CARTESIAN_POINT('',(-1.175E1,9.099999993576E0,-1.01E1));
#4403=LINE('',#4402,#4401);
#4404=CARTESIAN_POINT('',(-1.185E1,1.02E1,-1.01E1));
#4405=DIRECTION('',(0.E0,1.E0,-1.698641227676E-14));
#4406=DIRECTION('',(0.E0,1.776356839400E-14,1.E0));
#4407=AXIS2_PLACEMENT_3D('',#4404,#4405,#4406);
#4409=CARTESIAN_POINT('',(-1.185E1,1.02E1,-9.9E0));
#4410=DIRECTION('',(-1.E0,0.E0,0.E0));
#4411=DIRECTION('',(0.E0,1.E0,0.E0));
#4412=AXIS2_PLACEMENT_3D('',#4409,#4410,#4411);
#4414=CARTESIAN_POINT('',(-1.265E1,1.02E1,-9.9E0));
#4415=DIRECTION('',(1.E0,0.E0,0.E0));
#4416=DIRECTION('',(0.E0,0.E0,-1.E0));
#4417=AXIS2_PLACEMENT_3D('',#4414,#4415,#4416);
#4419=CARTESIAN_POINT('',(-1.265E1,1.02E1,-1.01E1));
#4420=DIRECTION('',(0.E0,1.E0,-2.331468351713E-14));
#4421=DIRECTION('',(-1.E0,0.E0,0.E0));
#4422=AXIS2_PLACEMENT_3D('',#4419,#4420,#4421);
#4424=CARTESIAN_POINT('',(-1.225E1,9.1E0,-1.01E1));
#4425=DIRECTION('',(0.E0,0.E0,1.E0));
#4426=DIRECTION('',(-1.E0,0.E0,0.E0));
#4427=AXIS2_PLACEMENT_3D('',#4424,#4425,#4426);
#4429=CARTESIAN_POINT('',(-1.225E1,9.1E0,-2.E1));
#4430=DIRECTION('',(0.E0,0.E0,-1.E0));
#4431=DIRECTION('',(1.E0,0.E0,0.E0));
#4432=AXIS2_PLACEMENT_3D('',#4429,#4430,#4431);
#4434=CARTESIAN_POINT('',(2.12E1,5.6E0,-5.E-1));
#4435=DIRECTION('',(0.E0,1.E0,0.E0));
#4436=DIRECTION('',(0.E0,0.E0,1.E0));
#4437=AXIS2_PLACEMENT_3D('',#4434,#4435,#4436);
#4439=CARTESIAN_POINT('',(1.55E1,1.13E1,-5.E-1));
#4440=DIRECTION('',(-1.E0,0.E0,0.E0));
#4441=DIRECTION('',(0.E0,0.E0,1.E0));
#4442=AXIS2_PLACEMENT_3D('',#4439,#4440,#4441);
#4444=DIRECTION('',(-1.E0,0.E0,0.E0));
#4445=VECTOR('',#4444,1.099999999996E1);
#4446=CARTESIAN_POINT('',(-4.5E0,1.18E1,-5.E-1));
#4447=LINE('',#4446,#4445);
#4448=DIRECTION('',(1.E0,0.E0,-6.635552322666E-14));
#4449=VECTOR('',#4448,3.099999999999E1);
#4450=CARTESIAN_POINT('',(-1.549999999999E1,1.18E1,-1.95E1));
#4451=LINE('',#4450,#4449);
#4452=DIRECTION('',(0.E0,0.E0,1.E0));
#4453=VECTOR('',#4452,7.5E-1);
#4454=CARTESIAN_POINT('',(1.995E1,1.18E1,-2.E1));
#4455=LINE('',#4454,#4453);
#4456=DIRECTION('',(1.534393353116E-12,0.E0,-1.E0));
#4457=VECTOR('',#4456,1.875E1);
#4458=CARTESIAN_POINT('',(1.549999999997E1,1.18E1,-5.E-1));
#4459=LINE('',#4458,#4457);
#4460=DIRECTION('',(-1.E0,0.E0,0.E0));
#4461=VECTOR('',#4460,1.099999999997E1);
#4462=CARTESIAN_POINT('',(1.549999999997E1,1.18E1,-5.E-1));
#4463=LINE('',#4462,#4461);
#4464=DIRECTION('',(0.E0,0.E0,-1.E0));
#4465=VECTOR('',#4464,4.9E0);
#4466=CARTESIAN_POINT('',(4.5E0,1.18E1,-5.E-1));
#4467=LINE('',#4466,#4465);
#4468=DIRECTION('',(1.E0,0.E0,0.E0));
#4469=VECTOR('',#4468,1.8E0);
#4470=CARTESIAN_POINT('',(2.7E0,1.18E1,-5.4E0));
#4471=LINE('',#4470,#4469);
#4472=DIRECTION('',(0.E0,0.E0,-1.E0));
#4473=VECTOR('',#4472,4.9E0);
#4474=CARTESIAN_POINT('',(2.7E0,1.18E1,-5.E-1));
#4475=LINE('',#4474,#4473);
#4476=DIRECTION('',(-1.E0,0.E0,0.E0));
#4477=VECTOR('',#4476,5.4E0);
#4478=CARTESIAN_POINT('',(2.7E0,1.18E1,-5.E-1));
#4479=LINE('',#4478,#4477);
#4480=DIRECTION('',(0.E0,0.E0,-1.E0));
#4481=VECTOR('',#4480,4.9E0);
#4482=CARTESIAN_POINT('',(-2.7E0,1.18E1,-5.E-1));
#4483=LINE('',#4482,#4481);
#4484=DIRECTION('',(1.E0,0.E0,0.E0));
#4485=VECTOR('',#4484,1.8E0);
#4486=CARTESIAN_POINT('',(-4.5E0,1.18E1,-5.4E0));
#4487=LINE('',#4486,#4485);
#4488=DIRECTION('',(0.E0,0.E0,-1.E0));
#4489=VECTOR('',#4488,4.9E0);
#4490=CARTESIAN_POINT('',(-4.5E0,1.18E1,-5.E-1));
#4491=LINE('',#4490,#4489);
#4492=CARTESIAN_POINT('',(-1.55E1,5.6E0,-5.E-1));
#4493=DIRECTION('',(0.E0,0.E0,1.E0));
#4494=DIRECTION('',(0.E0,1.E0,0.E0));
#4495=AXIS2_PLACEMENT_3D('',#4492,#4493,#4494);
#4497=CARTESIAN_POINT('',(-1.55E1,5.6E0,-1.925E1));
#4498=DIRECTION('',(0.E0,0.E0,1.E0));
#4499=DIRECTION('',(0.E0,1.E0,0.E0));
#4500=AXIS2_PLACEMENT_3D('',#4497,#4498,#4499);
#4502=DIRECTION('',(-1.937792148965E-12,0.E0,-1.E0));
#4503=VECTOR('',#4502,1.875E1);
#4504=CARTESIAN_POINT('',(-1.549999999996E1,1.18E1,-5.E-1));
#4505=LINE('',#4504,#4503);
#4506=CARTESIAN_POINT('',(-1.55E1,1.13E1,-5.E-1));
#4507=DIRECTION('',(-1.E0,0.E0,0.E0));
#4508=DIRECTION('',(0.E0,0.E0,1.E0));
#4509=AXIS2_PLACEMENT_3D('',#4506,#4507,#4508);
#4511=CARTESIAN_POINT('',(-2.12E1,5.6E0,-5.E-1));
#4512=DIRECTION('',(0.E0,-1.E0,0.E0));
#4513=DIRECTION('',(0.E0,0.E0,1.E0));
#4514=AXIS2_PLACEMENT_3D('',#4511,#4512,#4513);
#4516=CARTESIAN_POINT('',(-2.12E1,-5.6E0,-5.E-1));
#4517=DIRECTION('',(0.E0,-1.E0,0.E0));
#4518=DIRECTION('',(0.E0,0.E0,1.E0));
#4519=AXIS2_PLACEMENT_3D('',#4516,#4517,#4518);
#4521=CARTESIAN_POINT('',(-1.55E1,-1.13E1,-5.E-1));
#4522=DIRECTION('',(1.E0,0.E0,0.E0));
#4523=DIRECTION('',(0.E0,0.E0,1.E0));
#4524=AXIS2_PLACEMENT_3D('',#4521,#4522,#4523);
#4526=CARTESIAN_POINT('',(1.55E1,-1.13E1,-5.E-1));
#4527=DIRECTION('',(1.E0,0.E0,0.E0));
#4528=DIRECTION('',(0.E0,0.E0,1.E0));
#4529=AXIS2_PLACEMENT_3D('',#4526,#4527,#4528);
#4531=CARTESIAN_POINT('',(2.12E1,-5.6E0,-5.E-1));
#4532=DIRECTION('',(0.E0,1.E0,0.E0));
#4533=DIRECTION('',(0.E0,0.E0,1.E0));
#4534=AXIS2_PLACEMENT_3D('',#4531,#4532,#4533);
#4536=DIRECTION('',(0.E0,1.E0,0.E0));
#4537=VECTOR('',#4536,1.119999999993E1);
#4538=CARTESIAN_POINT('',(2.17E1,-5.599999999971E0,-5.E-1));
#4539=LINE('',#4538,#4537);
#4540=DIRECTION('',(0.E0,-1.E0,-2.378059213906E-13));
#4541=VECTOR('',#4540,8.649999999986E0);
#4542=CARTESIAN_POINT('',(2.17E1,5.599999999986E0,-1.95E1));
#4543=LINE('',#4542,#4541);
#4544=DIRECTION('',(0.E0,0.E0,1.E0));
#4545=VECTOR('',#4544,2.5E-1);
#4546=CARTESIAN_POINT('',(2.17E1,-3.050000000001E0,-1.95E1));
#4547=LINE('',#4546,#4545);
#4548=DIRECTION('',(0.E0,1.E0,0.E0));
#4549=VECTOR('',#4548,2.549999999999E0);
#4550=CARTESIAN_POINT('',(2.17E1,-5.6E0,-1.925E1));
#4551=LINE('',#4550,#4549);
#4552=DIRECTION('',(0.E0,-1.533824918927E-12,-1.E0));
#4553=VECTOR('',#4552,1.875E1);
#4554=CARTESIAN_POINT('',(2.17E1,-5.599999999971E0,-5.E-1));
#4555=LINE('',#4554,#4553);
#4556=CARTESIAN_POINT('',(1.55E1,5.6E0,-5.E-1));
#4557=DIRECTION('',(0.E0,0.E0,1.E0));
#4558=DIRECTION('',(1.E0,0.E0,0.E0));
#4559=AXIS2_PLACEMENT_3D('',#4556,#4557,#4558);
#4561=CARTESIAN_POINT('',(1.55E1,5.6E0,-1.925E1));
#4562=DIRECTION('',(0.E0,0.E0,1.E0));
#4563=DIRECTION('',(1.E0,0.E0,0.E0));
#4564=AXIS2_PLACEMENT_3D('',#4561,#4562,#4563);
#4566=DIRECTION('',(0.E0,1.937744779449E-12,-1.E0));
#4567=VECTOR('',#4566,1.875E1);
#4568=CARTESIAN_POINT('',(2.17E1,5.599999999964E0,-5.E-1));
#4569=LINE('',#4568,#4567);
#4570=CARTESIAN_POINT('',(2.37E1,1.08E1,-1.925E1));
#4571=DIRECTION('',(0.E0,0.E0,-1.E0));
#4572=DIRECTION('',(1.E0,0.E0,0.E0));
#4573=AXIS2_PLACEMENT_3D('',#4570,#4571,#4572);
#4575=CARTESIAN_POINT('',(2.37E1,1.08E1,-1.925E1));
#4576=DIRECTION('',(0.E0,0.E0,-1.E0));
#4577=DIRECTION('',(-1.E0,0.E0,0.E0));
#4578=AXIS2_PLACEMENT_3D('',#4575,#4576,#4577);
#4580=CARTESIAN_POINT('',(2.52E1,-7.300000000001E0,-1.925E1));
#4581=DIRECTION('',(0.E0,0.E0,-1.E0));
#4582=DIRECTION('',(1.E0,0.E0,0.E0));
#4583=AXIS2_PLACEMENT_3D('',#4580,#4581,#4582);
#4585=CARTESIAN_POINT('',(2.52E1,-7.300000000001E0,-1.925E1));
#4586=DIRECTION('',(0.E0,0.E0,-1.E0));
#4587=DIRECTION('',(-1.E0,0.E0,0.E0));
#4588=AXIS2_PLACEMENT_3D('',#4585,#4586,#4587);
#4590=CARTESIAN_POINT('',(-2.37E1,1.08E1,-1.925E1));
#4591=DIRECTION('',(0.E0,0.E0,-1.E0));
#4592=DIRECTION('',(1.E0,0.E0,0.E0));
#4593=AXIS2_PLACEMENT_3D('',#4590,#4591,#4592);
#4595=CARTESIAN_POINT('',(-2.37E1,1.08E1,-1.925E1));
#4596=DIRECTION('',(0.E0,0.E0,-1.E0));
#4597=DIRECTION('',(-1.E0,0.E0,0.E0));
#4598=AXIS2_PLACEMENT_3D('',#4595,#4596,#4597);
#4600=CARTESIAN_POINT('',(-2.52E1,-7.300000000001E0,-1.925E1));
#4601=DIRECTION('',(0.E0,0.E0,-1.E0));
#4602=DIRECTION('',(1.E0,0.E0,0.E0));
#4603=AXIS2_PLACEMENT_3D('',#4600,#4601,#4602);
#4605=CARTESIAN_POINT('',(-2.52E1,-7.300000000001E0,-1.925E1));
#4606=DIRECTION('',(0.E0,0.E0,-1.E0));
#4607=DIRECTION('',(-1.E0,0.E0,0.E0));
#4608=AXIS2_PLACEMENT_3D('',#4605,#4606,#4607);
#4610=DIRECTION('',(0.E0,-1.E0,0.E0));
#4611=VECTOR('',#4610,1.069322089535E0);
#4612=CARTESIAN_POINT('',(-2.17E1,6.669322089535E0,-1.925E1));
#4613=LINE('',#4612,#4611);
#4614=CARTESIAN_POINT('',(-2.27E1,6.669322089535E0,-1.925E1));
#4615=DIRECTION('',(0.E0,0.E0,-1.E0));
#4616=DIRECTION('',(-2.352941176471E-1,9.719242142270E-1,0.E0));
#4617=AXIS2_PLACEMENT_3D('',#4614,#4615,#4616);
#4619=CARTESIAN_POINT('',(-2.37E1,1.08E1,-1.925E1));
#4620=DIRECTION('',(0.E0,0.E0,1.E0));
#4621=DIRECTION('',(-7.216024245880E-1,6.923076923079E-1,0.E0));
#4622=AXIS2_PLACEMENT_3D('',#4619,#4620,#4621);
#4624=DIRECTION('',(-1.E0,0.E0,0.E0));
#4625=VECTOR('',#4624,4.690415759822E0);
#4626=CARTESIAN_POINT('',(-2.135479212009E1,1.305E1,-1.925E1));
#4627=LINE('',#4626,#4625);
#4628=CARTESIAN_POINT('',(-2.37E1,1.08E1,-1.925E1));
#4629=DIRECTION('',(0.E0,0.E0,1.E0));
#4630=DIRECTION('',(8.823529411764E-1,4.705882352943E-1,0.E0));
#4631=AXIS2_PLACEMENT_3D('',#4628,#4629,#4630);
#4633=CARTESIAN_POINT('',(-1.995E1,1.28E1,-1.925E1));
#4634=DIRECTION('',(0.E0,0.E0,-1.E0));
#4635=DIRECTION('',(0.E0,-1.E0,0.E0));
#4636=AXIS2_PLACEMENT_3D('',#4633,#4634,#4635);
#4638=DIRECTION('',(-1.E0,0.E0,0.E0));
#4639=VECTOR('',#4638,4.45E0);
#4640=CARTESIAN_POINT('',(-1.55E1,1.18E1,-1.925E1));
#4641=LINE('',#4640,#4639);
#4642=DIRECTION('',(1.E0,0.E0,0.E0));
#4643=VECTOR('',#4642,5.966703869234E0);
#4644=CARTESIAN_POINT('',(-2.52E1,-1.055E1,-1.925E1));
#4645=LINE('',#4644,#4643);
#4646=CARTESIAN_POINT('',(-2.52E1,-7.300000000001E0,-1.925E1));
#4647=DIRECTION('',(0.E0,0.E0,1.E0));
#4648=DIRECTION('',(-6.769230769231E-1,-7.360537670096E-1,0.E0));
#4649=AXIS2_PLACEMENT_3D('',#4646,#4647,#4648);
#4651=DIRECTION('',(0.E0,-1.E0,0.E0));
#4652=VECTOR('',#4651,4.784349485562E0);
#4653=CARTESIAN_POINT('',(-2.74E1,-4.907825257220E0,-1.925E1));
#4654=LINE('',#4653,#4652);
#4655=CARTESIAN_POINT('',(-2.52E1,-7.300000000001E0,-1.925E1));
#4656=DIRECTION('',(0.E0,0.E0,1.E0));
#4657=DIRECTION('',(0.E0,1.E0,0.E0));
#4658=AXIS2_PLACEMENT_3D('',#4655,#4656,#4657);
#4660=DIRECTION('',(-1.E0,0.E0,0.E0));
#4661=VECTOR('',#4660,2.5E0);
#4662=CARTESIAN_POINT('',(-2.27E1,-4.050000000001E0,-1.925E1));
#4663=LINE('',#4662,#4661);
#4664=CARTESIAN_POINT('',(-2.27E1,-3.050000000001E0,-1.925E1));
#4665=DIRECTION('',(0.E0,0.E0,-1.E0));
#4666=DIRECTION('',(1.E0,0.E0,0.E0));
#4667=AXIS2_PLACEMENT_3D('',#4664,#4665,#4666);
#4669=CARTESIAN_POINT('',(2.27E1,-3.050000000001E0,-1.925E1));
#4670=DIRECTION('',(0.E0,0.E0,-1.E0));
#4671=DIRECTION('',(0.E0,-1.E0,0.E0));
#4672=AXIS2_PLACEMENT_3D('',#4669,#4670,#4671);
#4674=DIRECTION('',(-1.E0,0.E0,0.E0));
#4675=VECTOR('',#4674,2.5E0);
#4676=CARTESIAN_POINT('',(2.52E1,-4.050000000001E0,-1.925E1));
#4677=LINE('',#4676,#4675);
#4678=CARTESIAN_POINT('',(2.52E1,-7.300000000001E0,-1.925E1));
#4679=DIRECTION('',(0.E0,0.E0,1.E0));
#4680=DIRECTION('',(6.769230769231E-1,7.360537670096E-1,0.E0));
#4681=AXIS2_PLACEMENT_3D('',#4678,#4679,#4680);
#4683=DIRECTION('',(0.E0,1.E0,0.E0));
#4684=VECTOR('',#4683,4.784349485562E0);
#4685=CARTESIAN_POINT('',(2.74E1,-9.692174742782E0,-1.925E1));
#4686=LINE('',#4685,#4684);
#4687=CARTESIAN_POINT('',(2.52E1,-7.300000000001E0,-1.925E1));
#4688=DIRECTION('',(0.E0,0.E0,1.E0));
#4689=DIRECTION('',(0.E0,-1.E0,0.E0));
#4690=AXIS2_PLACEMENT_3D('',#4687,#4688,#4689);
#4692=DIRECTION('',(1.E0,0.E0,0.E0));
#4693=VECTOR('',#4692,5.966703869234E0);
#4694=CARTESIAN_POINT('',(1.923329613077E1,-1.055E1,-1.925E1));
#4695=LINE('',#4694,#4693);
#4696=DIRECTION('',(-1.E0,0.E0,0.E0));
#4697=VECTOR('',#4696,4.45E0);
#4698=CARTESIAN_POINT('',(1.995E1,1.18E1,-1.925E1));
#4699=LINE('',#4698,#4697);
#4700=CARTESIAN_POINT('',(1.995E1,1.28E1,-1.925E1));
#4701=DIRECTION('',(0.E0,0.E0,-1.E0));
#4702=DIRECTION('',(8.823529411764E-1,-4.705882352943E-1,0.E0));
#4703=AXIS2_PLACEMENT_3D('',#4700,#4701,#4702);
#4705=CARTESIAN_POINT('',(2.37E1,1.08E1,-1.925E1));
#4706=DIRECTION('',(0.E0,0.E0,1.E0));
#4707=DIRECTION('',(-7.216024245880E-1,6.923076923079E-1,0.E0));
#4708=AXIS2_PLACEMENT_3D('',#4705,#4706,#4707);
#4710=DIRECTION('',(-1.E0,0.E0,0.E0));
#4711=VECTOR('',#4710,4.690415759822E0);
#4712=CARTESIAN_POINT('',(2.604520787991E1,1.305E1,-1.925E1));
#4713=LINE('',#4712,#4711);
#4714=CARTESIAN_POINT('',(2.37E1,1.08E1,-1.925E1));
#4715=DIRECTION('',(0.E0,0.E0,1.E0));
#4716=DIRECTION('',(-2.352941176470E-1,-9.719242142270E-1,0.E0));
#4717=AXIS2_PLACEMENT_3D('',#4714,#4715,#4716);
#4719=CARTESIAN_POINT('',(2.27E1,6.669322089535E0,-1.925E1));
#4720=DIRECTION('',(0.E0,0.E0,-1.E0));
#4721=DIRECTION('',(-1.E0,0.E0,0.E0));
#4722=AXIS2_PLACEMENT_3D('',#4719,#4720,#4721);
#4724=DIRECTION('',(0.E0,1.E0,0.E0));
#4725=VECTOR('',#4724,1.069322089535E0);
#4726=CARTESIAN_POINT('',(2.17E1,5.6E0,-1.925E1));
#4727=LINE('',#4726,#4725);
#4728=DIRECTION('',(0.E0,0.E0,1.E0));
#4729=VECTOR('',#4728,7.5E-1);
#4730=CARTESIAN_POINT('',(2.53E1,1.08E1,-2.E1));
#4731=LINE('',#4730,#4729);
#4732=CARTESIAN_POINT('',(-2.54E1,1.105E1,-2.E1));
#4733=DIRECTION('',(0.E0,0.E0,1.E0));
#4734=DIRECTION('',(0.E0,1.E0,0.E0));
#4735=AXIS2_PLACEMENT_3D('',#4732,#4733,#4734);
#4737=DIRECTION('',(-1.E0,0.E0,0.E0));
#4738=VECTOR('',#4737,5.08E1);
#4739=CARTESIAN_POINT('',(2.54E1,1.605E1,-2.E1));
#4740=LINE('',#4739,#4738);
#4741=CARTESIAN_POINT('',(2.54E1,1.105E1,-2.E1));
#4742=DIRECTION('',(0.E0,0.E0,1.E0));
#4743=DIRECTION('',(1.E0,0.E0,0.E0));
#4744=AXIS2_PLACEMENT_3D('',#4741,#4742,#4743);
#4746=DIRECTION('',(0.E0,1.E0,0.E0));
#4747=VECTOR('',#4746,2.21E1);
#4748=CARTESIAN_POINT('',(3.04E1,-1.105E1,-2.E1));
#4749=LINE('',#4748,#4747);
#4750=CARTESIAN_POINT('',(2.54E1,-1.105E1,-2.E1));
#4751=DIRECTION('',(0.E0,0.E0,1.E0));
#4752=DIRECTION('',(0.E0,-1.E0,0.E0));
#4753=AXIS2_PLACEMENT_3D('',#4750,#4751,#4752);
#4755=DIRECTION('',(1.E0,0.E0,0.E0));
#4756=VECTOR('',#4755,5.08E1);
#4757=CARTESIAN_POINT('',(-2.54E1,-1.605E1,-2.E1));
#4758=LINE('',#4757,#4756);
#4759=CARTESIAN_POINT('',(-2.54E1,-1.105E1,-2.E1));
#4760=DIRECTION('',(0.E0,0.E0,1.E0));
#4761=DIRECTION('',(-1.E0,0.E0,0.E0));
#4762=AXIS2_PLACEMENT_3D('',#4759,#4760,#4761);
#4764=DIRECTION('',(0.E0,-1.E0,0.E0));
#4765=VECTOR('',#4764,2.21E1);
#4766=CARTESIAN_POINT('',(-3.04E1,1.105E1,-2.E1));
#4767=LINE('',#4766,#4765);
#4768=CARTESIAN_POINT('',(2.37E1,1.08E1,-2.E1));
#4769=DIRECTION('',(0.E0,0.E0,1.E0));
#4770=DIRECTION('',(-1.E0,0.E0,0.E0));
#4771=AXIS2_PLACEMENT_3D('',#4768,#4769,#4770);
#4773=CARTESIAN_POINT('',(2.37E1,1.08E1,-2.E1));
#4774=DIRECTION('',(0.E0,0.E0,1.E0));
#4775=DIRECTION('',(1.E0,0.E0,0.E0));
#4776=AXIS2_PLACEMENT_3D('',#4773,#4774,#4775);
#4778=CARTESIAN_POINT('',(2.52E1,-7.300000000001E0,-2.E1));
#4779=DIRECTION('',(0.E0,0.E0,1.E0));
#4780=DIRECTION('',(-1.E0,0.E0,0.E0));
#4781=AXIS2_PLACEMENT_3D('',#4778,#4779,#4780);
#4783=CARTESIAN_POINT('',(2.52E1,-7.300000000001E0,-2.E1));
#4784=DIRECTION('',(0.E0,0.E0,1.E0));
#4785=DIRECTION('',(1.E0,0.E0,0.E0));
#4786=AXIS2_PLACEMENT_3D('',#4783,#4784,#4785);
#4788=CARTESIAN_POINT('',(-2.37E1,1.08E1,-2.E1));
#4789=DIRECTION('',(0.E0,0.E0,1.E0));
#4790=DIRECTION('',(-1.E0,0.E0,0.E0));
#4791=AXIS2_PLACEMENT_3D('',#4788,#4789,#4790);
#4793=CARTESIAN_POINT('',(-2.37E1,1.08E1,-2.E1));
#4794=DIRECTION('',(0.E0,0.E0,1.E0));
#4795=DIRECTION('',(1.E0,0.E0,0.E0));
#4796=AXIS2_PLACEMENT_3D('',#4793,#4794,#4795);
#4798=CARTESIAN_POINT('',(-2.52E1,-7.300000000001E0,-2.E1));
#4799=DIRECTION('',(0.E0,0.E0,1.E0));
#4800=DIRECTION('',(-1.E0,0.E0,0.E0));
#4801=AXIS2_PLACEMENT_3D('',#4798,#4799,#4800);
#4803=CARTESIAN_POINT('',(-2.52E1,-7.300000000001E0,-2.E1));
#4804=DIRECTION('',(0.E0,0.E0,1.E0));
#4805=DIRECTION('',(1.E0,0.E0,0.E0));
#4806=AXIS2_PLACEMENT_3D('',#4803,#4804,#4805);
#4808=CARTESIAN_POINT('',(2.37E1,1.08E1,-2.E1));
#4809=DIRECTION('',(0.E0,0.E0,1.E0));
#4810=DIRECTION('',(-2.352941176470E-1,-9.719242142270E-1,0.E0));
#4811=AXIS2_PLACEMENT_3D('',#4808,#4809,#4810);
#4813=DIRECTION('',(-1.E0,0.E0,0.E0));
#4814=VECTOR('',#4813,4.690415759822E0);
#4815=CARTESIAN_POINT('',(2.604520787991E1,1.305E1,-2.E1));
#4816=LINE('',#4815,#4814);
#4817=CARTESIAN_POINT('',(2.37E1,1.08E1,-2.E1));
#4818=DIRECTION('',(0.E0,0.E0,1.E0));
#4819=DIRECTION('',(-7.216024245880E-1,6.923076923079E-1,0.E0));
#4820=AXIS2_PLACEMENT_3D('',#4817,#4818,#4819);
#4822=CARTESIAN_POINT('',(1.995E1,1.28E1,-2.E1));
#4823=DIRECTION('',(0.E0,0.E0,1.E0));
#4824=DIRECTION('',(0.E0,-1.E0,0.E0));
#4825=AXIS2_PLACEMENT_3D('',#4822,#4823,#4824);
#4827=DIRECTION('',(-1.E0,0.E0,0.E0));
#4828=VECTOR('',#4827,1.910314980160E0);
#4829=CARTESIAN_POINT('',(1.995E1,1.18E1,-2.E1));
#4830=LINE('',#4829,#4828);
#4831=CARTESIAN_POINT('',(1.55E1,5.6E0,-2.E1));
#4832=DIRECTION('',(0.E0,0.E0,-1.E0));
#4833=DIRECTION('',(0.E0,1.E0,0.E0));
#4834=AXIS2_PLACEMENT_3D('',#4831,#4832,#4833);
#4836=DIRECTION('',(1.E0,0.E0,0.E0));
#4837=VECTOR('',#4836,3.1E1);
#4838=CARTESIAN_POINT('',(-1.55E1,1.23E1,-2.E1));
#4839=LINE('',#4838,#4837);
#4840=CARTESIAN_POINT('',(-1.55E1,5.6E0,-2.E1));
#4841=DIRECTION('',(0.E0,0.E0,-1.E0));
#4842=DIRECTION('',(-3.790574656478E-1,9.253731343284E-1,0.E0));
#4843=AXIS2_PLACEMENT_3D('',#4840,#4841,#4842);
#4845=DIRECTION('',(-1.E0,0.E0,0.E0));
#4846=VECTOR('',#4845,1.910314980160E0);
#4847=CARTESIAN_POINT('',(-1.803968501984E1,1.18E1,-2.E1));
#4848=LINE('',#4847,#4846);
#4849=CARTESIAN_POINT('',(-1.995E1,1.28E1,-2.E1));
#4850=DIRECTION('',(0.E0,0.E0,1.E0));
#4851=DIRECTION('',(-8.823529411764E-1,-4.705882352943E-1,0.E0));
#4852=AXIS2_PLACEMENT_3D('',#4849,#4850,#4851);
#4854=CARTESIAN_POINT('',(-2.37E1,1.08E1,-2.E1));
#4855=DIRECTION('',(0.E0,0.E0,1.E0));
#4856=DIRECTION('',(8.823529411764E-1,4.705882352943E-1,0.E0));
#4857=AXIS2_PLACEMENT_3D('',#4854,#4855,#4856);
#4859=DIRECTION('',(-1.E0,0.E0,0.E0));
#4860=VECTOR('',#4859,4.690415759822E0);
#4861=CARTESIAN_POINT('',(-2.135479212009E1,1.305E1,-2.E1));
#4862=LINE('',#4861,#4860);
#4863=CARTESIAN_POINT('',(-2.37E1,1.08E1,-2.E1));
#4864=DIRECTION('',(0.E0,0.E0,1.E0));
#4865=DIRECTION('',(-7.216024245880E-1,6.923076923079E-1,0.E0));
#4866=AXIS2_PLACEMENT_3D('',#4863,#4864,#4865);
#4868=CARTESIAN_POINT('',(-2.27E1,6.669322089535E0,-2.E1));
#4869=DIRECTION('',(0.E0,0.E0,1.E0));
#4870=DIRECTION('',(7.325819197845E-1,6.806788749512E-1,0.E0));
#4871=AXIS2_PLACEMENT_3D('',#4868,#4869,#4870);
#4873=CARTESIAN_POINT('',(-1.55E1,5.6E0,-2.E1));
#4874=DIRECTION('',(0.E0,0.E0,-1.E0));
#4875=DIRECTION('',(-1.E0,0.E0,0.E0));
#4876=AXIS2_PLACEMENT_3D('',#4873,#4874,#4875);
#4878=DIRECTION('',(1.568028333029E-14,1.E0,0.E0));
#4879=VECTOR('',#4878,9.516025403785E0);
#4880=CARTESIAN_POINT('',(-2.22E1,-3.916025403785E0,-2.E1));
#4881=LINE('',#4880,#4879);
#4882=CARTESIAN_POINT('',(-2.27E1,-3.050000000001E0,-2.E1));
#4883=DIRECTION('',(0.E0,0.E0,1.E0));
#4884=DIRECTION('',(0.E0,-1.E0,0.E0));
#4885=AXIS2_PLACEMENT_3D('',#4882,#4883,#4884);
#4887=DIRECTION('',(-1.E0,0.E0,0.E0));
#4888=VECTOR('',#4887,2.5E0);
#4889=CARTESIAN_POINT('',(-2.27E1,-4.050000000001E0,-2.E1));
#4890=LINE('',#4889,#4888);
#4891=CARTESIAN_POINT('',(-2.52E1,-7.300000000001E0,-2.E1));
#4892=DIRECTION('',(0.E0,0.E0,1.E0));
#4893=DIRECTION('',(0.E0,1.E0,0.E0));
#4894=AXIS2_PLACEMENT_3D('',#4891,#4892,#4893);
#4896=DIRECTION('',(0.E0,-1.E0,0.E0));
#4897=VECTOR('',#4896,4.784349485562E0);
#4898=CARTESIAN_POINT('',(-2.74E1,-4.907825257220E0,-2.E1));
#4899=LINE('',#4898,#4897);
#4900=CARTESIAN_POINT('',(-2.52E1,-7.300000000001E0,-2.E1));
#4901=DIRECTION('',(0.E0,0.E0,1.E0));
#4902=DIRECTION('',(-6.769230769231E-1,-7.360537670096E-1,0.E0));
#4903=AXIS2_PLACEMENT_3D('',#4900,#4901,#4902);
#4905=DIRECTION('',(1.E0,0.E0,0.E0));
#4906=VECTOR('',#4905,5.184748069045E0);
#4907=CARTESIAN_POINT('',(-2.52E1,-1.055E1,-2.E1));
#4908=LINE('',#4907,#4906);
#4909=CARTESIAN_POINT('',(-1.55E1,-5.6E0,-2.E1));
#4910=DIRECTION('',(0.E0,0.E0,-1.E0));
#4911=DIRECTION('',(0.E0,-1.E0,0.E0));
#4912=AXIS2_PLACEMENT_3D('',#4909,#4910,#4911);
#4914=DIRECTION('',(-1.E0,0.E0,0.E0));
#4915=VECTOR('',#4914,3.1E1);
#4916=CARTESIAN_POINT('',(1.55E1,-1.23E1,-2.E1));
#4917=LINE('',#4916,#4915);
#4918=CARTESIAN_POINT('',(1.55E1,-5.6E0,-2.E1));
#4919=DIRECTION('',(0.E0,0.E0,-1.E0));
#4920=DIRECTION('',(6.739181986500E-1,-7.388059701493E-1,0.E0));
#4921=AXIS2_PLACEMENT_3D('',#4918,#4919,#4920);
#4923=DIRECTION('',(1.E0,0.E0,0.E0));
#4924=VECTOR('',#4923,5.184748069045E0);
#4925=CARTESIAN_POINT('',(2.001525193096E1,-1.055E1,-2.E1));
#4926=LINE('',#4925,#4924);
#4927=CARTESIAN_POINT('',(2.52E1,-7.300000000001E0,-2.E1));
#4928=DIRECTION('',(0.E0,0.E0,1.E0));
#4929=DIRECTION('',(0.E0,-1.E0,0.E0));
#4930=AXIS2_PLACEMENT_3D('',#4927,#4928,#4929);
#4932=DIRECTION('',(0.E0,1.E0,0.E0));
#4933=VECTOR('',#4932,4.784349485562E0);
#4934=CARTESIAN_POINT('',(2.74E1,-9.692174742782E0,-2.E1));
#4935=LINE('',#4934,#4933);
#4936=CARTESIAN_POINT('',(2.52E1,-7.300000000001E0,-2.E1));
#4937=DIRECTION('',(0.E0,0.E0,1.E0));
#4938=DIRECTION('',(6.769230769231E-1,7.360537670096E-1,0.E0));
#4939=AXIS2_PLACEMENT_3D('',#4936,#4937,#4938);
#4941=DIRECTION('',(-1.E0,0.E0,0.E0));
#4942=VECTOR('',#4941,2.5E0);
#4943=CARTESIAN_POINT('',(2.52E1,-4.050000000001E0,-2.E1));
#4944=LINE('',#4943,#4942);
#4945=CARTESIAN_POINT('',(2.27E1,-3.050000000001E0,-2.E1));
#4946=DIRECTION('',(0.E0,0.E0,1.E0));
#4947=DIRECTION('',(-5.E-1,-8.660254037844E-1,0.E0));
#4948=AXIS2_PLACEMENT_3D('',#4945,#4946,#4947);
#4950=DIRECTION('',(1.941368412322E-14,-1.E0,0.E0));
#4951=VECTOR('',#4950,9.516025403785E0);
#4952=CARTESIAN_POINT('',(2.22E1,5.6E0,-2.E1));
#4953=LINE('',#4952,#4951);
#4954=CARTESIAN_POINT('',(1.55E1,5.6E0,-2.E1));
#4955=DIRECTION('',(0.E0,0.E0,-1.E0));
#4956=DIRECTION('',(9.652862806292E-1,2.611941738039E-1,0.E0));
#4957=AXIS2_PLACEMENT_3D('',#4954,#4955,#4956);
#4959=CARTESIAN_POINT('',(2.27E1,6.669322089535E0,-2.E1));
#4960=DIRECTION('',(0.E0,0.E0,1.E0));
#4961=DIRECTION('',(2.352941176471E-1,9.719242142269E-1,0.E0));
#4962=AXIS2_PLACEMENT_3D('',#4959,#4960,#4961);
#4964=CARTESIAN_POINT('',(-2.54E1,1.105E1,-2.E1));
#4965=DIRECTION('',(0.E0,0.E0,-1.E0));
#4966=DIRECTION('',(-1.E0,1.390192309096E-14,0.E0));
#4967=AXIS2_PLACEMENT_3D('',#4964,#4965,#4966);
#4969=DIRECTION('',(1.E0,0.E0,0.E0));
#4970=VECTOR('',#4969,5.08E1);
#4971=CARTESIAN_POINT('',(-2.54E1,1.335E1,-2.E1));
#4972=LINE('',#4971,#4970);
#4973=CARTESIAN_POINT('',(2.54E1,1.105E1,-2.E1));
#4974=DIRECTION('',(0.E0,0.E0,-1.E0));
#4975=DIRECTION('',(0.E0,1.E0,0.E0));
#4976=AXIS2_PLACEMENT_3D('',#4973,#4974,#4975);
#4978=DIRECTION('',(0.E0,-1.E0,0.E0));
#4979=VECTOR('',#4978,2.21E1);
#4980=CARTESIAN_POINT('',(2.77E1,1.105E1,-2.E1));
#4981=LINE('',#4980,#4979);
#4982=CARTESIAN_POINT('',(2.54E1,-1.105E1,-2.E1));
#4983=DIRECTION('',(0.E0,0.E0,-1.E0));
#4984=DIRECTION('',(1.E0,-1.390192309096E-14,0.E0));
#4985=AXIS2_PLACEMENT_3D('',#4982,#4983,#4984);
#4987=DIRECTION('',(-1.E0,0.E0,0.E0));
#4988=VECTOR('',#4987,5.08E1);
#4989=CARTESIAN_POINT('',(2.54E1,-1.335E1,-2.E1));
#4990=LINE('',#4989,#4988);
#4991=CARTESIAN_POINT('',(-2.54E1,-1.105E1,-2.E1));
#4992=DIRECTION('',(0.E0,0.E0,-1.E0));
#4993=DIRECTION('',(0.E0,-1.E0,0.E0));
#4994=AXIS2_PLACEMENT_3D('',#4991,#4992,#4993);
#4996=DIRECTION('',(0.E0,1.E0,0.E0));
#4997=VECTOR('',#4996,2.21E1);
#4998=CARTESIAN_POINT('',(-2.77E1,-1.105E1,-2.E1));
#4999=LINE('',#4998,#4997);
#5000=CARTESIAN_POINT('',(-2.54E1,1.105E1,-2.E1));
#5001=DIRECTION('',(0.E0,0.E0,1.E0));
#5002=DIRECTION('',(0.E0,1.E0,0.E0));
#5003=AXIS2_PLACEMENT_3D('',#5000,#5001,#5002);
#5005=DIRECTION('',(0.E0,-1.E0,0.E0));
#5006=VECTOR('',#5005,2.21E1);
#5007=CARTESIAN_POINT('',(-3.03E1,1.105E1,-2.E1));
#5008=LINE('',#5007,#5006);
#5009=CARTESIAN_POINT('',(-2.54E1,-1.105E1,-2.E1));
#5010=DIRECTION('',(0.E0,0.E0,1.E0));
#5011=DIRECTION('',(-1.E0,0.E0,0.E0));
#5012=AXIS2_PLACEMENT_3D('',#5009,#5010,#5011);
#5014=DIRECTION('',(1.E0,0.E0,0.E0));
#5015=VECTOR('',#5014,5.08E1);
#5016=CARTESIAN_POINT('',(-2.54E1,-1.595E1,-2.E1));
#5017=LINE('',#5016,#5015);
#5018=CARTESIAN_POINT('',(2.54E1,-1.105E1,-2.E1));
#5019=DIRECTION('',(0.E0,0.E0,1.E0));
#5020=DIRECTION('',(0.E0,-1.E0,0.E0));
#5021=AXIS2_PLACEMENT_3D('',#5018,#5019,#5020);
#5023=DIRECTION('',(0.E0,1.E0,0.E0));
#5024=VECTOR('',#5023,2.21E1);
#5025=CARTESIAN_POINT('',(3.03E1,-1.105E1,-2.E1));
#5026=LINE('',#5025,#5024);
#5027=CARTESIAN_POINT('',(2.54E1,1.105E1,-2.E1));
#5028=DIRECTION('',(0.E0,0.E0,1.E0));
#5029=DIRECTION('',(1.E0,0.E0,0.E0));
#5030=AXIS2_PLACEMENT_3D('',#5027,#5028,#5029);
#5032=DIRECTION('',(-1.E0,0.E0,0.E0));
#5033=VECTOR('',#5032,5.08E1);
#5034=CARTESIAN_POINT('',(2.54E1,1.595E1,-2.E1));
#5035=LINE('',#5034,#5033);
#5036=CARTESIAN_POINT('',(-2.54E1,1.105E1,-2.15E1));
#5037=DIRECTION('',(0.E0,0.E0,-1.E0));
#5038=DIRECTION('',(-9.854440623394E-1,1.699999999999E-1,0.E0));
#5039=AXIS2_PLACEMENT_3D('',#5036,#5037,#5038);
#5041=DIRECTION('',(2.141836337917E-10,0.E0,-1.E0));
#5042=VECTOR('',#5041,1.5E0);
#5043=CARTESIAN_POINT('',(-2.54E1,1.605E1,-2.E1));
#5044=LINE('',#5043,#5042);
#5045=DIRECTION('',(0.E0,0.E0,-1.E0));
#5046=VECTOR('',#5045,8.5E0);
#5047=CARTESIAN_POINT('',(-3.04E1,1.105E1,-2.E1));
#5048=LINE('',#5047,#5046);
#5049=CARTESIAN_POINT('',(-3.032722031170E1,1.19E1,-2.15E1));
#5050=CARTESIAN_POINT('',(-3.032722031170E1,1.19E1,-2.155341247313E1));
#5051=CARTESIAN_POINT('',(-3.031092134132E1,1.19E1,-2.165479505251E1));
#5052=CARTESIAN_POINT('',(-3.023751122442E1,1.19E1,-2.179828426320E1));
#5053=CARTESIAN_POINT('',(-3.012477798751E1,1.19E1,-2.190998468213E1));
#5054=CARTESIAN_POINT('',(-2.997842869176E1,1.19E1,-2.198348798573E1));
#5055=CARTESIAN_POINT('',(-2.987413265707E1,1.19E1,-2.2E1));
#5056=CARTESIAN_POINT('',(-2.981899309798E1,1.19E1,-2.2E1));
#5058=DIRECTION('',(0.E0,-1.E0,0.E0));
#5059=VECTOR('',#5058,1.4E1);
#5060=CARTESIAN_POINT('',(-1.67E1,7.E0,-2.2E1));
#5061=LINE('',#5060,#5059);
#5062=DIRECTION('',(-1.E0,0.E0,0.E0));
#5063=VECTOR('',#5062,3.34E1);
#5064=CARTESIAN_POINT('',(1.67E1,7.E0,-2.2E1));
#5065=LINE('',#5064,#5063);
#5066=DIRECTION('',(0.E0,1.E0,0.E0));
#5067=VECTOR('',#5066,1.4E1);
#5068=CARTESIAN_POINT('',(1.67E1,-7.E0,-2.2E1));
#5069=LINE('',#5068,#5067);
#5070=DIRECTION('',(1.E0,0.E0,0.E0));
#5071=VECTOR('',#5070,3.34E1);
#5072=CARTESIAN_POINT('',(-1.67E1,-7.E0,-2.2E1));
#5073=LINE('',#5072,#5071);
#5074=DIRECTION('',(0.E0,-1.E0,0.E0));
#5075=VECTOR('',#5074,1.59E1);
#5076=CARTESIAN_POINT('',(2.99E1,9.699999999999E0,-2.2E1));
#5077=LINE('',#5076,#5075);
#5078=DIRECTION('',(-1.E0,0.E0,0.E0));
#5079=VECTOR('',#5078,2.795591093890E0);
#5080=CARTESIAN_POINT('',(2.99E1,9.699999999999E0,-2.2E1));
#5081=LINE('',#5080,#5079);
#5082=CARTESIAN_POINT('',(2.710440890611E1,8.699999999999E0,-2.2E1));
#5083=DIRECTION('',(0.E0,0.E0,-1.E0));
#5084=DIRECTION('',(-8.511022265275E-1,5.25E-1,0.E0));
#5085=AXIS2_PLACEMENT_3D('',#5082,#5083,#5084);
#5087=CARTESIAN_POINT('',(2.37E1,1.08E1,-2.2E1));
#5088=DIRECTION('',(0.E0,0.E0,1.E0));
#5089=DIRECTION('',(-1.E0,0.E0,0.E0));
#5090=AXIS2_PLACEMENT_3D('',#5087,#5088,#5089);
#5092=CARTESIAN_POINT('',(2.37E1,1.08E1,-2.2E1));
#5093=DIRECTION('',(0.E0,0.E0,1.E0));
#5094=DIRECTION('',(8.511022265275E-1,5.25E-1,0.E0));
#5095=AXIS2_PLACEMENT_3D('',#5092,#5093,#5094);
#5097=CARTESIAN_POINT('',(2.710440890611E1,1.29E1,-2.2E1));
#5098=DIRECTION('',(0.E0,0.E0,-1.E0));
#5099=DIRECTION('',(0.E0,-1.E0,0.E0));
#5100=AXIS2_PLACEMENT_3D('',#5097,#5098,#5099);
#5102=DIRECTION('',(1.E0,0.E0,0.E0));
#5103=VECTOR('',#5102,2.714584191871E0);
#5104=CARTESIAN_POINT('',(2.710440890611E1,1.19E1,-2.2E1));
#5105=LINE('',#5104,#5103);
#5106=CARTESIAN_POINT('',(2.54E1,1.105E1,-2.2E1));
#5107=DIRECTION('',(0.E0,0.E0,-1.E0));
#5108=DIRECTION('',(0.E0,1.E0,0.E0));
#5109=AXIS2_PLACEMENT_3D('',#5106,#5107,#5108);
#5111=DIRECTION('',(1.E0,0.E0,0.E0));
#5112=VECTOR('',#5111,5.08E1);
#5113=CARTESIAN_POINT('',(-2.54E1,1.555E1,-2.2E1));
#5114=LINE('',#5113,#5112);
#5115=CARTESIAN_POINT('',(-2.54E1,1.105E1,-2.2E1));
#5116=DIRECTION('',(0.E0,0.E0,-1.E0));
#5117=DIRECTION('',(-9.819984662179E-1,1.888888888887E-1,0.E0));
#5118=AXIS2_PLACEMENT_3D('',#5115,#5116,#5117);
#5120=DIRECTION('',(1.E0,0.E0,0.E0));
#5121=VECTOR('',#5120,2.714584191871E0);
#5122=CARTESIAN_POINT('',(-2.981899309798E1,1.19E1,-2.2E1));
#5123=LINE('',#5122,#5121);
#5124=CARTESIAN_POINT('',(-2.710440890611E1,1.29E1,-2.2E1));
#5125=DIRECTION('',(0.E0,0.E0,-1.E0));
#5126=DIRECTION('',(8.511022265275E-1,-5.25E-1,0.E0));
#5127=AXIS2_PLACEMENT_3D('',#5124,#5125,#5126);
#5129=CARTESIAN_POINT('',(-2.37E1,1.08E1,-2.2E1));
#5130=DIRECTION('',(0.E0,0.E0,1.E0));
#5131=DIRECTION('',(1.E0,0.E0,0.E0));
#5132=AXIS2_PLACEMENT_3D('',#5129,#5130,#5131);
#5134=CARTESIAN_POINT('',(-2.37E1,1.08E1,-2.2E1));
#5135=DIRECTION('',(0.E0,0.E0,1.E0));
#5136=DIRECTION('',(-8.511022265275E-1,-5.25E-1,0.E0));
#5137=AXIS2_PLACEMENT_3D('',#5134,#5135,#5136);
#5139=CARTESIAN_POINT('',(-2.710440890611E1,8.699999999999E0,-2.2E1));
#5140=DIRECTION('',(0.E0,0.E0,-1.E0));
#5141=DIRECTION('',(0.E0,1.E0,0.E0));
#5142=AXIS2_PLACEMENT_3D('',#5139,#5140,#5141);
#5144=DIRECTION('',(1.E0,0.E0,0.E0));
#5145=VECTOR('',#5144,2.795591093890E0);
#5146=CARTESIAN_POINT('',(-2.99E1,9.699999999999E0,-2.2E1));
#5147=LINE('',#5146,#5145);
#5148=DIRECTION('',(0.E0,1.E0,0.E0));
#5149=VECTOR('',#5148,1.59E1);
#5150=CARTESIAN_POINT('',(-2.99E1,-6.200000000001E0,-2.2E1));
#5151=LINE('',#5150,#5149);
#5152=DIRECTION('',(1.E0,0.E0,0.E0));
#5153=VECTOR('',#5152,1.295591093890E0);
#5154=CARTESIAN_POINT('',(-2.99E1,-6.200000000001E0,-2.2E1));
#5155=LINE('',#5154,#5153);
#5156=CARTESIAN_POINT('',(-2.860440890611E1,-5.200000000001E0,-2.2E1));
#5157=DIRECTION('',(0.E0,0.E0,-1.E0));
#5158=DIRECTION('',(8.511022265275E-1,-5.25E-1,0.E0));
#5159=AXIS2_PLACEMENT_3D('',#5156,#5157,#5158);
#5161=CARTESIAN_POINT('',(-2.52E1,-7.300000000001E0,-2.2E1));
#5162=DIRECTION('',(0.E0,0.E0,1.E0));
#5163=DIRECTION('',(1.E0,0.E0,0.E0));
#5164=AXIS2_PLACEMENT_3D('',#5161,#5162,#5163);
#5166=CARTESIAN_POINT('',(-2.52E1,-7.300000000001E0,-2.2E1));
#5167=DIRECTION('',(0.E0,0.E0,1.E0));
#5168=DIRECTION('',(-8.511022265274E-1,-5.25E-1,0.E0));
#5169=AXIS2_PLACEMENT_3D('',#5166,#5167,#5168);
#5171=CARTESIAN_POINT('',(-2.860440890611E1,-9.400000000001E0,-2.2E1));
#5172=DIRECTION('',(0.E0,0.E0,-1.E0));
#5173=DIRECTION('',(0.E0,1.E0,0.E0));
#5174=AXIS2_PLACEMENT_3D('',#5171,#5172,#5173);
#5176=DIRECTION('',(1.E0,0.E0,0.E0));
#5177=VECTOR('',#5176,1.295591093890E0);
#5178=CARTESIAN_POINT('',(-2.99E1,-8.400000000001E0,-2.2E1));
#5179=LINE('',#5178,#5177);
#5180=DIRECTION('',(0.E0,1.E0,0.E0));
#5181=VECTOR('',#5180,2.649999999999E0);
#5182=CARTESIAN_POINT('',(-2.99E1,-1.105E1,-2.2E1));
#5183=LINE('',#5182,#5181);
#5184=CARTESIAN_POINT('',(-2.54E1,-1.105E1,-2.2E1));
#5185=DIRECTION('',(0.E0,0.E0,-1.E0));
#5186=DIRECTION('',(0.E0,-1.E0,0.E0));
#5187=AXIS2_PLACEMENT_3D('',#5184,#5185,#5186);
#5189=DIRECTION('',(-1.E0,0.E0,0.E0));
#5190=VECTOR('',#5189,5.08E1);
#5191=CARTESIAN_POINT('',(2.54E1,-1.555E1,-2.2E1));
#5192=LINE('',#5191,#5190);
#5193=CARTESIAN_POINT('',(2.54E1,-1.105E1,-2.2E1));
#5194=DIRECTION('',(0.E0,0.E0,-1.E0));
#5195=DIRECTION('',(1.E0,0.E0,0.E0));
#5196=AXIS2_PLACEMENT_3D('',#5193,#5194,#5195);
#5198=DIRECTION('',(0.E0,-1.E0,0.E0));
#5199=VECTOR('',#5198,2.649999999999E0);
#5200=CARTESIAN_POINT('',(2.99E1,-8.400000000001E0,-2.2E1));
#5201=LINE('',#5200,#5199);
#5202=DIRECTION('',(-1.E0,0.E0,0.E0));
#5203=VECTOR('',#5202,1.295591093890E0);
#5204=CARTESIAN_POINT('',(2.99E1,-8.400000000001E0,-2.2E1));
#5205=LINE('',#5204,#5203);
#5206=CARTESIAN_POINT('',(2.860440890611E1,-9.400000000001E0,-2.2E1));
#5207=DIRECTION('',(0.E0,0.E0,-1.E0));
#5208=DIRECTION('',(-8.511022265275E-1,5.25E-1,0.E0));
#5209=AXIS2_PLACEMENT_3D('',#5206,#5207,#5208);
#5211=CARTESIAN_POINT('',(2.52E1,-7.300000000001E0,-2.2E1));
#5212=DIRECTION('',(0.E0,0.E0,1.E0));
#5213=DIRECTION('',(-1.E0,0.E0,0.E0));
#5214=AXIS2_PLACEMENT_3D('',#5211,#5212,#5213);
#5216=CARTESIAN_POINT('',(2.52E1,-7.300000000001E0,-2.2E1));
#5217=DIRECTION('',(0.E0,0.E0,1.E0));
#5218=DIRECTION('',(8.511022265275E-1,5.25E-1,0.E0));
#5219=AXIS2_PLACEMENT_3D('',#5216,#5217,#5218);
#5221=CARTESIAN_POINT('',(2.860440890611E1,-5.200000000001E0,-2.2E1));
#5222=DIRECTION('',(0.E0,0.E0,-1.E0));
#5223=DIRECTION('',(0.E0,-1.E0,0.E0));
#5224=AXIS2_PLACEMENT_3D('',#5221,#5222,#5223);
#5226=DIRECTION('',(-1.E0,0.E0,0.E0));
#5227=VECTOR('',#5226,1.295591093890E0);
#5228=CARTESIAN_POINT('',(2.99E1,-6.200000000001E0,-2.2E1));
#5229=LINE('',#5228,#5227);
#5230=DIRECTION('',(0.E0,1.E0,0.E0));
#5231=VECTOR('',#5230,1.4E1);
#5232=CARTESIAN_POINT('',(-1.67E1,-7.E0,-2.6E1));
#5233=LINE('',#5232,#5231);
#5234=DIRECTION('',(0.E0,0.E0,1.E0));
#5235=VECTOR('',#5234,4.E0);
#5236=CARTESIAN_POINT('',(-1.67E1,7.E0,-2.6E1));
#5237=LINE('',#5236,#5235);
#5238=DIRECTION('',(0.E0,0.E0,-1.E0));
#5239=VECTOR('',#5238,4.E0);
#5240=CARTESIAN_POINT('',(-1.67E1,-7.E0,-2.2E1));
#5241=LINE('',#5240,#5239);
#5242=DIRECTION('',(-1.E0,0.E0,0.E0));
#5243=VECTOR('',#5242,3.34E1);
#5244=CARTESIAN_POINT('',(1.67E1,-7.E0,-2.6E1));
#5245=LINE('',#5244,#5243);
#5246=DIRECTION('',(1.E0,0.E0,0.E0));
#5247=VECTOR('',#5246,3.34E1);
#5248=CARTESIAN_POINT('',(-1.67E1,7.E0,-2.6E1));
#5249=LINE('',#5248,#5247);
#5250=CARTESIAN_POINT('',(-1.4E1,4.000000000001E0,-2.6E1));
#5251=DIRECTION('',(0.E0,0.E0,1.E0));
#5252=DIRECTION('',(1.E0,0.E0,0.E0));
#5253=AXIS2_PLACEMENT_3D('',#5250,#5251,#5252);
#5255=CARTESIAN_POINT('',(-1.4E1,4.000000000001E0,-2.6E1));
#5256=DIRECTION('',(0.E0,0.E0,1.E0));
#5257=DIRECTION('',(-1.E0,0.E0,0.E0));
#5258=AXIS2_PLACEMENT_3D('',#5255,#5256,#5257);
#5260=CARTESIAN_POINT('',(-1.E1,4.000000000001E0,-2.6E1));
#5261=DIRECTION('',(0.E0,0.E0,1.E0));
#5262=DIRECTION('',(1.E0,0.E0,0.E0));
#5263=AXIS2_PLACEMENT_3D('',#5260,#5261,#5262);
#5265=CARTESIAN_POINT('',(-1.E1,4.000000000001E0,-2.6E1));
#5266=DIRECTION('',(0.E0,0.E0,1.E0));
#5267=DIRECTION('',(-1.E0,0.E0,0.E0));
#5268=AXIS2_PLACEMENT_3D('',#5265,#5266,#5267);
#5270=CARTESIAN_POINT('',(-6.E0,4.000000000001E0,-2.6E1));
#5271=DIRECTION('',(0.E0,0.E0,1.E0));
#5272=DIRECTION('',(1.E0,0.E0,0.E0));
#5273=AXIS2_PLACEMENT_3D('',#5270,#5271,#5272);
#5275=CARTESIAN_POINT('',(-6.E0,4.000000000001E0,-2.6E1));
#5276=DIRECTION('',(0.E0,0.E0,1.E0));
#5277=DIRECTION('',(-1.E0,0.E0,0.E0));
#5278=AXIS2_PLACEMENT_3D('',#5275,#5276,#5277);
#5280=CARTESIAN_POINT('',(-2.E0,4.000000000001E0,-2.6E1));
#5281=DIRECTION('',(0.E0,0.E0,1.E0));
#5282=DIRECTION('',(1.E0,0.E0,0.E0));
#5283=AXIS2_PLACEMENT_3D('',#5280,#5281,#5282);
#5285=CARTESIAN_POINT('',(-2.E0,4.000000000001E0,-2.6E1));
#5286=DIRECTION('',(0.E0,0.E0,1.E0));
#5287=DIRECTION('',(-1.E0,0.E0,0.E0));
#5288=AXIS2_PLACEMENT_3D('',#5285,#5286,#5287);
#5290=CARTESIAN_POINT('',(2.E0,4.000000000001E0,-2.6E1));
#5291=DIRECTION('',(0.E0,0.E0,1.E0));
#5292=DIRECTION('',(1.E0,0.E0,0.E0));
#5293=AXIS2_PLACEMENT_3D('',#5290,#5291,#5292);
#5295=CARTESIAN_POINT('',(2.E0,4.000000000001E0,-2.6E1));
#5296=DIRECTION('',(0.E0,0.E0,1.E0));
#5297=DIRECTION('',(-1.E0,0.E0,0.E0));
#5298=AXIS2_PLACEMENT_3D('',#5295,#5296,#5297);
#5300=CARTESIAN_POINT('',(6.E0,4.000000000001E0,-2.6E1));
#5301=DIRECTION('',(0.E0,0.E0,1.E0));
#5302=DIRECTION('',(1.E0,0.E0,0.E0));
#5303=AXIS2_PLACEMENT_3D('',#5300,#5301,#5302);
#5305=CARTESIAN_POINT('',(6.E0,4.000000000001E0,-2.6E1));
#5306=DIRECTION('',(0.E0,0.E0,1.E0));
#5307=DIRECTION('',(-1.E0,0.E0,0.E0));
#5308=AXIS2_PLACEMENT_3D('',#5305,#5306,#5307);
#5310=CARTESIAN_POINT('',(1.E1,4.000000000001E0,-2.6E1));
#5311=DIRECTION('',(0.E0,0.E0,1.E0));
#5312=DIRECTION('',(1.E0,0.E0,0.E0));
#5313=AXIS2_PLACEMENT_3D('',#5310,#5311,#5312);
#5315=CARTESIAN_POINT('',(1.E1,4.000000000001E0,-2.6E1));
#5316=DIRECTION('',(0.E0,0.E0,1.E0));
#5317=DIRECTION('',(-1.E0,0.E0,0.E0));
#5318=AXIS2_PLACEMENT_3D('',#5315,#5316,#5317);
#5320=CARTESIAN_POINT('',(1.4E1,4.000000000001E0,-2.6E1));
#5321=DIRECTION('',(0.E0,0.E0,1.E0));
#5322=DIRECTION('',(1.E0,0.E0,0.E0));
#5323=AXIS2_PLACEMENT_3D('',#5320,#5321,#5322);
#5325=CARTESIAN_POINT('',(1.4E1,4.000000000001E0,-2.6E1));
#5326=DIRECTION('',(0.E0,0.E0,1.E0));
#5327=DIRECTION('',(-1.E0,0.E0,0.E0));
#5328=AXIS2_PLACEMENT_3D('',#5325,#5326,#5327);
#5330=CARTESIAN_POINT('',(-1.2E1,1.077689183250E-14,-2.6E1));
#5331=DIRECTION('',(0.E0,0.E0,1.E0));
#5332=DIRECTION('',(1.E0,0.E0,0.E0));
#5333=AXIS2_PLACEMENT_3D('',#5330,#5331,#5332);
#5335=CARTESIAN_POINT('',(-1.2E1,1.077689183250E-14,-2.6E1));
#5336=DIRECTION('',(0.E0,0.E0,1.E0));
#5337=DIRECTION('',(-1.E0,0.E0,0.E0));
#5338=AXIS2_PLACEMENT_3D('',#5335,#5336,#5337);
#5340=CARTESIAN_POINT('',(-8.E0,1.126675055216E-14,-2.6E1));
#5341=DIRECTION('',(0.E0,0.E0,1.E0));
#5342=DIRECTION('',(1.E0,0.E0,0.E0));
#5343=AXIS2_PLACEMENT_3D('',#5340,#5341,#5342);
#5345=CARTESIAN_POINT('',(-8.E0,1.126675055216E-14,-2.6E1));
#5346=DIRECTION('',(0.E0,0.E0,1.E0));
#5347=DIRECTION('',(-1.E0,0.E0,0.E0));
#5348=AXIS2_PLACEMENT_3D('',#5345,#5346,#5347);
#5350=CARTESIAN_POINT('',(-4.E0,1.175660927181E-14,-2.6E1));
#5351=DIRECTION('',(0.E0,0.E0,1.E0));
#5352=DIRECTION('',(1.E0,0.E0,0.E0));
#5353=AXIS2_PLACEMENT_3D('',#5350,#5351,#5352);
#5355=CARTESIAN_POINT('',(-4.E0,1.175660927181E-14,-2.6E1));
#5356=DIRECTION('',(0.E0,0.E0,1.E0));
#5357=DIRECTION('',(-1.E0,0.E0,0.E0));
#5358=AXIS2_PLACEMENT_3D('',#5355,#5356,#5357);
#5360=CARTESIAN_POINT('',(0.E0,1.224646799147E-14,-2.6E1));
#5361=DIRECTION('',(0.E0,0.E0,1.E0));
#5362=DIRECTION('',(1.E0,0.E0,0.E0));
#5363=AXIS2_PLACEMENT_3D('',#5360,#5361,#5362);
#5365=CARTESIAN_POINT('',(0.E0,1.224646799147E-14,-2.6E1));
#5366=DIRECTION('',(0.E0,0.E0,1.E0));
#5367=DIRECTION('',(-1.E0,0.E0,0.E0));
#5368=AXIS2_PLACEMENT_3D('',#5365,#5366,#5367);
#5370=CARTESIAN_POINT('',(4.E0,1.175660927181E-14,-2.6E1));
#5371=DIRECTION('',(0.E0,0.E0,1.E0));
#5372=DIRECTION('',(1.E0,0.E0,0.E0));
#5373=AXIS2_PLACEMENT_3D('',#5370,#5371,#5372);
#5375=CARTESIAN_POINT('',(4.E0,1.175660927181E-14,-2.6E1));
#5376=DIRECTION('',(0.E0,0.E0,1.E0));
#5377=DIRECTION('',(-1.E0,0.E0,0.E0));
#5378=AXIS2_PLACEMENT_3D('',#5375,#5376,#5377);
#5380=CARTESIAN_POINT('',(8.E0,1.126675055216E-14,-2.6E1));
#5381=DIRECTION('',(0.E0,0.E0,1.E0));
#5382=DIRECTION('',(1.E0,0.E0,0.E0));
#5383=AXIS2_PLACEMENT_3D('',#5380,#5381,#5382);
#5385=CARTESIAN_POINT('',(8.E0,1.126675055216E-14,-2.6E1));
#5386=DIRECTION('',(0.E0,0.E0,1.E0));
#5387=DIRECTION('',(-1.E0,0.E0,0.E0));
#5388=AXIS2_PLACEMENT_3D('',#5385,#5386,#5387);
#5390=CARTESIAN_POINT('',(1.2E1,1.077689183250E-14,-2.6E1));
#5391=DIRECTION('',(0.E0,0.E0,1.E0));
#5392=DIRECTION('',(1.E0,0.E0,0.E0));
#5393=AXIS2_PLACEMENT_3D('',#5390,#5391,#5392);
#5395=CARTESIAN_POINT('',(1.2E1,1.077689183250E-14,-2.6E1));
#5396=DIRECTION('',(0.E0,0.E0,1.E0));
#5397=DIRECTION('',(-1.E0,0.E0,0.E0));
#5398=AXIS2_PLACEMENT_3D('',#5395,#5396,#5397);
#5400=CARTESIAN_POINT('',(-1.4E1,-4.000000000001E0,-2.6E1));
#5401=DIRECTION('',(0.E0,0.E0,1.E0));
#5402=DIRECTION('',(1.E0,0.E0,0.E0));
#5403=AXIS2_PLACEMENT_3D('',#5400,#5401,#5402);
#5405=CARTESIAN_POINT('',(-1.4E1,-4.000000000001E0,-2.6E1));
#5406=DIRECTION('',(0.E0,0.E0,1.E0));
#5407=DIRECTION('',(-1.E0,0.E0,0.E0));
#5408=AXIS2_PLACEMENT_3D('',#5405,#5406,#5407);
#5410=CARTESIAN_POINT('',(-1.E1,-4.000000000001E0,-2.6E1));
#5411=DIRECTION('',(0.E0,0.E0,1.E0));
#5412=DIRECTION('',(1.E0,0.E0,0.E0));
#5413=AXIS2_PLACEMENT_3D('',#5410,#5411,#5412);
#5415=CARTESIAN_POINT('',(-1.E1,-4.000000000001E0,-2.6E1));
#5416=DIRECTION('',(0.E0,0.E0,1.E0));
#5417=DIRECTION('',(-1.E0,0.E0,0.E0));
#5418=AXIS2_PLACEMENT_3D('',#5415,#5416,#5417);
#5420=CARTESIAN_POINT('',(-6.E0,-4.000000000001E0,-2.6E1));
#5421=DIRECTION('',(0.E0,0.E0,1.E0));
#5422=DIRECTION('',(1.E0,0.E0,0.E0));
#5423=AXIS2_PLACEMENT_3D('',#5420,#5421,#5422);
#5425=CARTESIAN_POINT('',(-6.E0,-4.000000000001E0,-2.6E1));
#5426=DIRECTION('',(0.E0,0.E0,1.E0));
#5427=DIRECTION('',(-1.E0,0.E0,0.E0));
#5428=AXIS2_PLACEMENT_3D('',#5425,#5426,#5427);
#5430=CARTESIAN_POINT('',(-2.E0,-4.000000000001E0,-2.6E1));
#5431=DIRECTION('',(0.E0,0.E0,1.E0));
#5432=DIRECTION('',(1.E0,0.E0,0.E0));
#5433=AXIS2_PLACEMENT_3D('',#5430,#5431,#5432);
#5435=CARTESIAN_POINT('',(-2.E0,-4.000000000001E0,-2.6E1));
#5436=DIRECTION('',(0.E0,0.E0,1.E0));
#5437=DIRECTION('',(-1.E0,0.E0,0.E0));
#5438=AXIS2_PLACEMENT_3D('',#5435,#5436,#5437);
#5440=CARTESIAN_POINT('',(2.E0,-4.000000000001E0,-2.6E1));
#5441=DIRECTION('',(0.E0,0.E0,1.E0));
#5442=DIRECTION('',(1.E0,0.E0,0.E0));
#5443=AXIS2_PLACEMENT_3D('',#5440,#5441,#5442);
#5445=CARTESIAN_POINT('',(2.E0,-4.000000000001E0,-2.6E1));
#5446=DIRECTION('',(0.E0,0.E0,1.E0));
#5447=DIRECTION('',(-1.E0,0.E0,0.E0));
#5448=AXIS2_PLACEMENT_3D('',#5445,#5446,#5447);
#5450=CARTESIAN_POINT('',(6.E0,-4.000000000001E0,-2.6E1));
#5451=DIRECTION('',(0.E0,0.E0,1.E0));
#5452=DIRECTION('',(1.E0,0.E0,0.E0));
#5453=AXIS2_PLACEMENT_3D('',#5450,#5451,#5452);
#5455=CARTESIAN_POINT('',(6.E0,-4.000000000001E0,-2.6E1));
#5456=DIRECTION('',(0.E0,0.E0,1.E0));
#5457=DIRECTION('',(-1.E0,0.E0,0.E0));
#5458=AXIS2_PLACEMENT_3D('',#5455,#5456,#5457);
#5460=CARTESIAN_POINT('',(1.E1,-4.000000000001E0,-2.6E1));
#5461=DIRECTION('',(0.E0,0.E0,1.E0));
#5462=DIRECTION('',(1.E0,0.E0,0.E0));
#5463=AXIS2_PLACEMENT_3D('',#5460,#5461,#5462);
#5465=CARTESIAN_POINT('',(1.E1,-4.000000000001E0,-2.6E1));
#5466=DIRECTION('',(0.E0,0.E0,1.E0));
#5467=DIRECTION('',(-1.E0,0.E0,0.E0));
#5468=AXIS2_PLACEMENT_3D('',#5465,#5466,#5467);
#5470=CARTESIAN_POINT('',(1.4E1,-4.000000000001E0,-2.6E1));
#5471=DIRECTION('',(0.E0,0.E0,1.E0));
#5472=DIRECTION('',(1.E0,0.E0,0.E0));
#5473=AXIS2_PLACEMENT_3D('',#5470,#5471,#5472);
#5475=CARTESIAN_POINT('',(1.4E1,-4.000000000001E0,-2.6E1));
#5476=DIRECTION('',(0.E0,0.E0,1.E0));
#5477=DIRECTION('',(-1.E0,0.E0,0.E0));
#5478=AXIS2_PLACEMENT_3D('',#5475,#5476,#5477);
#5480=DIRECTION('',(0.E0,0.E0,-1.E0));
#5481=VECTOR('',#5480,4.E0);
#5482=CARTESIAN_POINT('',(1.67E1,-7.E0,-2.2E1));
#5483=LINE('',#5482,#5481);
#5484=DIRECTION('',(0.E0,0.E0,-1.E0));
#5485=VECTOR('',#5484,4.E0);
#5486=CARTESIAN_POINT('',(1.67E1,7.E0,-2.2E1));
#5487=LINE('',#5486,#5485);
#5488=DIRECTION('',(0.E0,-1.E0,0.E0));
#5489=VECTOR('',#5488,1.4E1);
#5490=CARTESIAN_POINT('',(1.67E1,7.E0,-2.6E1));
#5491=LINE('',#5490,#5489);
#5492=DIRECTION('',(0.E0,0.E0,-1.E0));
#5493=VECTOR('',#5492,1.2075E1);
#5494=CARTESIAN_POINT('',(-1.335E1,4.000000000001E0,-2.6E1));
#5495=LINE('',#5494,#5493);
#5496=DIRECTION('',(0.E0,0.E0,-1.E0));
#5497=VECTOR('',#5496,1.2075E1);
#5498=CARTESIAN_POINT('',(-1.465E1,4.000000000001E0,-2.6E1));
#5499=LINE('',#5498,#5497);
#5500=CARTESIAN_POINT('',(-1.4E1,4.000000000001E0,-3.8075E1));
#5501=DIRECTION('',(0.E0,0.E0,1.E0));
#5502=DIRECTION('',(1.E0,0.E0,0.E0));
#5503=AXIS2_PLACEMENT_3D('',#5500,#5501,#5502);
#5505=CARTESIAN_POINT('',(-1.4E1,4.000000000001E0,-3.8075E1));
#5506=DIRECTION('',(0.E0,0.E0,1.E0));
#5507=DIRECTION('',(-1.E0,0.E0,0.E0));
#5508=AXIS2_PLACEMENT_3D('',#5505,#5506,#5507);
#5510=CARTESIAN_POINT('',(-1.E1,4.000000000001E0,-3.8075E1));
#5511=DIRECTION('',(0.E0,0.E0,1.E0));
#5512=DIRECTION('',(1.E0,0.E0,0.E0));
#5513=AXIS2_PLACEMENT_3D('',#5510,#5511,#5512);
#5515=CARTESIAN_POINT('',(-1.E1,4.000000000001E0,-3.8075E1));
#5516=DIRECTION('',(0.E0,0.E0,1.E0));
#5517=DIRECTION('',(-1.E0,0.E0,0.E0));
#5518=AXIS2_PLACEMENT_3D('',#5515,#5516,#5517);
#5520=CARTESIAN_POINT('',(-6.E0,4.000000000001E0,-3.8075E1));
#5521=DIRECTION('',(0.E0,0.E0,1.E0));
#5522=DIRECTION('',(1.E0,0.E0,0.E0));
#5523=AXIS2_PLACEMENT_3D('',#5520,#5521,#5522);
#5525=CARTESIAN_POINT('',(-6.E0,4.000000000001E0,-3.8075E1));
#5526=DIRECTION('',(0.E0,0.E0,1.E0));
#5527=DIRECTION('',(-1.E0,0.E0,0.E0));
#5528=AXIS2_PLACEMENT_3D('',#5525,#5526,#5527);
#5530=CARTESIAN_POINT('',(-2.E0,4.000000000001E0,-3.8075E1));
#5531=DIRECTION('',(0.E0,0.E0,1.E0));
#5532=DIRECTION('',(1.E0,0.E0,0.E0));
#5533=AXIS2_PLACEMENT_3D('',#5530,#5531,#5532);
#5535=CARTESIAN_POINT('',(-2.E0,4.000000000001E0,-3.8075E1));
#5536=DIRECTION('',(0.E0,0.E0,1.E0));
#5537=DIRECTION('',(-1.E0,0.E0,0.E0));
#5538=AXIS2_PLACEMENT_3D('',#5535,#5536,#5537);
#5540=CARTESIAN_POINT('',(2.E0,4.000000000001E0,-3.8075E1));
#5541=DIRECTION('',(0.E0,0.E0,1.E0));
#5542=DIRECTION('',(1.E0,0.E0,0.E0));
#5543=AXIS2_PLACEMENT_3D('',#5540,#5541,#5542);
#5545=CARTESIAN_POINT('',(2.E0,4.000000000001E0,-3.8075E1));
#5546=DIRECTION('',(0.E0,0.E0,1.E0));
#5547=DIRECTION('',(-1.E0,0.E0,0.E0));
#5548=AXIS2_PLACEMENT_3D('',#5545,#5546,#5547);
#5550=CARTESIAN_POINT('',(6.E0,4.000000000001E0,-3.8075E1));
#5551=DIRECTION('',(0.E0,0.E0,1.E0));
#5552=DIRECTION('',(1.E0,0.E0,0.E0));
#5553=AXIS2_PLACEMENT_3D('',#5550,#5551,#5552);
#5555=CARTESIAN_POINT('',(6.E0,4.000000000001E0,-3.8075E1));
#5556=DIRECTION('',(0.E0,0.E0,1.E0));
#5557=DIRECTION('',(-1.E0,0.E0,0.E0));
#5558=AXIS2_PLACEMENT_3D('',#5555,#5556,#5557);
#5560=CARTESIAN_POINT('',(1.E1,4.000000000001E0,-3.8075E1));
#5561=DIRECTION('',(0.E0,0.E0,1.E0));
#5562=DIRECTION('',(1.E0,0.E0,0.E0));
#5563=AXIS2_PLACEMENT_3D('',#5560,#5561,#5562);
#5565=CARTESIAN_POINT('',(1.E1,4.000000000001E0,-3.8075E1));
#5566=DIRECTION('',(0.E0,0.E0,1.E0));
#5567=DIRECTION('',(-1.E0,0.E0,0.E0));
#5568=AXIS2_PLACEMENT_3D('',#5565,#5566,#5567);
#5570=CARTESIAN_POINT('',(1.4E1,4.000000000001E0,-3.8075E1));
#5571=DIRECTION('',(0.E0,0.E0,1.E0));
#5572=DIRECTION('',(1.E0,0.E0,0.E0));
#5573=AXIS2_PLACEMENT_3D('',#5570,#5571,#5572);
#5575=CARTESIAN_POINT('',(1.4E1,4.000000000001E0,-3.8075E1));
#5576=DIRECTION('',(0.E0,0.E0,1.E0));
#5577=DIRECTION('',(-1.E0,0.E0,0.E0));
#5578=AXIS2_PLACEMENT_3D('',#5575,#5576,#5577);
#5580=CARTESIAN_POINT('',(-1.2E1,1.077689183250E-14,-3.8075E1));
#5581=DIRECTION('',(0.E0,0.E0,1.E0));
#5582=DIRECTION('',(1.E0,0.E0,0.E0));
#5583=AXIS2_PLACEMENT_3D('',#5580,#5581,#5582);
#5585=CARTESIAN_POINT('',(-1.2E1,1.077689183250E-14,-3.8075E1));
#5586=DIRECTION('',(0.E0,0.E0,1.E0));
#5587=DIRECTION('',(-1.E0,0.E0,0.E0));
#5588=AXIS2_PLACEMENT_3D('',#5585,#5586,#5587);
#5590=CARTESIAN_POINT('',(-8.E0,1.126675055216E-14,-3.8075E1));
#5591=DIRECTION('',(0.E0,0.E0,1.E0));
#5592=DIRECTION('',(1.E0,0.E0,0.E0));
#5593=AXIS2_PLACEMENT_3D('',#5590,#5591,#5592);
#5595=CARTESIAN_POINT('',(-8.E0,1.126675055216E-14,-3.8075E1));
#5596=DIRECTION('',(0.E0,0.E0,1.E0));
#5597=DIRECTION('',(-1.E0,0.E0,0.E0));
#5598=AXIS2_PLACEMENT_3D('',#5595,#5596,#5597);
#5600=CARTESIAN_POINT('',(-4.E0,1.175660927181E-14,-3.8075E1));
#5601=DIRECTION('',(0.E0,0.E0,1.E0));
#5602=DIRECTION('',(1.E0,0.E0,0.E0));
#5603=AXIS2_PLACEMENT_3D('',#5600,#5601,#5602);
#5605=CARTESIAN_POINT('',(-4.E0,1.175660927181E-14,-3.8075E1));
#5606=DIRECTION('',(0.E0,0.E0,1.E0));
#5607=DIRECTION('',(-1.E0,0.E0,0.E0));
#5608=AXIS2_PLACEMENT_3D('',#5605,#5606,#5607);
#5610=CARTESIAN_POINT('',(0.E0,1.224646799147E-14,-3.8075E1));
#5611=DIRECTION('',(0.E0,0.E0,1.E0));
#5612=DIRECTION('',(1.E0,0.E0,0.E0));
#5613=AXIS2_PLACEMENT_3D('',#5610,#5611,#5612);
#5615=CARTESIAN_POINT('',(0.E0,1.224646799147E-14,-3.8075E1));
#5616=DIRECTION('',(0.E0,0.E0,1.E0));
#5617=DIRECTION('',(-1.E0,0.E0,0.E0));
#5618=AXIS2_PLACEMENT_3D('',#5615,#5616,#5617);
#5620=CARTESIAN_POINT('',(4.E0,1.175660927181E-14,-3.8075E1));
#5621=DIRECTION('',(0.E0,0.E0,1.E0));
#5622=DIRECTION('',(1.E0,0.E0,0.E0));
#5623=AXIS2_PLACEMENT_3D('',#5620,#5621,#5622);
#5625=CARTESIAN_POINT('',(4.E0,1.175660927181E-14,-3.8075E1));
#5626=DIRECTION('',(0.E0,0.E0,1.E0));
#5627=DIRECTION('',(-1.E0,0.E0,0.E0));
#5628=AXIS2_PLACEMENT_3D('',#5625,#5626,#5627);
#5630=CARTESIAN_POINT('',(8.E0,1.126675055216E-14,-3.8075E1));
#5631=DIRECTION('',(0.E0,0.E0,1.E0));
#5632=DIRECTION('',(1.E0,0.E0,0.E0));
#5633=AXIS2_PLACEMENT_3D('',#5630,#5631,#5632);
#5635=CARTESIAN_POINT('',(8.E0,1.126675055216E-14,-3.8075E1));
#5636=DIRECTION('',(0.E0,0.E0,1.E0));
#5637=DIRECTION('',(-1.E0,0.E0,0.E0));
#5638=AXIS2_PLACEMENT_3D('',#5635,#5636,#5637);
#5640=CARTESIAN_POINT('',(1.2E1,1.077689183250E-14,-3.8075E1));
#5641=DIRECTION('',(0.E0,0.E0,1.E0));
#5642=DIRECTION('',(1.E0,0.E0,0.E0));
#5643=AXIS2_PLACEMENT_3D('',#5640,#5641,#5642);
#5645=CARTESIAN_POINT('',(1.2E1,1.077689183250E-14,-3.8075E1));
#5646=DIRECTION('',(0.E0,0.E0,1.E0));
#5647=DIRECTION('',(-1.E0,0.E0,0.E0));
#5648=AXIS2_PLACEMENT_3D('',#5645,#5646,#5647);
#5650=CARTESIAN_POINT('',(-1.4E1,-4.000000000001E0,-3.8075E1));
#5651=DIRECTION('',(0.E0,0.E0,1.E0));
#5652=DIRECTION('',(1.E0,0.E0,0.E0));
#5653=AXIS2_PLACEMENT_3D('',#5650,#5651,#5652);
#5655=CARTESIAN_POINT('',(-1.4E1,-4.000000000001E0,-3.8075E1));
#5656=DIRECTION('',(0.E0,0.E0,1.E0));
#5657=DIRECTION('',(-1.E0,0.E0,0.E0));
#5658=AXIS2_PLACEMENT_3D('',#5655,#5656,#5657);
#5660=CARTESIAN_POINT('',(-1.E1,-4.000000000001E0,-3.8075E1));
#5661=DIRECTION('',(0.E0,0.E0,1.E0));
#5662=DIRECTION('',(1.E0,0.E0,0.E0));
#5663=AXIS2_PLACEMENT_3D('',#5660,#5661,#5662);
#5665=CARTESIAN_POINT('',(-1.E1,-4.000000000001E0,-3.8075E1));
#5666=DIRECTION('',(0.E0,0.E0,1.E0));
#5667=DIRECTION('',(-1.E0,0.E0,0.E0));
#5668=AXIS2_PLACEMENT_3D('',#5665,#5666,#5667);
#5670=CARTESIAN_POINT('',(-6.E0,-4.000000000001E0,-3.8075E1));
#5671=DIRECTION('',(0.E0,0.E0,1.E0));
#5672=DIRECTION('',(1.E0,0.E0,0.E0));
#5673=AXIS2_PLACEMENT_3D('',#5670,#5671,#5672);
#5675=CARTESIAN_POINT('',(-6.E0,-4.000000000001E0,-3.8075E1));
#5676=DIRECTION('',(0.E0,0.E0,1.E0));
#5677=DIRECTION('',(-1.E0,0.E0,0.E0));
#5678=AXIS2_PLACEMENT_3D('',#5675,#5676,#5677);
#5680=CARTESIAN_POINT('',(-2.E0,-4.000000000001E0,-3.8075E1));
#5681=DIRECTION('',(0.E0,0.E0,1.E0));
#5682=DIRECTION('',(1.E0,0.E0,0.E0));
#5683=AXIS2_PLACEMENT_3D('',#5680,#5681,#5682);
#5685=CARTESIAN_POINT('',(-2.E0,-4.000000000001E0,-3.8075E1));
#5686=DIRECTION('',(0.E0,0.E0,1.E0));
#5687=DIRECTION('',(-1.E0,0.E0,0.E0));
#5688=AXIS2_PLACEMENT_3D('',#5685,#5686,#5687);
#5690=CARTESIAN_POINT('',(2.E0,-4.000000000001E0,-3.8075E1));
#5691=DIRECTION('',(0.E0,0.E0,1.E0));
#5692=DIRECTION('',(1.E0,0.E0,0.E0));
#5693=AXIS2_PLACEMENT_3D('',#5690,#5691,#5692);
#5695=CARTESIAN_POINT('',(2.E0,-4.000000000001E0,-3.8075E1));
#5696=DIRECTION('',(0.E0,0.E0,1.E0));
#5697=DIRECTION('',(-1.E0,0.E0,0.E0));
#5698=AXIS2_PLACEMENT_3D('',#5695,#5696,#5697);
#5700=CARTESIAN_POINT('',(6.E0,-4.000000000001E0,-3.8075E1));
#5701=DIRECTION('',(0.E0,0.E0,1.E0));
#5702=DIRECTION('',(1.E0,0.E0,0.E0));
#5703=AXIS2_PLACEMENT_3D('',#5700,#5701,#5702);
#5705=CARTESIAN_POINT('',(6.E0,-4.000000000001E0,-3.8075E1));
#5706=DIRECTION('',(0.E0,0.E0,1.E0));
#5707=DIRECTION('',(-1.E0,0.E0,0.E0));
#5708=AXIS2_PLACEMENT_3D('',#5705,#5706,#5707);
#5710=CARTESIAN_POINT('',(1.E1,-4.000000000001E0,-3.8075E1));
#5711=DIRECTION('',(0.E0,0.E0,1.E0));
#5712=DIRECTION('',(1.E0,0.E0,0.E0));
#5713=AXIS2_PLACEMENT_3D('',#5710,#5711,#5712);
#5715=CARTESIAN_POINT('',(1.E1,-4.000000000001E0,-3.8075E1));
#5716=DIRECTION('',(0.E0,0.E0,1.E0));
#5717=DIRECTION('',(-1.E0,0.E0,0.E0));
#5718=AXIS2_PLACEMENT_3D('',#5715,#5716,#5717);
#5720=CARTESIAN_POINT('',(1.4E1,-4.000000000001E0,-3.8075E1));
#5721=DIRECTION('',(0.E0,0.E0,1.E0));
#5722=DIRECTION('',(1.E0,0.E0,0.E0));
#5723=AXIS2_PLACEMENT_3D('',#5720,#5721,#5722);
#5725=CARTESIAN_POINT('',(1.4E1,-4.000000000001E0,-3.8075E1));
#5726=DIRECTION('',(0.E0,0.E0,1.E0));
#5727=DIRECTION('',(-1.E0,0.E0,0.E0));
#5728=AXIS2_PLACEMENT_3D('',#5725,#5726,#5727);
#5730=DIRECTION('',(0.E0,0.E0,-1.E0));
#5731=VECTOR('',#5730,1.2075E1);
#5732=CARTESIAN_POINT('',(-9.35E0,4.000000000001E0,-2.6E1));
#5733=LINE('',#5732,#5731);
#5734=DIRECTION('',(0.E0,0.E0,-1.E0));
#5735=VECTOR('',#5734,1.2075E1);
#5736=CARTESIAN_POINT('',(-1.065E1,4.000000000001E0,-2.6E1));
#5737=LINE('',#5736,#5735);
#5738=DIRECTION('',(0.E0,0.E0,-1.E0));
#5739=VECTOR('',#5738,1.2075E1);
#5740=CARTESIAN_POINT('',(-5.35E0,4.000000000001E0,-2.6E1));
#5741=LINE('',#5740,#5739);
#5742=DIRECTION('',(0.E0,0.E0,-1.E0));
#5743=VECTOR('',#5742,1.2075E1);
#5744=CARTESIAN_POINT('',(-6.65E0,4.000000000001E0,-2.6E1));
#5745=LINE('',#5744,#5743);
#5746=DIRECTION('',(0.E0,0.E0,-1.E0));
#5747=VECTOR('',#5746,1.2075E1);
#5748=CARTESIAN_POINT('',(-1.35E0,4.000000000001E0,-2.6E1));
#5749=LINE('',#5748,#5747);
#5750=DIRECTION('',(0.E0,0.E0,-1.E0));
#5751=VECTOR('',#5750,1.2075E1);
#5752=CARTESIAN_POINT('',(-2.65E0,4.000000000001E0,-2.6E1));
#5753=LINE('',#5752,#5751);
#5754=DIRECTION('',(0.E0,0.E0,-1.E0));
#5755=VECTOR('',#5754,1.2075E1);
#5756=CARTESIAN_POINT('',(2.65E0,4.000000000001E0,-2.6E1));
#5757=LINE('',#5756,#5755);
#5758=DIRECTION('',(0.E0,0.E0,-1.E0));
#5759=VECTOR('',#5758,1.2075E1);
#5760=CARTESIAN_POINT('',(1.35E0,4.000000000001E0,-2.6E1));
#5761=LINE('',#5760,#5759);
#5762=DIRECTION('',(0.E0,0.E0,-1.E0));
#5763=VECTOR('',#5762,1.2075E1);
#5764=CARTESIAN_POINT('',(6.65E0,4.000000000001E0,-2.6E1));
#5765=LINE('',#5764,#5763);
#5766=DIRECTION('',(0.E0,0.E0,-1.E0));
#5767=VECTOR('',#5766,1.2075E1);
#5768=CARTESIAN_POINT('',(5.35E0,4.000000000001E0,-2.6E1));
#5769=LINE('',#5768,#5767);
#5770=DIRECTION('',(0.E0,0.E0,-1.E0));
#5771=VECTOR('',#5770,1.2075E1);
#5772=CARTESIAN_POINT('',(1.065E1,4.000000000001E0,-2.6E1));
#5773=LINE('',#5772,#5771);
#5774=DIRECTION('',(0.E0,0.E0,-1.E0));
#5775=VECTOR('',#5774,1.2075E1);
#5776=CARTESIAN_POINT('',(9.35E0,4.000000000001E0,-2.6E1));
#5777=LINE('',#5776,#5775);
#5778=DIRECTION('',(0.E0,0.E0,-1.E0));
#5779=VECTOR('',#5778,1.2075E1);
#5780=CARTESIAN_POINT('',(1.465E1,4.000000000001E0,-2.6E1));
#5781=LINE('',#5780,#5779);
#5782=DIRECTION('',(0.E0,0.E0,-1.E0));
#5783=VECTOR('',#5782,1.2075E1);
#5784=CARTESIAN_POINT('',(1.335E1,4.000000000001E0,-2.6E1));
#5785=LINE('',#5784,#5783);
#5786=DIRECTION('',(0.E0,0.E0,-1.E0));
#5787=VECTOR('',#5786,1.2075E1);
#5788=CARTESIAN_POINT('',(-1.135E1,1.069728979055E-14,-2.6E1));
#5789=LINE('',#5788,#5787);
#5790=DIRECTION('',(0.E0,0.E0,-1.E0));
#5791=VECTOR('',#5790,1.2075E1);
#5792=CARTESIAN_POINT('',(-1.265E1,1.085649387444E-14,-2.6E1));
#5793=LINE('',#5792,#5791);
#5794=DIRECTION('',(0.E0,0.E0,-1.E0));
#5795=VECTOR('',#5794,1.2075E1);
#5796=CARTESIAN_POINT('',(-7.35E0,1.118714851021E-14,-2.6E1));
#5797=LINE('',#5796,#5795);
#5798=DIRECTION('',(0.E0,0.E0,-1.E0));
#5799=VECTOR('',#5798,1.2075E1);
#5800=CARTESIAN_POINT('',(-8.65E0,1.134635259410E-14,-2.6E1));
#5801=LINE('',#5800,#5799);
#5802=DIRECTION('',(0.E0,0.E0,-1.E0));
#5803=VECTOR('',#5802,1.2075E1);
#5804=CARTESIAN_POINT('',(-3.35E0,1.167700722987E-14,-2.6E1));
#5805=LINE('',#5804,#5803);
#5806=DIRECTION('',(0.E0,0.E0,-1.E0));
#5807=VECTOR('',#5806,1.2075E1);
#5808=CARTESIAN_POINT('',(-4.65E0,1.183621131376E-14,-2.6E1));
#5809=LINE('',#5808,#5807);
#5810=DIRECTION('',(0.E0,0.E0,-1.E0));
#5811=VECTOR('',#5810,1.2075E1);
#5812=CARTESIAN_POINT('',(6.5E-1,1.216686594953E-14,-2.6E1));
#5813=LINE('',#5812,#5811);
#5814=DIRECTION('',(0.E0,0.E0,-1.E0));
#5815=VECTOR('',#5814,1.2075E1);
#5816=CARTESIAN_POINT('',(-6.5E-1,1.232607003342E-14,-2.6E1));
#5817=LINE('',#5816,#5815);
#5818=DIRECTION('',(0.E0,0.E0,-1.E0));
#5819=VECTOR('',#5818,1.2075E1);
#5820=CARTESIAN_POINT('',(4.65E0,1.167700722987E-14,-2.6E1));
#5821=LINE('',#5820,#5819);
#5822=DIRECTION('',(0.E0,0.E0,-1.E0));
#5823=VECTOR('',#5822,1.2075E1);
#5824=CARTESIAN_POINT('',(3.35E0,1.183621131376E-14,-2.6E1));
#5825=LINE('',#5824,#5823);
#5826=DIRECTION('',(0.E0,0.E0,-1.E0));
#5827=VECTOR('',#5826,1.2075E1);
#5828=CARTESIAN_POINT('',(8.65E0,1.118714851021E-14,-2.6E1));
#5829=LINE('',#5828,#5827);
#5830=DIRECTION('',(0.E0,0.E0,-1.E0));
#5831=VECTOR('',#5830,1.2075E1);
#5832=CARTESIAN_POINT('',(7.35E0,1.134635259410E-14,-2.6E1));
#5833=LINE('',#5832,#5831);
#5834=DIRECTION('',(0.E0,0.E0,-1.E0));
#5835=VECTOR('',#5834,1.2075E1);
#5836=CARTESIAN_POINT('',(1.265E1,1.069728979055E-14,-2.6E1));
#5837=LINE('',#5836,#5835);
#5838=DIRECTION('',(0.E0,0.E0,-1.E0));
#5839=VECTOR('',#5838,1.2075E1);
#5840=CARTESIAN_POINT('',(1.135E1,1.085649387444E-14,-2.6E1));
#5841=LINE('',#5840,#5839);
#5842=DIRECTION('',(0.E0,0.E0,-1.E0));
#5843=VECTOR('',#5842,1.2075E1);
#5844=CARTESIAN_POINT('',(-1.335E1,-4.000000000001E0,-2.6E1));
#5845=LINE('',#5844,#5843);
#5846=DIRECTION('',(0.E0,0.E0,-1.E0));
#5847=VECTOR('',#5846,1.2075E1);
#5848=CARTESIAN_POINT('',(-1.465E1,-4.000000000001E0,-2.6E1));
#5849=LINE('',#5848,#5847);
#5850=DIRECTION('',(0.E0,0.E0,-1.E0));
#5851=VECTOR('',#5850,1.2075E1);
#5852=CARTESIAN_POINT('',(-9.35E0,-4.000000000001E0,-2.6E1));
#5853=LINE('',#5852,#5851);
#5854=DIRECTION('',(0.E0,0.E0,-1.E0));
#5855=VECTOR('',#5854,1.2075E1);
#5856=CARTESIAN_POINT('',(-1.065E1,-4.000000000001E0,-2.6E1));
#5857=LINE('',#5856,#5855);
#5858=DIRECTION('',(0.E0,0.E0,-1.E0));
#5859=VECTOR('',#5858,1.2075E1);
#5860=CARTESIAN_POINT('',(-5.35E0,-4.000000000001E0,-2.6E1));
#5861=LINE('',#5860,#5859);
#5862=DIRECTION('',(0.E0,0.E0,-1.E0));
#5863=VECTOR('',#5862,1.2075E1);
#5864=CARTESIAN_POINT('',(-6.65E0,-4.000000000001E0,-2.6E1));
#5865=LINE('',#5864,#5863);
#5866=DIRECTION('',(0.E0,0.E0,-1.E0));
#5867=VECTOR('',#5866,1.2075E1);
#5868=CARTESIAN_POINT('',(-1.35E0,-4.000000000001E0,-2.6E1));
#5869=LINE('',#5868,#5867);
#5870=DIRECTION('',(0.E0,0.E0,-1.E0));
#5871=VECTOR('',#5870,1.2075E1);
#5872=CARTESIAN_POINT('',(-2.65E0,-4.000000000001E0,-2.6E1));
#5873=LINE('',#5872,#5871);
#5874=DIRECTION('',(0.E0,0.E0,-1.E0));
#5875=VECTOR('',#5874,1.2075E1);
#5876=CARTESIAN_POINT('',(2.65E0,-4.000000000001E0,-2.6E1));
#5877=LINE('',#5876,#5875);
#5878=DIRECTION('',(0.E0,0.E0,-1.E0));
#5879=VECTOR('',#5878,1.2075E1);
#5880=CARTESIAN_POINT('',(1.35E0,-4.000000000001E0,-2.6E1));
#5881=LINE('',#5880,#5879);
#5882=DIRECTION('',(0.E0,0.E0,-1.E0));
#5883=VECTOR('',#5882,1.2075E1);
#5884=CARTESIAN_POINT('',(6.65E0,-4.000000000001E0,-2.6E1));
#5885=LINE('',#5884,#5883);
#5886=DIRECTION('',(0.E0,0.E0,-1.E0));
#5887=VECTOR('',#5886,1.2075E1);
#5888=CARTESIAN_POINT('',(5.35E0,-4.000000000001E0,-2.6E1));
#5889=LINE('',#5888,#5887);
#5890=DIRECTION('',(0.E0,0.E0,-1.E0));
#5891=VECTOR('',#5890,1.2075E1);
#5892=CARTESIAN_POINT('',(1.065E1,-4.000000000001E0,-2.6E1));
#5893=LINE('',#5892,#5891);
#5894=DIRECTION('',(0.E0,0.E0,-1.E0));
#5895=VECTOR('',#5894,1.2075E1);
#5896=CARTESIAN_POINT('',(9.35E0,-4.000000000001E0,-2.6E1));
#5897=LINE('',#5896,#5895);
#5898=DIRECTION('',(0.E0,0.E0,-1.E0));
#5899=VECTOR('',#5898,1.2075E1);
#5900=CARTESIAN_POINT('',(1.465E1,-4.000000000001E0,-2.6E1));
#5901=LINE('',#5900,#5899);
#5902=DIRECTION('',(0.E0,0.E0,-1.E0));
#5903=VECTOR('',#5902,1.2075E1);
#5904=CARTESIAN_POINT('',(1.335E1,-4.000000000001E0,-2.6E1));
#5905=LINE('',#5904,#5903);
#5906=CARTESIAN_POINT('',(2.99E1,9.699999999999E0,-2.15E1));
#5907=DIRECTION('',(0.E0,1.E0,0.E0));
#5908=DIRECTION('',(1.E0,0.E0,0.E0));
#5909=AXIS2_PLACEMENT_3D('',#5906,#5907,#5908);
#5911=CARTESIAN_POINT('',(2.99E1,-6.200000000001E0,-2.15E1));
#5912=DIRECTION('',(0.E0,-1.E0,0.E0));
#5913=DIRECTION('',(0.E0,0.E0,-1.E0));
#5914=AXIS2_PLACEMENT_3D('',#5911,#5912,#5913);
#5916=DIRECTION('',(0.E0,-1.E0,0.E0));
#5917=VECTOR('',#5916,1.59E1);
#5918=CARTESIAN_POINT('',(3.04E1,9.699999999999E0,-2.15E1));
#5919=LINE('',#5918,#5917);
#5920=DIRECTION('',(0.E0,-1.E0,0.E0));
#5921=VECTOR('',#5920,2.649999999821E0);
#5922=CARTESIAN_POINT('',(3.04E1,-8.400000000001E0,-2.15E1));
#5923=LINE('',#5922,#5921);
#5924=DIRECTION('',(0.E0,1.191840700206E-10,-1.E0));
#5925=VECTOR('',#5924,1.5E0);
#5926=CARTESIAN_POINT('',(3.04E1,-1.105E1,-2.E1));
#5927=LINE('',#5926,#5925);
#5928=DIRECTION('',(0.E0,0.E0,1.E0));
#5929=VECTOR('',#5928,7.E0);
#5930=CARTESIAN_POINT('',(3.04E1,-6.200000000001E0,-2.85E1));
#5931=LINE('',#5930,#5929);
#5932=DIRECTION('',(0.E0,0.E0,-1.E0));
#5933=VECTOR('',#5932,6.5E0);
#5934=CARTESIAN_POINT('',(2.860440890611E1,-6.200000000001E0,-2.2E1));
#5935=LINE('',#5934,#5933);
#5936=CARTESIAN_POINT('',(2.52E1,-7.300000000001E0,-3.375E1));
#5937=DIRECTION('',(0.E0,0.E0,-1.E0));
#5938=DIRECTION('',(-1.E0,0.E0,0.E0));
#5939=AXIS2_PLACEMENT_3D('',#5936,#5937,#5938);
#5941=DIRECTION('',(0.E0,6.314319226216E-10,-1.E0));
#5942=VECTOR('',#5941,5.25E0);
#5943=CARTESIAN_POINT('',(2.82E1,-7.300000000001E0,-2.85E1));
#5944=LINE('',#5943,#5942);
#5945=CARTESIAN_POINT('',(2.52E1,-7.300000000001E0,-2.85E1));
#5946=DIRECTION('',(0.E0,0.E0,1.E0));
#5947=DIRECTION('',(1.E0,0.E0,0.E0));
#5948=AXIS2_PLACEMENT_3D('',#5945,#5946,#5947);
#5950=DIRECTION('',(-3.256925669330E-10,3.695531402260E-10,1.E0));
#5951=VECTOR('',#5950,6.5E0);
#5952=CARTESIAN_POINT('',(2.775330668170E1,-5.725000002403E0,-2.85E1));
#5953=LINE('',#5952,#5951);
#5954=CARTESIAN_POINT('',(2.27E1,-7.300000000001E0,-3.375E1));
#5955=DIRECTION('',(0.E0,1.E0,0.E0));
#5956=DIRECTION('',(6.394884621841E-14,0.E0,-1.E0));
#5957=AXIS2_PLACEMENT_3D('',#5954,#5955,#5956);
#5959=CARTESIAN_POINT('',(-2.52E1,-7.300000000001E0,-3.425E1));
#5960=DIRECTION('',(0.E0,0.E0,-1.E0));
#5961=DIRECTION('',(1.E0,0.E0,0.E0));
#5962=AXIS2_PLACEMENT_3D('',#5959,#5960,#5961);
#5964=CARTESIAN_POINT('',(-2.52E1,-7.300000000001E0,-3.425E1));
#5965=DIRECTION('',(0.E0,0.E0,-1.E0));
#5966=DIRECTION('',(-1.E0,0.E0,0.E0));
#5967=AXIS2_PLACEMENT_3D('',#5964,#5965,#5966);
#5969=CARTESIAN_POINT('',(-2.37E1,1.08E1,-3.425E1));
#5970=DIRECTION('',(0.E0,0.E0,-1.E0));
#5971=DIRECTION('',(1.E0,0.E0,0.E0));
#5972=AXIS2_PLACEMENT_3D('',#5969,#5970,#5971);
#5974=CARTESIAN_POINT('',(-2.37E1,1.08E1,-3.425E1));
#5975=DIRECTION('',(0.E0,0.E0,-1.E0));
#5976=DIRECTION('',(-1.E0,0.E0,0.E0));
#5977=AXIS2_PLACEMENT_3D('',#5974,#5975,#5976);
#5979=CARTESIAN_POINT('',(2.52E1,-7.300000000001E0,-3.425E1));
#5980=DIRECTION('',(0.E0,0.E0,-1.E0));
#5981=DIRECTION('',(1.E0,0.E0,0.E0));
#5982=AXIS2_PLACEMENT_3D('',#5979,#5980,#5981);
#5984=CARTESIAN_POINT('',(2.52E1,-7.300000000001E0,-3.425E1));
#5985=DIRECTION('',(0.E0,0.E0,-1.E0));
#5986=DIRECTION('',(-1.E0,0.E0,0.E0));
#5987=AXIS2_PLACEMENT_3D('',#5984,#5985,#5986);
#5989=CARTESIAN_POINT('',(2.37E1,1.08E1,-3.425E1));
#5990=DIRECTION('',(0.E0,0.E0,-1.E0));
#5991=DIRECTION('',(1.E0,0.E0,0.E0));
#5992=AXIS2_PLACEMENT_3D('',#5989,#5990,#5991);
#5994=CARTESIAN_POINT('',(2.37E1,1.08E1,-3.425E1));
#5995=DIRECTION('',(0.E0,0.E0,-1.E0));
#5996=DIRECTION('',(-1.E0,0.E0,0.E0));
#5997=AXIS2_PLACEMENT_3D('',#5994,#5995,#5996);
#5999=CARTESIAN_POINT('',(-2.52E1,-7.300000000001E0,-3.425E1));
#6000=DIRECTION('',(0.E0,0.E0,-1.E0));
#6001=DIRECTION('',(1.E0,0.E0,0.E0));
#6002=AXIS2_PLACEMENT_3D('',#5999,#6000,#6001);
#6004=CARTESIAN_POINT('',(-2.52E1,-7.300000000001E0,-3.425E1));
#6005=DIRECTION('',(0.E0,0.E0,-1.E0));
#6006=DIRECTION('',(-1.E0,0.E0,0.E0));
#6007=AXIS2_PLACEMENT_3D('',#6004,#6005,#6006);
#6009=CARTESIAN_POINT('',(2.37E1,1.08E1,-3.425E1));
#6010=DIRECTION('',(0.E0,0.E0,-1.E0));
#6011=DIRECTION('',(1.E0,0.E0,0.E0));
#6012=AXIS2_PLACEMENT_3D('',#6009,#6010,#6011);
#6014=CARTESIAN_POINT('',(2.37E1,1.08E1,-3.425E1));
#6015=DIRECTION('',(0.E0,0.E0,-1.E0));
#6016=DIRECTION('',(-1.E0,0.E0,0.E0));
#6017=AXIS2_PLACEMENT_3D('',#6014,#6015,#6016);
#6019=CARTESIAN_POINT('',(-2.27E1,-7.300000000001E0,-3.375E1));
#6020=DIRECTION('',(0.E0,-1.E0,0.E0));
#6021=DIRECTION('',(-7.105427357601E-14,0.E0,-1.E0));
#6022=AXIS2_PLACEMENT_3D('',#6019,#6020,#6021);
#6024=CARTESIAN_POINT('',(-2.77E1,-7.300000000001E0,-3.375E1));
#6025=DIRECTION('',(0.E0,1.E0,0.E0));
#6026=DIRECTION('',(5.684341886081E-14,0.E0,-1.E0));
#6027=AXIS2_PLACEMENT_3D('',#6024,#6025,#6026);
#6029=CARTESIAN_POINT('',(-2.52E1,-7.300000000001E0,-3.375E1));
#6030=DIRECTION('',(0.E0,0.E0,-1.E0));
#6031=DIRECTION('',(-1.E0,0.E0,0.E0));
#6032=AXIS2_PLACEMENT_3D('',#6029,#6030,#6031);
#6034=DIRECTION('',(0.E0,2.821291569160E-10,-1.E0));
#6035=VECTOR('',#6034,1.175E1);
#6036=CARTESIAN_POINT('',(-2.22E1,-7.300000000001E0,-2.2E1));
#6037=LINE('',#6036,#6035);
#6038=DIRECTION('',(3.256925669330E-10,3.695527302975E-10,1.E0));
#6039=VECTOR('',#6038,6.5E0);
#6040=CARTESIAN_POINT('',(-2.775330668170E1,-5.725000002403E0,-2.85E1));
#6041=LINE('',#6040,#6039);
#6042=CARTESIAN_POINT('',(-2.52E1,-7.300000000001E0,-2.85E1));
#6043=DIRECTION('',(0.E0,0.E0,1.E0));
#6044=DIRECTION('',(-8.511022281843E-1,5.249999973140E-1,0.E0));
#6045=AXIS2_PLACEMENT_3D('',#6042,#6043,#6044);
#6047=CARTESIAN_POINT('',(-2.52E1,-7.300000000001E0,-3.375E1));
#6048=DIRECTION('',(0.E0,0.E0,-1.E0));
#6049=DIRECTION('',(1.E0,0.E0,0.E0));
#6050=AXIS2_PLACEMENT_3D('',#6047,#6048,#6049);
#6052=DIRECTION('',(0.E0,-6.314322609753E-10,-1.E0));
#6053=VECTOR('',#6052,5.25E0);
#6054=CARTESIAN_POINT('',(-2.82E1,-7.300000000001E0,-2.85E1));
#6055=LINE('',#6054,#6053);
#6056=CARTESIAN_POINT('',(-2.52E1,-7.300000000001E0,-2.85E1));
#6057=DIRECTION('',(0.E0,0.E0,1.E0));
#6058=DIRECTION('',(-1.E0,0.E0,0.E0));
#6059=AXIS2_PLACEMENT_3D('',#6056,#6057,#6058);
#6061=DIRECTION('',(-2.584686652741E-10,2.932762408993E-10,1.E0));
#6062=VECTOR('',#6061,6.5E0);
#6063=CARTESIAN_POINT('',(-2.775330667790E1,-8.875000001907E0,-2.85E1));
#6064=LINE('',#6063,#6062);
#6065=CARTESIAN_POINT('',(2.710440890611E1,8.699999999999E0,-2.85E1));
#6066=DIRECTION('',(0.E0,0.E0,1.E0));
#6067=DIRECTION('',(0.E0,1.E0,0.E0));
#6068=AXIS2_PLACEMENT_3D('',#6065,#6066,#6067);
#6070=DIRECTION('',(-1.E0,0.E0,0.E0));
#6071=VECTOR('',#6070,3.295591093890E0);
#6072=CARTESIAN_POINT('',(3.04E1,9.699999999999E0,-2.85E1));
#6073=LINE('',#6072,#6071);
#6074=DIRECTION('',(0.E0,-1.E0,0.E0));
#6075=VECTOR('',#6074,1.350000000001E0);
#6076=CARTESIAN_POINT('',(3.04E1,1.105E1,-2.85E1));
#6077=LINE('',#6076,#6075);
#6078=CARTESIAN_POINT('',(2.54E1,1.105E1,-2.85E1));
#6079=DIRECTION('',(0.E0,0.E0,-1.E0));
#6080=DIRECTION('',(9.854440623394E-1,1.699999999999E-1,0.E0));
#6081=AXIS2_PLACEMENT_3D('',#6078,#6079,#6080);
#6083=DIRECTION('',(1.E0,0.E0,0.E0));
#6084=VECTOR('',#6083,3.222811405587E0);
#6085=CARTESIAN_POINT('',(2.710440890611E1,1.19E1,-2.85E1));
#6086=LINE('',#6085,#6084);
#6087=CARTESIAN_POINT('',(2.710440890611E1,1.29E1,-2.85E1));
#6088=DIRECTION('',(0.E0,0.E0,1.E0));
#6089=DIRECTION('',(-8.511022304720E-1,-5.249999936053E-1,0.E0));
#6090=AXIS2_PLACEMENT_3D('',#6087,#6088,#6089);
#6092=CARTESIAN_POINT('',(-2.710440890611E1,1.29E1,-2.85E1));
#6093=DIRECTION('',(0.E0,0.E0,1.E0));
#6094=DIRECTION('',(0.E0,-1.E0,0.E0));
#6095=AXIS2_PLACEMENT_3D('',#6092,#6093,#6094);
#6097=DIRECTION('',(1.E0,0.E0,0.E0));
#6098=VECTOR('',#6097,3.222811405587E0);
#6099=CARTESIAN_POINT('',(-3.032722031170E1,1.19E1,-2.85E1));
#6100=LINE('',#6099,#6098);
#6101=CARTESIAN_POINT('',(-2.54E1,1.105E1,-2.85E1));
#6102=DIRECTION('',(0.E0,0.E0,-1.E0));
#6103=DIRECTION('',(-1.E0,0.E0,0.E0));
#6104=AXIS2_PLACEMENT_3D('',#6101,#6102,#6103);
#6106=DIRECTION('',(0.E0,1.E0,0.E0));
#6107=VECTOR('',#6106,1.350000000001E0);
#6108=CARTESIAN_POINT('',(-3.04E1,9.699999999999E0,-2.85E1));
#6109=LINE('',#6108,#6107);
#6110=DIRECTION('',(-1.E0,0.E0,0.E0));
#6111=VECTOR('',#6110,3.295591093890E0);
#6112=CARTESIAN_POINT('',(-2.710440890611E1,9.699999999999E0,-2.85E1));
#6113=LINE('',#6112,#6111);
#6114=CARTESIAN_POINT('',(-2.710440890611E1,8.699999999999E0,-2.85E1));
#6115=DIRECTION('',(0.E0,0.E0,1.E0));
#6116=DIRECTION('',(8.511022215570E-1,5.250000080579E-1,0.E0));
#6117=AXIS2_PLACEMENT_3D('',#6114,#6115,#6116);
#6119=CARTESIAN_POINT('',(-2.860440890611E1,-5.200000000001E0,-2.85E1));
#6120=DIRECTION('',(0.E0,0.E0,1.E0));
#6121=DIRECTION('',(0.E0,-1.E0,0.E0));
#6122=AXIS2_PLACEMENT_3D('',#6119,#6120,#6121);
#6124=DIRECTION('',(1.E0,0.E0,0.E0));
#6125=VECTOR('',#6124,1.795591093890E0);
#6126=CARTESIAN_POINT('',(-3.04E1,-6.200000000001E0,-2.85E1));
#6127=LINE('',#6126,#6125);
#6128=DIRECTION('',(0.E0,1.E0,0.E0));
#6129=VECTOR('',#6128,2.2E0);
#6130=CARTESIAN_POINT('',(-3.04E1,-8.400000000001E0,-2.85E1));
#6131=LINE('',#6130,#6129);
#6132=DIRECTION('',(-1.E0,0.E0,0.E0));
#6133=VECTOR('',#6132,1.795591093890E0);
#6134=CARTESIAN_POINT('',(-2.860440890611E1,-8.400000000001E0,-2.85E1));
#6135=LINE('',#6134,#6133);
#6136=CARTESIAN_POINT('',(-2.860440890611E1,-9.400000000001E0,-2.85E1));
#6137=DIRECTION('',(0.E0,0.E0,1.E0));
#6138=DIRECTION('',(8.511022304720E-1,5.249999936053E-1,0.E0));
#6139=AXIS2_PLACEMENT_3D('',#6136,#6137,#6138);
#6141=CARTESIAN_POINT('',(2.860440890611E1,-9.400000000001E0,-2.85E1));
#6142=DIRECTION('',(0.E0,0.E0,1.E0));
#6143=DIRECTION('',(0.E0,1.E0,0.E0));
#6144=AXIS2_PLACEMENT_3D('',#6141,#6142,#6143);
#6146=DIRECTION('',(-1.E0,0.E0,0.E0));
#6147=VECTOR('',#6146,1.795591093890E0);
#6148=CARTESIAN_POINT('',(3.04E1,-8.400000000001E0,-2.85E1));
#6149=LINE('',#6148,#6147);
#6150=DIRECTION('',(0.E0,-1.E0,0.E0));
#6151=VECTOR('',#6150,2.2E0);
#6152=CARTESIAN_POINT('',(3.04E1,-6.200000000001E0,-2.85E1));
#6153=LINE('',#6152,#6151);
#6154=DIRECTION('',(1.E0,0.E0,0.E0));
#6155=VECTOR('',#6154,1.795591093890E0);
#6156=CARTESIAN_POINT('',(2.860440890611E1,-6.200000000001E0,-2.85E1));
#6157=LINE('',#6156,#6155);
#6158=CARTESIAN_POINT('',(2.860440890611E1,-5.200000000001E0,-2.85E1));
#6159=DIRECTION('',(0.E0,0.E0,1.E0));
#6160=DIRECTION('',(-8.511022215570E-1,-5.250000080579E-1,0.E0));
#6161=AXIS2_PLACEMENT_3D('',#6158,#6159,#6160);
#6163=CARTESIAN_POINT('',(2.37E1,1.08E1,-3.375E1));
#6164=DIRECTION('',(0.E0,0.E0,-1.E0));
#6165=DIRECTION('',(-1.E0,0.E0,0.E0));
#6166=AXIS2_PLACEMENT_3D('',#6163,#6164,#6165);
#6168=DIRECTION('',(0.E0,6.314315842679E-10,-1.E0));
#6169=VECTOR('',#6168,5.25E0);
#6170=CARTESIAN_POINT('',(2.67E1,1.08E1,-2.85E1));
#6171=LINE('',#6170,#6169);
#6172=CARTESIAN_POINT('',(2.37E1,1.08E1,-2.85E1));
#6173=DIRECTION('',(0.E0,0.E0,1.E0));
#6174=DIRECTION('',(1.E0,0.E0,0.E0));
#6175=AXIS2_PLACEMENT_3D('',#6172,#6173,#6174);
#6177=DIRECTION('',(2.584697584168E-10,-2.932765141850E-10,1.E0));
#6178=VECTOR('',#6177,6.5E0);
#6179=CARTESIAN_POINT('',(2.625330667790E1,1.237500000191E1,-2.85E1));
#6180=LINE('',#6179,#6178);
#6181=CARTESIAN_POINT('',(2.12E1,1.08E1,-3.375E1));
#6182=DIRECTION('',(0.E0,1.E0,0.E0));
#6183=DIRECTION('',(7.105427357601E-14,0.E0,-1.E0));
#6184=AXIS2_PLACEMENT_3D('',#6181,#6182,#6183);
#6186=CARTESIAN_POINT('',(2.62E1,1.08E1,-3.375E1));
#6187=DIRECTION('',(0.E0,-1.E0,0.E0));
#6188=DIRECTION('',(-6.394884621841E-14,0.E0,-1.E0));
#6189=AXIS2_PLACEMENT_3D('',#6186,#6187,#6188);
#6191=CARTESIAN_POINT('',(2.37E1,1.08E1,-3.375E1));
#6192=DIRECTION('',(0.E0,0.E0,-1.E0));
#6193=DIRECTION('',(1.E0,0.E0,0.E0));
#6194=AXIS2_PLACEMENT_3D('',#6191,#6192,#6193);
#6196=DIRECTION('',(0.E0,-2.821290057367E-10,-1.E0));
#6197=VECTOR('',#6196,1.175E1);
#6198=CARTESIAN_POINT('',(2.07E1,1.08E1,-2.2E1));
#6199=LINE('',#6198,#6197);
#6200=DIRECTION('',(-3.256920203617E-10,-3.695532768688E-10,1.E0));
#6201=VECTOR('',#6200,6.5E0);
#6202=CARTESIAN_POINT('',(2.625330668170E1,9.225000002401E0,-2.85E1));
#6203=LINE('',#6202,#6201);
#6204=CARTESIAN_POINT('',(2.37E1,1.08E1,-2.85E1));
#6205=DIRECTION('',(0.E0,0.E0,1.E0));
#6206=DIRECTION('',(8.511022281843E-1,-5.249999973140E-1,0.E0));
#6207=AXIS2_PLACEMENT_3D('',#6204,#6205,#6206);
#6209=DIRECTION('',(0.E0,0.E0,-1.E0));
#6210=VECTOR('',#6209,6.5E0);
#6211=CARTESIAN_POINT('',(2.710440890611E1,9.699999999999E0,-2.2E1));
#6212=LINE('',#6211,#6210);
#6213=DIRECTION('',(0.E0,0.E0,-1.E0));
#6214=VECTOR('',#6213,7.E0);
#6215=CARTESIAN_POINT('',(3.04E1,9.699999999999E0,-2.15E1));
#6216=LINE('',#6215,#6214);
#6217=DIRECTION('',(0.E0,0.E0,1.E0));
#6218=VECTOR('',#6217,7.E0);
#6219=CARTESIAN_POINT('',(3.032722031170E1,1.19E1,-2.85E1));
#6220=LINE('',#6219,#6218);
#6221=DIRECTION('',(0.E0,0.E0,-1.E0));
#6222=VECTOR('',#6221,6.5E0);
#6223=CARTESIAN_POINT('',(2.710440890611E1,1.19E1,-2.2E1));
#6224=LINE('',#6223,#6222);
#6225=CARTESIAN_POINT('',(2.54E1,1.105E1,-2.15E1));
#6226=DIRECTION('',(0.E0,0.E0,-1.E0));
#6227=DIRECTION('',(0.E0,1.E0,0.E0));
#6228=AXIS2_PLACEMENT_3D('',#6225,#6226,#6227);
#6230=DIRECTION('',(0.E0,0.E0,1.E0));
#6231=VECTOR('',#6230,8.5E0);
#6232=CARTESIAN_POINT('',(3.04E1,1.105E1,-2.85E1));
#6233=LINE('',#6232,#6231);
#6234=CARTESIAN_POINT('',(2.54E1,1.555E1,-2.15E1));
#6235=DIRECTION('',(1.E0,0.E0,0.E0));
#6236=DIRECTION('',(0.E0,0.E0,-1.E0));
#6237=AXIS2_PLACEMENT_3D('',#6234,#6235,#6236);
#6239=CARTESIAN_POINT('',(2.981899309798E1,1.19E1,-2.2E1));
#6240=CARTESIAN_POINT('',(2.987413265707E1,1.19E1,-2.2E1));
#6241=CARTESIAN_POINT('',(2.997842869176E1,1.19E1,-2.198348798573E1));
#6242=CARTESIAN_POINT('',(3.012477798751E1,1.19E1,-2.190998468213E1));
#6243=CARTESIAN_POINT('',(3.023751122442E1,1.19E1,-2.179828426320E1));
#6244=CARTESIAN_POINT('',(3.031092134132E1,1.19E1,-2.165479505251E1));
#6245=CARTESIAN_POINT('',(3.032722031170E1,1.19E1,-2.155341247313E1));
#6246=CARTESIAN_POINT('',(3.032722031170E1,1.19E1,-2.15E1));
#6248=CARTESIAN_POINT('',(-2.54E1,1.555E1,-2.15E1));
#6249=DIRECTION('',(1.E0,0.E0,0.E0));
#6250=DIRECTION('',(0.E0,0.E0,-1.E0));
#6251=AXIS2_PLACEMENT_3D('',#6248,#6249,#6250);
#6253=DIRECTION('',(1.E0,0.E0,0.E0));
#6254=VECTOR('',#6253,5.079999999927E1);
#6255=CARTESIAN_POINT('',(-2.539999999968E1,1.605E1,-2.15E1));
#6256=LINE('',#6255,#6254);
#6257=DIRECTION('',(-2.750510930127E-10,0.E0,-1.E0));
#6258=VECTOR('',#6257,1.5E0);
#6259=CARTESIAN_POINT('',(2.54E1,1.605E1,-2.E1));
#6260=LINE('',#6259,#6258);
#6261=CARTESIAN_POINT('',(-2.37E1,1.08E1,-3.375E1));
#6262=DIRECTION('',(0.E0,0.E0,-1.E0));
#6263=DIRECTION('',(-1.E0,0.E0,0.E0));
#6264=AXIS2_PLACEMENT_3D('',#6261,#6262,#6263);
#6266=DIRECTION('',(0.E0,2.821290057367E-10,-1.E0));
#6267=VECTOR('',#6266,1.175E1);
#6268=CARTESIAN_POINT('',(-2.07E1,1.08E1,-2.2E1));
#6269=LINE('',#6268,#6267);
#6270=DIRECTION('',(-2.584686652741E-10,-2.932756943280E-10,1.E0));
#6271=VECTOR('',#6270,6.5E0);
#6272=CARTESIAN_POINT('',(-2.625330667790E1,1.237500000191E1,-2.85E1));
#6273=LINE('',#6272,#6271);
#6274=CARTESIAN_POINT('',(-2.37E1,1.08E1,-2.85E1));
#6275=DIRECTION('',(0.E0,0.E0,1.E0));
#6276=DIRECTION('',(-8.511022252126E-1,5.250000021316E-1,0.E0));
#6277=AXIS2_PLACEMENT_3D('',#6274,#6275,#6276);
#6279=CARTESIAN_POINT('',(-2.62E1,1.08E1,-3.375E1));
#6280=DIRECTION('',(0.E0,1.E0,0.E0));
#6281=DIRECTION('',(6.394884621841E-14,0.E0,-1.E0));
#6282=AXIS2_PLACEMENT_3D('',#6279,#6280,#6281);
#6284=CARTESIAN_POINT('',(-2.12E1,1.08E1,-3.375E1));
#6285=DIRECTION('',(0.E0,-1.E0,0.E0));
#6286=DIRECTION('',(-6.394884621841E-14,0.E0,-1.E0));
#6287=AXIS2_PLACEMENT_3D('',#6284,#6285,#6286);
#6289=CARTESIAN_POINT('',(-2.37E1,1.08E1,-3.375E1));
#6290=DIRECTION('',(0.E0,0.E0,-1.E0));
#6291=DIRECTION('',(1.E0,0.E0,0.E0));
#6292=AXIS2_PLACEMENT_3D('',#6289,#6290,#6291);
#6294=DIRECTION('',(0.E0,-6.314319226216E-10,-1.E0));
#6295=VECTOR('',#6294,5.25E0);
#6296=CARTESIAN_POINT('',(-2.67E1,1.08E1,-2.85E1));
#6297=LINE('',#6296,#6295);
#6298=CARTESIAN_POINT('',(-2.37E1,1.08E1,-2.85E1));
#6299=DIRECTION('',(0.E0,0.E0,1.E0));
#6300=DIRECTION('',(-1.E0,0.E0,0.E0));
#6301=AXIS2_PLACEMENT_3D('',#6298,#6299,#6300);
#6303=DIRECTION('',(3.256936600757E-10,-3.695551898685E-10,1.E0));
#6304=VECTOR('',#6303,6.5E0);
#6305=CARTESIAN_POINT('',(-2.625330668170E1,9.225000002401E0,-2.85E1));
#6306=LINE('',#6305,#6304);
#6307=DIRECTION('',(0.E0,0.E0,1.E0));
#6308=VECTOR('',#6307,7.E0);
#6309=CARTESIAN_POINT('',(-3.04E1,9.699999999999E0,-2.85E1));
#6310=LINE('',#6309,#6308);
#6311=DIRECTION('',(0.E0,0.E0,-1.E0));
#6312=VECTOR('',#6311,6.5E0);
#6313=CARTESIAN_POINT('',(-2.710440890611E1,9.699999999999E0,-2.2E1));
#6314=LINE('',#6313,#6312);
#6315=DIRECTION('',(0.E0,1.E0,0.E0));
#6316=VECTOR('',#6315,2.649999999937E0);
#6317=CARTESIAN_POINT('',(-3.04E1,-1.104999999994E1,-2.15E1));
#6318=LINE('',#6317,#6316);
#6319=DIRECTION('',(0.E0,1.E0,0.E0));
#6320=VECTOR('',#6319,1.59E1);
#6321=CARTESIAN_POINT('',(-3.04E1,-6.200000000001E0,-2.15E1));
#6322=LINE('',#6321,#6320);
#6323=CARTESIAN_POINT('',(-2.99E1,-1.105E1,-2.15E1));
#6324=DIRECTION('',(0.E0,1.E0,0.E0));
#6325=DIRECTION('',(0.E0,0.E0,-1.E0));
#6326=AXIS2_PLACEMENT_3D('',#6323,#6324,#6325);
#6328=CARTESIAN_POINT('',(-2.99E1,-8.400000000001E0,-2.15E1));
#6329=DIRECTION('',(0.E0,1.E0,0.E0));
#6330=DIRECTION('',(0.E0,0.E0,-1.E0));
#6331=AXIS2_PLACEMENT_3D('',#6328,#6329,#6330);
#6333=CARTESIAN_POINT('',(-2.54E1,-1.555E1,-2.15E1));
#6334=DIRECTION('',(-1.E0,0.E0,0.E0));
#6335=DIRECTION('',(0.E0,0.E0,-1.E0));
#6336=AXIS2_PLACEMENT_3D('',#6333,#6334,#6335);
#6338=CARTESIAN_POINT('',(-2.54E1,-1.105E1,-2.15E1));
#6339=DIRECTION('',(0.E0,0.E0,-1.E0));
#6340=DIRECTION('',(0.E0,-1.E0,0.E0));
#6341=AXIS2_PLACEMENT_3D('',#6338,#6339,#6340);
#6343=DIRECTION('',(0.E0,4.157030275564E-11,-1.E0));
#6344=VECTOR('',#6343,1.5E0);
#6345=CARTESIAN_POINT('',(-3.04E1,-1.105E1,-2.E1));
#6346=LINE('',#6345,#6344);
#6347=DIRECTION('',(-1.E0,0.E0,0.E0));
#6348=VECTOR('',#6347,5.079999999976E1);
#6349=CARTESIAN_POINT('',(2.539999999994E1,-1.605E1,-2.15E1));
#6350=LINE('',#6349,#6348);
#6351=DIRECTION('',(1.191817015448E-10,0.E0,-1.E0));
#6352=VECTOR('',#6351,1.5E0);
#6353=CARTESIAN_POINT('',(-2.54E1,-1.605E1,-2.E1));
#6354=LINE('',#6353,#6352);
#6355=CARTESIAN_POINT('',(2.54E1,-1.555E1,-2.15E1));
#6356=DIRECTION('',(-1.E0,0.E0,0.E0));
#6357=DIRECTION('',(0.E0,0.E0,-1.E0));
#6358=AXIS2_PLACEMENT_3D('',#6355,#6356,#6357);
#6360=CARTESIAN_POINT('',(2.99E1,-1.105E1,-2.15E1));
#6361=DIRECTION('',(0.E0,-1.E0,0.E0));
#6362=DIRECTION('',(0.E0,0.E0,-1.E0));
#6363=AXIS2_PLACEMENT_3D('',#6360,#6361,#6362);
#6365=CARTESIAN_POINT('',(2.54E1,-1.105E1,-2.15E1));
#6366=DIRECTION('',(0.E0,0.E0,-1.E0));
#6367=DIRECTION('',(1.E0,0.E0,0.E0));
#6368=AXIS2_PLACEMENT_3D('',#6365,#6366,#6367);
#6370=DIRECTION('',(-4.156911851775E-11,0.E0,-1.E0));
#6371=VECTOR('',#6370,1.5E0);
#6372=CARTESIAN_POINT('',(2.54E1,-1.605E1,-2.E1));
#6373=LINE('',#6372,#6371);
#6374=CARTESIAN_POINT('',(2.99E1,-8.400000000001E0,-2.15E1));
#6375=DIRECTION('',(0.E0,1.E0,0.E0));
#6376=DIRECTION('',(1.E0,0.E0,0.E0));
#6377=AXIS2_PLACEMENT_3D('',#6374,#6375,#6376);
#6379=DIRECTION('',(0.E0,0.E0,-1.E0));
#6380=VECTOR('',#6379,7.E0);
#6381=CARTESIAN_POINT('',(3.04E1,-8.400000000001E0,-2.15E1));
#6382=LINE('',#6381,#6380);
#6383=DIRECTION('',(0.E0,0.E0,-1.E0));
#6384=VECTOR('',#6383,6.5E0);
#6385=CARTESIAN_POINT('',(2.860440890611E1,-8.400000000001E0,-2.2E1));
#6386=LINE('',#6385,#6384);
#6387=CARTESIAN_POINT('',(2.52E1,-7.300000000001E0,-3.375E1));
#6388=DIRECTION('',(0.E0,0.E0,-1.E0));
#6389=DIRECTION('',(1.E0,0.E0,0.E0));
#6390=AXIS2_PLACEMENT_3D('',#6387,#6388,#6389);
#6392=DIRECTION('',(0.E0,-2.821291569160E-10,-1.E0));
#6393=VECTOR('',#6392,1.175E1);
#6394=CARTESIAN_POINT('',(2.22E1,-7.300000000001E0,-2.2E1));
#6395=LINE('',#6394,#6393);
#6396=DIRECTION('',(2.584708515594E-10,2.932787004703E-10,1.E0));
#6397=VECTOR('',#6396,6.5E0);
#6398=CARTESIAN_POINT('',(2.775330667790E1,-8.875000001907E0,-2.85E1));
#6399=LINE('',#6398,#6397);
#6400=CARTESIAN_POINT('',(2.52E1,-7.300000000001E0,-2.85E1));
#6401=DIRECTION('',(0.E0,0.E0,1.E0));
#6402=DIRECTION('',(8.511022252126E-1,-5.250000021316E-1,0.E0));
#6403=AXIS2_PLACEMENT_3D('',#6400,#6401,#6402);
#6405=CARTESIAN_POINT('',(2.77E1,-7.300000000001E0,-3.375E1));
#6406=DIRECTION('',(0.E0,-1.E0,0.E0));
#6407=DIRECTION('',(-5.684341886081E-14,0.E0,-1.E0));
#6408=AXIS2_PLACEMENT_3D('',#6405,#6406,#6407);
#6410=DIRECTION('',(0.E0,0.E0,1.E0));
#6411=VECTOR('',#6410,7.E0);
#6412=CARTESIAN_POINT('',(-3.04E1,-8.400000000001E0,-2.85E1));
#6413=LINE('',#6412,#6411);
#6414=DIRECTION('',(0.E0,0.E0,-1.E0));
#6415=VECTOR('',#6414,6.5E0);
#6416=CARTESIAN_POINT('',(-2.860440890611E1,-8.400000000001E0,-2.2E1));
#6417=LINE('',#6416,#6415);
#6418=DIRECTION('',(0.E0,0.E0,-1.E0));
#6419=VECTOR('',#6418,7.E0);
#6420=CARTESIAN_POINT('',(-3.04E1,-6.200000000001E0,-2.15E1));
#6421=LINE('',#6420,#6419);
#6422=CARTESIAN_POINT('',(-2.99E1,-6.200000000001E0,-2.15E1));
#6423=DIRECTION('',(0.E0,-1.E0,0.E0));
#6424=DIRECTION('',(-1.E0,0.E0,0.E0));
#6425=AXIS2_PLACEMENT_3D('',#6422,#6423,#6424);
#6427=CARTESIAN_POINT('',(-2.99E1,9.699999999999E0,-2.15E1));
#6428=DIRECTION('',(0.E0,1.E0,0.E0));
#6429=DIRECTION('',(0.E0,0.E0,-1.E0));
#6430=AXIS2_PLACEMENT_3D('',#6427,#6428,#6429);
#6432=DIRECTION('',(0.E0,0.E0,-1.E0));
#6433=VECTOR('',#6432,6.5E0);
#6434=CARTESIAN_POINT('',(-2.860440890611E1,-6.200000000001E0,-2.2E1));
#6435=LINE('',#6434,#6433);
#6436=DIRECTION('',(0.E0,0.E0,-1.E0));
#6437=VECTOR('',#6436,6.5E0);
#6438=CARTESIAN_POINT('',(-2.710440890611E1,1.19E1,-2.2E1));
#6439=LINE('',#6438,#6437);
#6440=DIRECTION('',(0.E0,0.E0,-1.E0));
#6441=VECTOR('',#6440,7.E0);
#6442=CARTESIAN_POINT('',(-3.032722031170E1,1.19E1,-2.15E1));
#6443=LINE('',#6442,#6441);
#6444=DIRECTION('',(0.E0,0.E0,-1.E0));
#6445=VECTOR('',#6444,2.E0);
#6446=CARTESIAN_POINT('',(-2.445E1,-7.300000000001E0,-3.425E1));
#6447=LINE('',#6446,#6445);
#6448=DIRECTION('',(0.E0,0.E0,-1.E0));
#6449=VECTOR('',#6448,2.E0);
#6450=CARTESIAN_POINT('',(-2.595E1,-7.300000000001E0,-3.425E1));
#6451=LINE('',#6450,#6449);
#6452=CARTESIAN_POINT('',(-2.52E1,-7.300000000001E0,-3.625E1));
#6453=DIRECTION('',(0.E0,0.E0,-1.E0));
#6454=DIRECTION('',(1.E0,0.E0,0.E0));
#6455=AXIS2_PLACEMENT_3D('',#6452,#6453,#6454);
#6457=CARTESIAN_POINT('',(-2.52E1,-7.300000000001E0,-3.625E1));
#6458=DIRECTION('',(0.E0,0.E0,-1.E0));
#6459=DIRECTION('',(-1.E0,0.E0,0.E0));
#6460=AXIS2_PLACEMENT_3D('',#6457,#6458,#6459);
#6462=CARTESIAN_POINT('',(2.37E1,1.08E1,-3.625E1));
#6463=DIRECTION('',(0.E0,0.E0,-1.E0));
#6464=DIRECTION('',(1.E0,0.E0,0.E0));
#6465=AXIS2_PLACEMENT_3D('',#6462,#6463,#6464);
#6467=CARTESIAN_POINT('',(2.37E1,1.08E1,-3.625E1));
#6468=DIRECTION('',(0.E0,0.E0,-1.E0));
#6469=DIRECTION('',(-1.E0,0.E0,0.E0));
#6470=AXIS2_PLACEMENT_3D('',#6467,#6468,#6469);
#6472=DIRECTION('',(0.E0,0.E0,-1.E0));
#6473=VECTOR('',#6472,2.E0);
#6474=CARTESIAN_POINT('',(2.445E1,1.08E1,-3.425E1));
#6475=LINE('',#6474,#6473);
#6476=DIRECTION('',(0.E0,0.E0,-1.E0));
#6477=VECTOR('',#6476,2.E0);
#6478=CARTESIAN_POINT('',(2.295E1,1.08E1,-3.425E1));
#6479=LINE('',#6478,#6477);
#6480=DIRECTION('',(0.E0,0.E0,1.E0));
#6481=VECTOR('',#6480,7.5E-1);
#6482=CARTESIAN_POINT('',(2.21E1,1.08E1,-2.E1));
#6483=LINE('',#6482,#6481);
#6484=DIRECTION('',(0.E0,0.E0,1.E0));
#6485=VECTOR('',#6484,7.5E-1);
#6486=CARTESIAN_POINT('',(2.68E1,-7.300000000001E0,-2.E1));
#6487=LINE('',#6486,#6485);
#6488=DIRECTION('',(0.E0,0.E0,1.E0));
#6489=VECTOR('',#6488,7.5E-1);
#6490=CARTESIAN_POINT('',(2.36E1,-7.300000000001E0,-2.E1));
#6491=LINE('',#6490,#6489);
#6492=DIRECTION('',(0.E0,0.E0,1.E0));
#6493=VECTOR('',#6492,7.5E-1);
#6494=CARTESIAN_POINT('',(-2.21E1,1.08E1,-2.E1));
#6495=LINE('',#6494,#6493);
#6496=DIRECTION('',(0.E0,0.E0,1.E0));
#6497=VECTOR('',#6496,7.5E-1);
#6498=CARTESIAN_POINT('',(-2.53E1,1.08E1,-2.E1));
#6499=LINE('',#6498,#6497);
#6500=DIRECTION('',(0.E0,0.E0,1.E0));
#6501=VECTOR('',#6500,7.5E-1);
#6502=CARTESIAN_POINT('',(-2.36E1,-7.300000000001E0,-2.E1));
#6503=LINE('',#6502,#6501);
#6504=DIRECTION('',(0.E0,0.E0,1.E0));
#6505=VECTOR('',#6504,7.5E-1);
#6506=CARTESIAN_POINT('',(-2.68E1,-7.300000000001E0,-2.E1));
#6507=LINE('',#6506,#6505);
#6508=DIRECTION('',(-1.421085471520E-14,0.E0,1.E0));
#6509=VECTOR('',#6508,7.5E-1);
#6510=CARTESIAN_POINT('',(2.293529411765E1,7.641246303762E0,-2.E1));
#6511=LINE('',#6510,#6509);
#6512=DIRECTION('',(0.E0,2.309645420677E-14,1.E0));
#6513=VECTOR('',#6512,5.383725902028E-1);
#6514=CARTESIAN_POINT('',(2.17E1,6.669322089535E0,-1.978837259020E1));
#6515=LINE('',#6514,#6513);
#6516=CARTESIAN_POINT('',(1.803968501984E1,1.18E1,-2.E1));
#6517=CARTESIAN_POINT('',(1.792684348326E1,1.18E1,-2.E1));
#6518=CARTESIAN_POINT('',(1.770290176997E1,1.18E1,-1.998920715087E1));
#6519=CARTESIAN_POINT('',(1.737122072630E1,1.18E1,-1.995003545440E1));
#6520=CARTESIAN_POINT('',(1.704660023810E1,1.18E1,-1.989444269337E1));
#6521=CARTESIAN_POINT('',(1.672973389689E1,1.18E1,-1.982743431378E1));
#6522=CARTESIAN_POINT('',(1.642015795123E1,1.18E1,-1.975269089474E1));
#6523=CARTESIAN_POINT('',(1.611420717389E1,1.18E1,-1.967226022323E1));
#6524=CARTESIAN_POINT('',(1.580906042637E1,1.18E1,-1.958776196753E1));
#6525=CARTESIAN_POINT('',(1.560332940665E1,1.18E1,-1.952934357967E1));
#6526=CARTESIAN_POINT('',(1.55E1,1.18E1,-1.95E1));
#6528=CARTESIAN_POINT('',(1.55E1,1.23E1,-1.95E1));
#6529=DIRECTION('',(1.E0,0.E0,0.E0));
#6530=DIRECTION('',(0.E0,-1.E0,0.E0));
#6531=AXIS2_PLACEMENT_3D('',#6528,#6529,#6530);
#6533=CARTESIAN_POINT('',(2.17E1,5.599999999986E0,-1.95E1));
#6534=CARTESIAN_POINT('',(2.17E1,5.722309920213E0,-1.953473368332E1));
#6535=CARTESIAN_POINT('',(2.17E1,5.964304479737E0,-1.960344371489E1));
#6536=CARTESIAN_POINT('',(2.17E1,6.320317201605E0,-1.970103802063E1));
#6537=CARTESIAN_POINT('',(2.17E1,6.553593782587E0,-1.976051208061E1));
#6538=CARTESIAN_POINT('',(2.17E1,6.669322089535E0,-1.978837259020E1));
#6540=CARTESIAN_POINT('',(2.17E1,6.669322089535E0,-1.978837259020E1));
#6541=CARTESIAN_POINT('',(2.17E1,6.717362043222E0,-1.979993776061E1));
#6542=CARTESIAN_POINT('',(2.170681789049E1,6.813166602129E0,-1.983202954679E1));
#6543=CARTESIAN_POINT('',(2.173875412434E1,6.958375642834E0,-1.989163820525E1));
#6544=CARTESIAN_POINT('',(2.179348923634E1,7.100936929110E0,-1.994828250393E1));
#6545=CARTESIAN_POINT('',(2.187149512048E1,7.236284232899E0,-1.998972601250E1));
#6546=CARTESIAN_POINT('',(2.193395288526E1,7.313983985459E0,-2.E1));
#6547=CARTESIAN_POINT('',(2.196741808022E1,7.350000964486E0,-2.E1));
#6549=CARTESIAN_POINT('',(-1.55E1,1.23E1,-1.95E1));
#6550=DIRECTION('',(1.E0,0.E0,0.E0));
#6551=DIRECTION('',(0.E0,-1.E0,0.E0));
#6552=AXIS2_PLACEMENT_3D('',#6549,#6550,#6551);
#6554=CARTESIAN_POINT('',(-2.17E1,6.669322089535E0,-1.978837259020E1));
#6555=CARTESIAN_POINT('',(-2.17E1,6.553468399260E0,-1.976048189574E1));
#6556=CARTESIAN_POINT('',(-2.17E1,6.320026285428E0,-1.970096120311E1));
#6557=CARTESIAN_POINT('',(-2.17E1,5.964022001439E0,-1.960336388635E1));
#6558=CARTESIAN_POINT('',(-2.17E1,5.722188932657E0,-1.953469932516E1));
#6559=CARTESIAN_POINT('',(-2.17E1,5.6E0,-1.95E1));
#6561=CARTESIAN_POINT('',(-2.22E1,5.6E0,-1.95E1));
#6562=DIRECTION('',(0.E0,1.E0,0.E0));
#6563=DIRECTION('',(1.E0,0.E0,0.E0));
#6564=AXIS2_PLACEMENT_3D('',#6561,#6562,#6563);
#6566=CARTESIAN_POINT('',(-2.196741808022E1,7.350000964486E0,-2.E1));
#6567=CARTESIAN_POINT('',(-2.192452289162E1,7.303834937055E0,-2.E1));
#6568=CARTESIAN_POINT('',(-2.184707119898E1,7.203352721466E0,
-1.998324791818E1));
#6569=CARTESIAN_POINT('',(-2.175941917374E1,7.026746670868E0,
-1.992046603323E1));
#6570=CARTESIAN_POINT('',(-2.171043532944E1,6.847094685077E0,
-1.984485241345E1));
#6571=CARTESIAN_POINT('',(-2.17E1,6.728699612136E0,-1.980266717449E1));
#6572=CARTESIAN_POINT('',(-2.17E1,6.669322089535E0,-1.978837259020E1));
#6574=CARTESIAN_POINT('',(-1.549999999999E1,1.18E1,-1.95E1));
#6575=CARTESIAN_POINT('',(-1.560346277319E1,1.18E1,-1.952938145322E1));
#6576=CARTESIAN_POINT('',(-1.580999427072E1,1.18E1,-1.958803039614E1));
#6577=CARTESIAN_POINT('',(-1.611864424201E1,1.18E1,-1.967348085732E1));
#6578=CARTESIAN_POINT('',(-1.642836824714E1,1.18E1,-1.975479513453E1));
#6579=CARTESIAN_POINT('',(-1.674056344813E1,1.18E1,-1.982991036888E1));
#6580=CARTESIAN_POINT('',(-1.705712795766E1,1.18E1,-1.989644584643E1));
#6581=CARTESIAN_POINT('',(-1.737879898315E1,1.18E1,-1.995107357223E1));
#6582=CARTESIAN_POINT('',(-1.770619584842E1,1.18E1,-1.998939875222E1));
#6583=CARTESIAN_POINT('',(-1.792792008495E1,1.18E1,-2.E1));
#6584=CARTESIAN_POINT('',(-1.803968501984E1,1.18E1,-2.E1));
#6586=DIRECTION('',(0.E0,-1.E0,0.E0));
#6587=VECTOR('',#6586,1.119999999993E1);
#6588=CARTESIAN_POINT('',(-2.17E1,5.599999999971E0,-5.E-1));
#6589=LINE('',#6588,#6587);
#6590=DIRECTION('',(0.E0,-1.E0,0.E0));
#6591=VECTOR('',#6590,2.549999999999E0);
#6592=CARTESIAN_POINT('',(-2.17E1,-3.050000000001E0,-1.925E1));
#6593=LINE('',#6592,#6591);
#6594=DIRECTION('',(0.E0,0.E0,1.E0));
#6595=VECTOR('',#6594,2.5E-1);
#6596=CARTESIAN_POINT('',(-2.17E1,-3.050000000001E0,-1.95E1));
#6597=LINE('',#6596,#6595);
#6598=DIRECTION('',(0.E0,1.E0,0.E0));
#6599=VECTOR('',#6598,8.650000000001E0);
#6600=CARTESIAN_POINT('',(-2.17E1,-3.050000000001E0,-1.95E1));
#6601=LINE('',#6600,#6599);
#6602=DIRECTION('',(0.E0,0.E0,1.E0));
#6603=VECTOR('',#6602,5.383725902028E-1);
#6604=CARTESIAN_POINT('',(-2.17E1,6.669322089535E0,-1.978837259020E1));
#6605=LINE('',#6604,#6603);
#6606=DIRECTION('',(0.E0,1.534203875053E-12,-1.E0));
#6607=VECTOR('',#6606,1.875E1);
#6608=CARTESIAN_POINT('',(-2.17E1,5.599999999971E0,-5.E-1));
#6609=LINE('',#6608,#6607);
#6610=CARTESIAN_POINT('',(-1.55E1,-5.6E0,-5.E-1));
#6611=DIRECTION('',(0.E0,0.E0,1.E0));
#6612=DIRECTION('',(-1.E0,0.E0,0.E0));
#6613=AXIS2_PLACEMENT_3D('',#6610,#6611,#6612);
#6615=CARTESIAN_POINT('',(-1.55E1,-5.6E0,-1.95E1));
#6616=DIRECTION('',(0.E0,0.E0,-1.E0));
#6617=DIRECTION('',(0.E0,-1.E0,0.E0));
#6618=AXIS2_PLACEMENT_3D('',#6615,#6616,#6617);
#6620=DIRECTION('',(0.E0,0.E0,1.E0));
#6621=VECTOR('',#6620,2.5E-1);
#6622=CARTESIAN_POINT('',(-1.923329613077E1,-1.055E1,-1.95E1));
#6623=LINE('',#6622,#6621);
#6624=CARTESIAN_POINT('',(-1.55E1,-5.6E0,-1.925E1));
#6625=DIRECTION('',(0.E0,0.E0,1.E0));
#6626=DIRECTION('',(-1.E0,0.E0,0.E0));
#6627=AXIS2_PLACEMENT_3D('',#6624,#6625,#6626);
#6629=DIRECTION('',(0.E0,-1.936892128166E-12,-1.E0));
#6630=VECTOR('',#6629,1.875E1);
#6631=CARTESIAN_POINT('',(-2.17E1,-5.599999999964E0,-5.E-1));
#6632=LINE('',#6631,#6630);
#6633=DIRECTION('',(1.E0,0.E0,0.E0));
#6634=VECTOR('',#6633,3.099999999993E1);
#6635=CARTESIAN_POINT('',(-1.549999999997E1,-1.18E1,-5.E-1));
#6636=LINE('',#6635,#6634);
#6637=DIRECTION('',(-1.E0,0.E0,0.E0));
#6638=VECTOR('',#6637,3.099999999999E1);
#6639=CARTESIAN_POINT('',(1.549999999999E1,-1.18E1,-1.95E1));
#6640=LINE('',#6639,#6638);
#6641=DIRECTION('',(-1.257006195039E-12,0.E0,-1.E0));
#6642=VECTOR('',#6641,1.9E1);
#6643=CARTESIAN_POINT('',(-1.549999999997E1,-1.18E1,-5.E-1));
#6644=LINE('',#6643,#6642);
#6645=CARTESIAN_POINT('',(1.55E1,-5.6E0,-5.E-1));
#6646=DIRECTION('',(0.E0,0.E0,1.E0));
#6647=DIRECTION('',(0.E0,-1.E0,0.E0));
#6648=AXIS2_PLACEMENT_3D('',#6645,#6646,#6647);
#6650=CARTESIAN_POINT('',(1.55E1,-5.6E0,-1.925E1));
#6651=DIRECTION('',(0.E0,0.E0,1.E0));
#6652=DIRECTION('',(6.021445372204E-1,-7.983870967743E-1,0.E0));
#6653=AXIS2_PLACEMENT_3D('',#6650,#6651,#6652);
#6655=DIRECTION('',(0.E0,0.E0,1.E0));
#6656=VECTOR('',#6655,2.5E-1);
#6657=CARTESIAN_POINT('',(1.923329613077E1,-1.055E1,-1.95E1));
#6658=LINE('',#6657,#6656);
#6659=CARTESIAN_POINT('',(1.55E1,-5.6E0,-1.95E1));
#6660=DIRECTION('',(0.E0,0.E0,-1.E0));
#6661=DIRECTION('',(6.021445372204E-1,-7.983870967743E-1,0.E0));
#6662=AXIS2_PLACEMENT_3D('',#6659,#6660,#6661);
#6664=DIRECTION('',(1.627049372425E-12,0.E0,-1.E0));
#6665=VECTOR('',#6664,1.9E1);
#6666=CARTESIAN_POINT('',(1.549999999996E1,-1.18E1,-5.E-1));
#6667=LINE('',#6666,#6665);
#6668=DIRECTION('',(0.E0,0.E0,1.E0));
#6669=VECTOR('',#6668,7.5E-1);
#6670=CARTESIAN_POINT('',(2.52E1,-1.055E1,-2.E1));
#6671=LINE('',#6670,#6669);
#6672=DIRECTION('',(0.E0,0.E0,1.E0));
#6673=VECTOR('',#6672,7.5E-1);
#6674=CARTESIAN_POINT('',(2.74E1,-9.692174742782E0,-2.E1));
#6675=LINE('',#6674,#6673);
#6676=DIRECTION('',(0.E0,0.E0,1.E0));
#6677=VECTOR('',#6676,7.5E-1);
#6678=CARTESIAN_POINT('',(2.74E1,-4.907825257220E0,-2.E1));
#6679=LINE('',#6678,#6677);
#6680=DIRECTION('',(0.E0,0.E0,1.E0));
#6681=VECTOR('',#6680,7.5E-1);
#6682=CARTESIAN_POINT('',(2.52E1,-4.050000000001E0,-2.E1));
#6683=LINE('',#6682,#6681);
#6684=DIRECTION('',(0.E0,0.E0,1.E0));
#6685=VECTOR('',#6684,7.5E-1);
#6686=CARTESIAN_POINT('',(2.27E1,-4.050000000001E0,-2.E1));
#6687=LINE('',#6686,#6685);
#6688=CARTESIAN_POINT('',(2.22E1,-3.916025403785E0,-2.E1));
#6689=CARTESIAN_POINT('',(2.215328232593E1,-3.889052942084E0,-2.E1));
#6690=CARTESIAN_POINT('',(2.206714229239E1,-3.829132060105E0,
-1.998702528196E1));
#6691=CARTESIAN_POINT('',(2.196251354569E1,-3.730050917432E0,
-1.994422910145E1));
#6692=CARTESIAN_POINT('',(2.187867520685E1,-3.625422392882E0,
-1.988717574958E1));
#6693=CARTESIAN_POINT('',(2.181205976586E1,-3.515689208313E0,
-1.981988581004E1));
#6694=CARTESIAN_POINT('',(2.176131624701E1,-3.402000868913E0,
-1.974527522022E1));
#6695=CARTESIAN_POINT('',(2.172569634011E1,-3.285702482798E0,
-1.966578575414E1));
#6696=CARTESIAN_POINT('',(2.170464687618E1,-3.168166819234E0,
-1.958355699023E1));
#6697=CARTESIAN_POINT('',(2.17E1,-3.089377876070E0,-1.952784436320E1));
#6698=CARTESIAN_POINT('',(2.17E1,-3.050000000001E0,-1.95E1));
#6700=CARTESIAN_POINT('',(2.22E1,5.6E0,-1.95E1));
#6701=DIRECTION('',(0.E0,-1.E0,0.E0));
#6702=DIRECTION('',(-1.E0,0.E0,0.E0));
#6703=AXIS2_PLACEMENT_3D('',#6700,#6701,#6702);
#6705=CARTESIAN_POINT('',(1.923329613077E1,-1.055E1,-1.95E1));
#6706=CARTESIAN_POINT('',(1.923329613077E1,-1.055E1,-1.953911741567E1));
#6707=CARTESIAN_POINT('',(1.924815202414E1,-1.055E1,-1.961462826253E1));
#6708=CARTESIAN_POINT('',(1.931147983883E1,-1.055E1,-1.972205071597E1));
#6709=CARTESIAN_POINT('',(1.940996361548E1,-1.055E1,-1.981674113193E1));
#6710=CARTESIAN_POINT('',(1.953822480331E1,-1.055E1,-1.989602987308E1));
#6711=CARTESIAN_POINT('',(1.968829662379E1,-1.055E1,-1.995554956481E1));
#6712=CARTESIAN_POINT('',(1.985217371130E1,-1.055E1,-1.999210193655E1));
#6713=CARTESIAN_POINT('',(1.996048559251E1,-1.055E1,-2.E1));
#6714=CARTESIAN_POINT('',(2.001525193096E1,-1.055E1,-2.E1));
#6716=CARTESIAN_POINT('',(1.55E1,-1.23E1,-1.95E1));
#6717=DIRECTION('',(-1.E0,0.E0,0.E0));
#6718=DIRECTION('',(0.E0,1.E0,0.E0));
#6719=AXIS2_PLACEMENT_3D('',#6716,#6717,#6718);
#6721=CARTESIAN_POINT('',(-2.001525193096E1,-1.055E1,-2.E1));
#6722=CARTESIAN_POINT('',(-1.996042620775E1,-1.055E1,-2.E1));
#6723=CARTESIAN_POINT('',(-1.985200469284E1,-1.055E1,-1.999209432485E1));
#6724=CARTESIAN_POINT('',(-1.968769065337E1,-1.055E1,-1.995538640046E1));
#6725=CARTESIAN_POINT('',(-1.953780899223E1,-1.055E1,-1.989576682636E1));
#6726=CARTESIAN_POINT('',(-1.941105283384E1,-1.055E1,-1.981736825008E1));
#6727=CARTESIAN_POINT('',(-1.931374818356E1,-1.055E1,-1.972456459196E1));
#6728=CARTESIAN_POINT('',(-1.924936276903E1,-1.055E1,-1.961803508280E1));
#6729=CARTESIAN_POINT('',(-1.923329613077E1,-1.055E1,-1.954058063666E1));
#6730=CARTESIAN_POINT('',(-1.923329613077E1,-1.055E1,-1.95E1));
#6732=CARTESIAN_POINT('',(-1.55E1,-1.23E1,-1.95E1));
#6733=DIRECTION('',(-1.E0,0.E0,0.E0));
#6734=DIRECTION('',(0.E0,1.E0,0.E0));
#6735=AXIS2_PLACEMENT_3D('',#6732,#6733,#6734);
#6737=DIRECTION('',(0.E0,0.E0,1.E0));
#6738=VECTOR('',#6737,7.5E-1);
#6739=CARTESIAN_POINT('',(-2.52E1,-1.055E1,-2.E1));
#6740=LINE('',#6739,#6738);
#6741=DIRECTION('',(0.E0,0.E0,1.E0));
#6742=VECTOR('',#6741,7.5E-1);
#6743=CARTESIAN_POINT('',(-2.74E1,-9.692174742782E0,-2.E1));
#6744=LINE('',#6743,#6742);
#6745=DIRECTION('',(0.E0,0.E0,1.E0));
#6746=VECTOR('',#6745,7.5E-1);
#6747=CARTESIAN_POINT('',(-2.74E1,-4.907825257220E0,-2.E1));
#6748=LINE('',#6747,#6746);
#6749=DIRECTION('',(0.E0,0.E0,1.E0));
#6750=VECTOR('',#6749,7.5E-1);
#6751=CARTESIAN_POINT('',(-2.52E1,-4.050000000001E0,-2.E1));
#6752=LINE('',#6751,#6750);
#6753=DIRECTION('',(0.E0,0.E0,1.E0));
#6754=VECTOR('',#6753,7.5E-1);
#6755=CARTESIAN_POINT('',(-2.27E1,-4.050000000001E0,-2.E1));
#6756=LINE('',#6755,#6754);
#6757=CARTESIAN_POINT('',(-2.17E1,-3.050000000001E0,-1.95E1));
#6758=CARTESIAN_POINT('',(-2.17E1,-3.089313373195E0,-1.952779875278E1));
#6759=CARTESIAN_POINT('',(-2.170461979313E1,-3.168228124585E0,
-1.958360219142E1));
#6760=CARTESIAN_POINT('',(-2.172596996231E1,-3.287087224449E0,
-1.966675279434E1));
#6761=CARTESIAN_POINT('',(-2.176225403606E1,-3.404650377609E0,
-1.974706656581E1));
#6762=CARTESIAN_POINT('',(-2.181383537078E1,-3.519087862024E0,
-1.982205464499E1));
#6763=CARTESIAN_POINT('',(-2.188057974758E1,-3.628029056638E0,
-1.988866986865E1));
#6764=CARTESIAN_POINT('',(-2.196360814613E1,-3.731117750066E0,
-1.994470885217E1));
#6765=CARTESIAN_POINT('',(-2.206727993433E1,-3.829186688805E0,
-1.998700279228E1));
#6766=CARTESIAN_POINT('',(-2.215323565625E1,-3.889025997330E0,-2.E1));
#6767=CARTESIAN_POINT('',(-2.22E1,-3.916025403785E0,-2.E1));
#6769=DIRECTION('',(0.E0,0.E0,1.E0));
#6770=VECTOR('',#6769,7.5E-1);
#6771=CARTESIAN_POINT('',(-2.293529411765E1,7.641246303762E0,-2.E1));
#6772=LINE('',#6771,#6770);
#6773=DIRECTION('',(0.E0,0.E0,1.E0));
#6774=VECTOR('',#6773,7.5E-1);
#6775=CARTESIAN_POINT('',(-2.604520787991E1,1.305E1,-2.E1));
#6776=LINE('',#6775,#6774);
#6777=DIRECTION('',(0.E0,0.E0,1.E0));
#6778=VECTOR('',#6777,7.5E-1);
#6779=CARTESIAN_POINT('',(-2.135479212009E1,1.305E1,-2.E1));
#6780=LINE('',#6779,#6778);
#6781=DIRECTION('',(0.E0,0.E0,1.E0));
#6782=VECTOR('',#6781,7.5E-1);
#6783=CARTESIAN_POINT('',(-2.083235294118E1,1.232941176471E1,-2.E1));
#6784=LINE('',#6783,#6782);
#6785=DIRECTION('',(0.E0,0.E0,1.E0));
#6786=VECTOR('',#6785,7.5E-1);
#6787=CARTESIAN_POINT('',(-1.995E1,1.18E1,-2.E1));
#6788=LINE('',#6787,#6786);
#6789=DIRECTION('',(0.E0,0.E0,1.E0));
#6790=VECTOR('',#6789,7.5E-1);
#6791=CARTESIAN_POINT('',(2.604520787991E1,1.305E1,-2.E1));
#6792=LINE('',#6791,#6790);
#6793=DIRECTION('',(0.E0,0.E0,1.E0));
#6794=VECTOR('',#6793,7.5E-1);
#6795=CARTESIAN_POINT('',(2.135479212009E1,1.305E1,-2.E1));
#6796=LINE('',#6795,#6794);
#6797=DIRECTION('',(0.E0,0.E0,1.E0));
#6798=VECTOR('',#6797,7.5E-1);
#6799=CARTESIAN_POINT('',(2.083235294118E1,1.232941176471E1,-2.E1));
#6800=LINE('',#6799,#6798);
#6801=CARTESIAN_POINT('',(-2.54E1,1.105E1,-1.9E1));
#6802=DIRECTION('',(0.E0,0.E0,-1.E0));
#6803=DIRECTION('',(-1.E0,0.E0,0.E0));
#6804=AXIS2_PLACEMENT_3D('',#6801,#6802,#6803);
#6806=DIRECTION('',(0.E0,-3.553545013801E-9,1.E0));
#6807=VECTOR('',#6806,1.E0);
#6808=CARTESIAN_POINT('',(-2.77E1,1.105E1,-2.E1));
#6809=LINE('',#6808,#6807);
#6810=CARTESIAN_POINT('',(-2.82E1,1.105E1,-1.9E1));
#6811=DIRECTION('',(0.E0,1.E0,0.E0));
#6812=DIRECTION('',(-1.421085471520E-14,0.E0,1.E0));
#6813=AXIS2_PLACEMENT_3D('',#6810,#6811,#6812);
#6815=CARTESIAN_POINT('',(-2.54E1,1.105E1,-1.85E1));
#6816=DIRECTION('',(0.E0,0.E0,-1.E0));
#6817=DIRECTION('',(-1.E0,0.E0,0.E0));
#6818=AXIS2_PLACEMENT_3D('',#6815,#6816,#6817);
#6820=DIRECTION('',(9.190918514151E-12,1.E0,0.E0));
#6821=VECTOR('',#6820,2.209999999949E1);
#6822=CARTESIAN_POINT('',(-2.819999999984E1,-1.104999999979E1,-1.85E1));
#6823=LINE('',#6822,#6821);
#6824=CARTESIAN_POINT('',(-2.54E1,-1.105E1,-1.85E1));
#6825=DIRECTION('',(0.E0,0.E0,-1.E0));
#6826=DIRECTION('',(0.E0,-1.E0,0.E0));
#6827=AXIS2_PLACEMENT_3D('',#6824,#6825,#6826);
#6829=DIRECTION('',(-1.E0,3.998411400789E-12,0.E0));
#6830=VECTOR('',#6829,5.079999999949E1);
#6831=CARTESIAN_POINT('',(2.539999999979E1,-1.384999999984E1,-1.85E1));
#6832=LINE('',#6831,#6830);
#6833=CARTESIAN_POINT('',(2.54E1,-1.105E1,-1.85E1));
#6834=DIRECTION('',(0.E0,0.E0,-1.E0));
#6835=DIRECTION('',(1.E0,0.E0,0.E0));
#6836=AXIS2_PLACEMENT_3D('',#6833,#6834,#6835);
#6838=DIRECTION('',(-9.190757757876E-12,-1.E0,0.E0));
#6839=VECTOR('',#6838,2.209999999949E1);
#6840=CARTESIAN_POINT('',(2.819999999984E1,1.104999999979E1,-1.85E1));
#6841=LINE('',#6840,#6839);
#6842=CARTESIAN_POINT('',(2.54E1,1.105E1,-1.85E1));
#6843=DIRECTION('',(0.E0,0.E0,-1.E0));
#6844=DIRECTION('',(0.E0,1.E0,0.E0));
#6845=AXIS2_PLACEMENT_3D('',#6842,#6843,#6844);
#6847=DIRECTION('',(1.E0,-3.998341465481E-12,0.E0));
#6848=VECTOR('',#6847,5.079999999949E1);
#6849=CARTESIAN_POINT('',(-2.539999999979E1,1.384999999984E1,-1.85E1));
#6850=LINE('',#6849,#6848);
#6851=CARTESIAN_POINT('',(-2.54E1,-1.105E1,-1.85E1));
#6852=DIRECTION('',(0.E0,0.E0,1.E0));
#6853=DIRECTION('',(-1.E0,0.E0,0.E0));
#6854=AXIS2_PLACEMENT_3D('',#6851,#6852,#6853);
#6856=DIRECTION('',(0.E0,-1.E0,0.E0));
#6857=VECTOR('',#6856,2.21E1);
#6858=CARTESIAN_POINT('',(-2.98E1,1.105E1,-1.85E1));
#6859=LINE('',#6858,#6857);
#6860=CARTESIAN_POINT('',(-2.54E1,1.105E1,-1.85E1));
#6861=DIRECTION('',(0.E0,0.E0,1.E0));
#6862=DIRECTION('',(0.E0,1.E0,0.E0));
#6863=AXIS2_PLACEMENT_3D('',#6860,#6861,#6862);
#6865=DIRECTION('',(-1.E0,0.E0,0.E0));
#6866=VECTOR('',#6865,5.08E1);
#6867=CARTESIAN_POINT('',(2.54E1,1.545E1,-1.85E1));
#6868=LINE('',#6867,#6866);
#6869=CARTESIAN_POINT('',(2.54E1,1.105E1,-1.85E1));
#6870=DIRECTION('',(0.E0,0.E0,1.E0));
#6871=DIRECTION('',(1.E0,0.E0,0.E0));
#6872=AXIS2_PLACEMENT_3D('',#6869,#6870,#6871);
#6874=DIRECTION('',(0.E0,1.E0,0.E0));
#6875=VECTOR('',#6874,2.21E1);
#6876=CARTESIAN_POINT('',(2.98E1,-1.105E1,-1.85E1));
#6877=LINE('',#6876,#6875);
#6878=CARTESIAN_POINT('',(2.54E1,-1.105E1,-1.85E1));
#6879=DIRECTION('',(0.E0,0.E0,1.E0));
#6880=DIRECTION('',(0.E0,-1.E0,0.E0));
#6881=AXIS2_PLACEMENT_3D('',#6878,#6879,#6880);
#6883=DIRECTION('',(1.E0,0.E0,0.E0));
#6884=VECTOR('',#6883,5.08E1);
#6885=CARTESIAN_POINT('',(-2.54E1,-1.545E1,-1.85E1));
#6886=LINE('',#6885,#6884);
#6887=CARTESIAN_POINT('',(-2.82E1,-1.105E1,-1.9E1));
#6888=DIRECTION('',(0.E0,1.E0,0.E0));
#6889=DIRECTION('',(0.E0,0.E0,1.E0));
#6890=AXIS2_PLACEMENT_3D('',#6887,#6888,#6889);
#6892=DIRECTION('',(0.E0,1.E0,0.E0));
#6893=VECTOR('',#6892,2.209999999502E1);
#6894=CARTESIAN_POINT('',(-2.77E1,-1.104999999858E1,-1.9E1));
#6895=LINE('',#6894,#6893);
#6896=DIRECTION('',(0.E0,1.423263285005E-9,1.E0));
#6897=VECTOR('',#6896,1.E0);
#6898=CARTESIAN_POINT('',(-2.77E1,-1.105E1,-2.E1));
#6899=LINE('',#6898,#6897);
#6900=CARTESIAN_POINT('',(-2.54E1,-1.105E1,-1.9E1));
#6901=DIRECTION('',(0.E0,0.E0,-1.E0));
#6902=DIRECTION('',(0.E0,-1.E0,0.E0));
#6903=AXIS2_PLACEMENT_3D('',#6900,#6901,#6902);
#6905=DIRECTION('',(3.553534355660E-9,0.E0,1.E0));
#6906=VECTOR('',#6905,1.E0);
#6907=CARTESIAN_POINT('',(-2.54E1,-1.335E1,-2.E1));
#6908=LINE('',#6907,#6906);
#6909=CARTESIAN_POINT('',(-2.54E1,-1.385E1,-1.9E1));
#6910=DIRECTION('',(-1.E0,0.E0,0.E0));
#6911=DIRECTION('',(0.E0,0.E0,1.E0));
#6912=AXIS2_PLACEMENT_3D('',#6909,#6910,#6911);
#6914=CARTESIAN_POINT('',(2.54E1,-1.385E1,-1.9E1));
#6915=DIRECTION('',(-1.E0,0.E0,0.E0));
#6916=DIRECTION('',(0.E0,0.E0,1.E0));
#6917=AXIS2_PLACEMENT_3D('',#6914,#6915,#6916);
#6919=DIRECTION('',(-1.E0,0.E0,0.E0));
#6920=VECTOR('',#6919,5.079999999502E1);
#6921=CARTESIAN_POINT('',(2.539999999858E1,-1.335E1,-1.9E1));
#6922=LINE('',#6921,#6920);
#6923=DIRECTION('',(-1.423249074151E-9,0.E0,1.E0));
#6924=VECTOR('',#6923,1.E0);
#6925=CARTESIAN_POINT('',(2.54E1,-1.335E1,-2.E1));
#6926=LINE('',#6925,#6924);
#6927=CARTESIAN_POINT('',(2.54E1,-1.105E1,-1.9E1));
#6928=DIRECTION('',(0.E0,0.E0,-1.E0));
#6929=DIRECTION('',(1.E0,0.E0,0.E0));
#6930=AXIS2_PLACEMENT_3D('',#6927,#6928,#6929);
#6932=DIRECTION('',(0.E0,3.553539684731E-9,1.E0));
#6933=VECTOR('',#6932,1.E0);
#6934=CARTESIAN_POINT('',(2.77E1,-1.105E1,-2.E1));
#6935=LINE('',#6934,#6933);
#6936=CARTESIAN_POINT('',(2.82E1,-1.105E1,-1.9E1));
#6937=DIRECTION('',(0.E0,-1.E0,0.E0));
#6938=DIRECTION('',(1.421085471520E-14,0.E0,1.E0));
#6939=AXIS2_PLACEMENT_3D('',#6936,#6937,#6938);
#6941=CARTESIAN_POINT('',(2.82E1,1.105E1,-1.9E1));
#6942=DIRECTION('',(0.E0,-1.E0,0.E0));
#6943=DIRECTION('',(0.E0,0.E0,1.E0));
#6944=AXIS2_PLACEMENT_3D('',#6941,#6942,#6943);
#6946=DIRECTION('',(0.E0,-1.E0,0.E0));
#6947=VECTOR('',#6946,2.209999999502E1);
#6948=CARTESIAN_POINT('',(2.77E1,1.104999999858E1,-1.9E1));
#6949=LINE('',#6948,#6947);
#6950=DIRECTION('',(0.E0,-1.423261508648E-9,1.E0));
#6951=VECTOR('',#6950,1.E0);
#6952=CARTESIAN_POINT('',(2.77E1,1.105E1,-2.E1));
#6953=LINE('',#6952,#6951);
#6954=CARTESIAN_POINT('',(2.54E1,1.105E1,-1.9E1));
#6955=DIRECTION('',(0.E0,0.E0,-1.E0));
#6956=DIRECTION('',(0.E0,1.E0,0.E0));
#6957=AXIS2_PLACEMENT_3D('',#6954,#6955,#6956);
#6959=DIRECTION('',(-3.553530802947E-9,0.E0,1.E0));
#6960=VECTOR('',#6959,1.E0);
#6961=CARTESIAN_POINT('',(2.54E1,1.335E1,-2.E1));
#6962=LINE('',#6961,#6960);
#6963=CARTESIAN_POINT('',(2.54E1,1.385E1,-1.9E1));
#6964=DIRECTION('',(1.E0,0.E0,0.E0));
#6965=DIRECTION('',(0.E0,0.E0,1.E0));
#6966=AXIS2_PLACEMENT_3D('',#6963,#6964,#6965);
#6968=CARTESIAN_POINT('',(-2.54E1,1.385E1,-1.9E1));
#6969=DIRECTION('',(1.E0,0.E0,0.E0));
#6970=DIRECTION('',(0.E0,0.E0,1.E0));
#6971=AXIS2_PLACEMENT_3D('',#6968,#6969,#6970);
#6973=DIRECTION('',(1.E0,0.E0,0.E0));
#6974=VECTOR('',#6973,5.079999999502E1);
#6975=CARTESIAN_POINT('',(-2.539999999858E1,1.335E1,-1.9E1));
#6976=LINE('',#6975,#6974);
#6977=DIRECTION('',(1.423241968723E-9,0.E0,1.E0));
#6978=VECTOR('',#6977,1.E0);
#6979=CARTESIAN_POINT('',(-2.54E1,1.335E1,-2.E1));
#6980=LINE('',#6979,#6978);
#6981=CARTESIAN_POINT('',(-2.98E1,-1.105E1,-1.9E1));
#6982=DIRECTION('',(0.E0,-1.E0,0.E0));
#6983=DIRECTION('',(0.E0,0.E0,1.E0));
#6984=AXIS2_PLACEMENT_3D('',#6981,#6982,#6983);
#6986=CARTESIAN_POINT('',(-2.54E1,-1.545E1,-1.9E1));
#6987=DIRECTION('',(1.E0,0.E0,0.E0));
#6988=DIRECTION('',(0.E0,0.E0,1.E0));
#6989=AXIS2_PLACEMENT_3D('',#6986,#6987,#6988);
#6991=CARTESIAN_POINT('',(2.54E1,-1.545E1,-1.9E1));
#6992=DIRECTION('',(1.E0,0.E0,0.E0));
#6993=DIRECTION('',(0.E0,0.E0,1.E0));
#6994=AXIS2_PLACEMENT_3D('',#6991,#6992,#6993);
#6996=CARTESIAN_POINT('',(2.98E1,-1.105E1,-1.9E1));
#6997=DIRECTION('',(0.E0,1.E0,0.E0));
#6998=DIRECTION('',(0.E0,0.E0,1.E0));
#6999=AXIS2_PLACEMENT_3D('',#6996,#6997,#6998);
#7001=CARTESIAN_POINT('',(2.98E1,1.105E1,-1.9E1));
#7002=DIRECTION('',(0.E0,1.E0,0.E0));
#7003=DIRECTION('',(0.E0,0.E0,1.E0));
#7004=AXIS2_PLACEMENT_3D('',#7001,#7002,#7003);
#7006=CARTESIAN_POINT('',(2.54E1,1.545E1,-1.9E1));
#7007=DIRECTION('',(-1.E0,0.E0,0.E0));
#7008=DIRECTION('',(0.E0,0.E0,1.E0));
#7009=AXIS2_PLACEMENT_3D('',#7006,#7007,#7008);
#7011=CARTESIAN_POINT('',(-2.54E1,1.545E1,-1.9E1));
#7012=DIRECTION('',(-1.E0,0.E0,0.E0));
#7013=DIRECTION('',(0.E0,0.E0,1.E0));
#7014=AXIS2_PLACEMENT_3D('',#7011,#7012,#7013);
#7016=CARTESIAN_POINT('',(-2.98E1,1.105E1,-1.9E1));
#7017=DIRECTION('',(0.E0,-1.E0,0.E0));
#7018=DIRECTION('',(0.E0,0.E0,1.E0));
#7019=AXIS2_PLACEMENT_3D('',#7016,#7017,#7018);
#7021=DIRECTION('',(0.E0,-1.E0,0.E0));
#7022=VECTOR('',#7021,2.209999999978E1);
#7023=CARTESIAN_POINT('',(-3.03E1,1.104999999990E1,-1.9E1));
#7024=LINE('',#7023,#7022);
#7025=DIRECTION('',(0.E0,-9.707790127322E-11,1.E0));
#7026=VECTOR('',#7025,1.E0);
#7027=CARTESIAN_POINT('',(-3.03E1,1.105E1,-2.E1));
#7028=LINE('',#7027,#7026);
#7029=CARTESIAN_POINT('',(-2.54E1,-1.105E1,-1.9E1));
#7030=DIRECTION('',(0.E0,0.E0,1.E0));
#7031=DIRECTION('',(-1.E0,0.E0,0.E0));
#7032=AXIS2_PLACEMENT_3D('',#7029,#7030,#7031);
#7034=DIRECTION('',(0.E0,1.242437264182E-10,1.E0));
#7035=VECTOR('',#7034,1.E0);
#7036=CARTESIAN_POINT('',(-3.03E1,-1.105E1,-2.E1));
#7037=LINE('',#7036,#7035);
#7038=DIRECTION('',(1.E0,0.E0,0.E0));
#7039=VECTOR('',#7038,5.079999999978E1);
#7040=CARTESIAN_POINT('',(-2.539999999990E1,-1.595E1,-1.9E1));
#7041=LINE('',#7040,#7039);
#7042=DIRECTION('',(9.707790127322E-11,0.E0,1.E0));
#7043=VECTOR('',#7042,1.E0);
#7044=CARTESIAN_POINT('',(-2.54E1,-1.595E1,-2.E1));
#7045=LINE('',#7044,#7043);
#7046=CARTESIAN_POINT('',(2.54E1,-1.105E1,-1.9E1));
#7047=DIRECTION('',(0.E0,0.E0,1.E0));
#7048=DIRECTION('',(0.E0,-1.E0,0.E0));
#7049=AXIS2_PLACEMENT_3D('',#7046,#7047,#7048);
#7051=DIRECTION('',(-1.242419500613E-10,0.E0,1.E0));
#7052=VECTOR('',#7051,1.E0);
#7053=CARTESIAN_POINT('',(2.54E1,-1.595E1,-2.E1));
#7054=LINE('',#7053,#7052);
#7055=DIRECTION('',(0.E0,1.E0,0.E0));
#7056=VECTOR('',#7055,2.209999999978E1);
#7057=CARTESIAN_POINT('',(3.03E1,-1.104999999990E1,-1.9E1));
#7058=LINE('',#7057,#7056);
#7059=DIRECTION('',(0.E0,9.707967763006E-11,1.E0));
#7060=VECTOR('',#7059,1.E0);
#7061=CARTESIAN_POINT('',(3.03E1,-1.105E1,-2.E1));
#7062=LINE('',#7061,#7060);
#7063=CARTESIAN_POINT('',(2.54E1,1.105E1,-1.9E1));
#7064=DIRECTION('',(0.E0,0.E0,1.E0));
#7065=DIRECTION('',(1.E0,0.E0,0.E0));
#7066=AXIS2_PLACEMENT_3D('',#7063,#7064,#7065);
#7068=DIRECTION('',(0.E0,-1.242437264182E-10,1.E0));
#7069=VECTOR('',#7068,1.E0);
#7070=CARTESIAN_POINT('',(3.03E1,1.105E1,-2.E1));
#7071=LINE('',#7070,#7069);
#7072=DIRECTION('',(-1.E0,0.E0,0.E0));
#7073=VECTOR('',#7072,5.079999999978E1);
#7074=CARTESIAN_POINT('',(2.539999999990E1,1.595E1,-1.9E1));
#7075=LINE('',#7074,#7073);
#7076=DIRECTION('',(-9.707790127322E-11,0.E0,1.E0));
#7077=VECTOR('',#7076,1.E0);
#7078=CARTESIAN_POINT('',(2.54E1,1.595E1,-2.E1));
#7079=LINE('',#7078,#7077);
#7080=CARTESIAN_POINT('',(-2.54E1,1.105E1,-1.9E1));
#7081=DIRECTION('',(0.E0,0.E0,1.E0));
#7082=DIRECTION('',(0.E0,1.E0,0.E0));
#7083=AXIS2_PLACEMENT_3D('',#7080,#7081,#7082);
#7085=DIRECTION('',(1.242419500613E-10,0.E0,1.E0));
#7086=VECTOR('',#7085,1.E0);
#7087=CARTESIAN_POINT('',(-2.54E1,1.595E1,-2.E1));
#7088=LINE('',#7087,#7086);
#7089=DIRECTION('',(-1.E0,0.E0,0.E0));
#7090=VECTOR('',#7089,1.8E0);
#7091=CARTESIAN_POINT('',(-2.7E0,1.18E1,-5.E-1));
#7092=LINE('',#7091,#7090);
#7093=DIRECTION('',(-4.431493592422E-2,-5.065220354074E-1,8.610874601925E-1));
#7094=VECTOR('',#7093,3.948495544506E0);
#7095=CARTESIAN_POINT('',(-4.325022672948E0,1.38E1,-3.9E0));
#7096=LINE('',#7095,#7094);
#7097=DIRECTION('',(1.E0,0.E0,0.E0));
#7098=VECTOR('',#7097,1.450045345896E0);
#7099=CARTESIAN_POINT('',(-4.325022672948E0,1.38E1,-3.9E0));
#7100=LINE('',#7099,#7098);
#7101=DIRECTION('',(4.431493592422E-2,-5.065220354074E-1,8.610874601925E-1));
#7102=VECTOR('',#7101,3.948495544506E0);
#7103=CARTESIAN_POINT('',(-2.874977327052E0,1.38E1,-3.9E0));
#7104=LINE('',#7103,#7102);
#7105=DIRECTION('',(-1.E0,0.E0,0.E0));
#7106=VECTOR('',#7105,1.8E0);
#7107=CARTESIAN_POINT('',(4.5E0,1.18E1,-5.E-1));
#7108=LINE('',#7107,#7106);
#7109=DIRECTION('',(-4.431493592422E-2,-5.065220354074E-1,8.610874601925E-1));
#7110=VECTOR('',#7109,3.948495544506E0);
#7111=CARTESIAN_POINT('',(2.874977327052E0,1.38E1,-3.9E0));
#7112=LINE('',#7111,#7110);
#7113=DIRECTION('',(1.E0,0.E0,0.E0));
#7114=VECTOR('',#7113,1.450045345896E0);
#7115=CARTESIAN_POINT('',(2.874977327052E0,1.38E1,-3.9E0));
#7116=LINE('',#7115,#7114);
#7117=DIRECTION('',(4.431493592422E-2,-5.065220354074E-1,8.610874601925E-1));
#7118=VECTOR('',#7117,3.948495544506E0);
#7119=CARTESIAN_POINT('',(4.325022672948E0,1.38E1,-3.9E0));
#7120=LINE('',#7119,#7118);
#7121=DIRECTION('',(8.715574274766E-2,9.961946980917E-1,0.E0));
#7122=VECTOR('',#7121,2.007639675087E0);
#7123=CARTESIAN_POINT('',(-4.5E0,1.18E1,-5.4E0));
#7124=LINE('',#7123,#7122);
#7125=DIRECTION('',(8.715574274766E-2,-9.961946980917E-1,0.E0));
#7126=VECTOR('',#7125,2.007639675087E0);
#7127=CARTESIAN_POINT('',(-2.874977327052E0,1.38E1,-5.4E0));
#7128=LINE('',#7127,#7126);
#7129=DIRECTION('',(8.715574274766E-2,9.961946980917E-1,0.E0));
#7130=VECTOR('',#7129,2.007639675087E0);
#7131=CARTESIAN_POINT('',(2.7E0,1.18E1,-5.4E0));
#7132=LINE('',#7131,#7130);
#7133=DIRECTION('',(8.715574274766E-2,-9.961946980917E-1,0.E0));
#7134=VECTOR('',#7133,2.007639675087E0);
#7135=CARTESIAN_POINT('',(4.325022672948E0,1.38E1,-5.4E0));
#7136=LINE('',#7135,#7134);
#7137=DIRECTION('',(1.E0,0.E0,0.E0));
#7138=VECTOR('',#7137,1.450045345896E0);
#7139=CARTESIAN_POINT('',(-4.325022672948E0,1.38E1,-5.4E0));
#7140=LINE('',#7139,#7138);
#7141=DIRECTION('',(0.E0,0.E0,1.E0));
#7142=VECTOR('',#7141,1.5E0);
#7143=CARTESIAN_POINT('',(-2.874977327052E0,1.38E1,-5.4E0));
#7144=LINE('',#7143,#7142);
#7145=DIRECTION('',(0.E0,0.E0,1.E0));
#7146=VECTOR('',#7145,1.5E0);
#7147=CARTESIAN_POINT('',(-4.325022672948E0,1.38E1,-5.4E0));
#7148=LINE('',#7147,#7146);
#7149=DIRECTION('',(1.E0,0.E0,0.E0));
#7150=VECTOR('',#7149,1.450045345896E0);
#7151=CARTESIAN_POINT('',(2.874977327052E0,1.38E1,-5.4E0));
#7152=LINE('',#7151,#7150);
#7153=DIRECTION('',(0.E0,0.E0,1.E0));
#7154=VECTOR('',#7153,1.5E0);
#7155=CARTESIAN_POINT('',(4.325022672948E0,1.38E1,-5.4E0));
#7156=LINE('',#7155,#7154);
#7157=DIRECTION('',(0.E0,0.E0,1.E0));
#7158=VECTOR('',#7157,1.5E0);
#7159=CARTESIAN_POINT('',(2.874977327052E0,1.38E1,-5.4E0));
#7160=LINE('',#7159,#7158);
#7161=CARTESIAN_POINT('',(-2.54E1,1.605E1,-2.E1));
#7162=CARTESIAN_POINT('',(-3.04E1,1.105E1,-2.E1));
#7163=VERTEX_POINT('',#7161);
#7164=VERTEX_POINT('',#7162);
#7165=CARTESIAN_POINT('',(-3.04E1,-1.105E1,-2.E1));
#7166=VERTEX_POINT('',#7165);
#7167=CARTESIAN_POINT('',(-2.54E1,-1.605E1,-2.E1));
#7168=VERTEX_POINT('',#7167);
#7169=CARTESIAN_POINT('',(2.54E1,-1.605E1,-2.E1));
#7170=VERTEX_POINT('',#7169);
#7171=CARTESIAN_POINT('',(3.04E1,-1.105E1,-2.E1));
#7172=VERTEX_POINT('',#7171);
#7173=CARTESIAN_POINT('',(3.04E1,1.105E1,-2.E1));
#7174=VERTEX_POINT('',#7173);
#7175=CARTESIAN_POINT('',(2.54E1,1.605E1,-2.E1));
#7176=VERTEX_POINT('',#7175);
#7177=CARTESIAN_POINT('',(-1.55E1,1.03E1,-2.E1));
#7178=CARTESIAN_POINT('',(-2.02E1,5.6E0,-2.E1));
#7179=VERTEX_POINT('',#7177);
#7180=VERTEX_POINT('',#7178);
#7181=CARTESIAN_POINT('',(-2.02E1,-5.6E0,-2.E1));
#7182=CARTESIAN_POINT('',(-1.55E1,-1.03E1,-2.E1));
#7183=VERTEX_POINT('',#7181);
#7184=VERTEX_POINT('',#7182);
#7185=CARTESIAN_POINT('',(1.55E1,-1.03E1,-2.E1));
#7186=CARTESIAN_POINT('',(2.02E1,-5.6E0,-2.E1));
#7187=VERTEX_POINT('',#7185);
#7188=VERTEX_POINT('',#7186);
#7189=CARTESIAN_POINT('',(2.02E1,5.6E0,-2.E1));
#7190=CARTESIAN_POINT('',(1.55E1,1.03E1,-2.E1));
#7191=VERTEX_POINT('',#7189);
#7192=VERTEX_POINT('',#7190);
#7193=CARTESIAN_POINT('',(-1.67E1,7.E0,-2.2E1));
#7194=CARTESIAN_POINT('',(-1.67E1,-7.E0,-2.2E1));
#7195=VERTEX_POINT('',#7193);
#7196=VERTEX_POINT('',#7194);
#7197=CARTESIAN_POINT('',(1.67E1,-7.E0,-2.2E1));
#7198=VERTEX_POINT('',#7197);
#7199=CARTESIAN_POINT('',(1.67E1,7.E0,-2.2E1));
#7200=VERTEX_POINT('',#7199);
#7201=CARTESIAN_POINT('',(2.53E1,1.08E1,-1.925E1));
#7202=CARTESIAN_POINT('',(2.21E1,1.08E1,-1.925E1));
#7203=VERTEX_POINT('',#7201);
#7204=VERTEX_POINT('',#7202);
#7205=CARTESIAN_POINT('',(2.68E1,-7.300000000001E0,-1.925E1));
#7206=CARTESIAN_POINT('',(2.36E1,-7.300000000001E0,-1.925E1));
#7207=VERTEX_POINT('',#7205);
#7208=VERTEX_POINT('',#7206);
#7209=CARTESIAN_POINT('',(-2.21E1,1.08E1,-1.925E1));
#7210=CARTESIAN_POINT('',(-2.53E1,1.08E1,-1.925E1));
#7211=VERTEX_POINT('',#7209);
#7212=VERTEX_POINT('',#7210);
#7213=CARTESIAN_POINT('',(-2.36E1,-7.300000000001E0,-1.925E1));
#7214=CARTESIAN_POINT('',(-2.68E1,-7.300000000001E0,-1.925E1));
#7215=VERTEX_POINT('',#7213);
#7216=VERTEX_POINT('',#7214);
#7217=CARTESIAN_POINT('',(2.293529411765E1,7.641246303762E0,-1.925E1));
#7218=CARTESIAN_POINT('',(2.604520787991E1,1.305E1,-1.925E1));
#7219=VERTEX_POINT('',#7217);
#7220=VERTEX_POINT('',#7218);
#7221=CARTESIAN_POINT('',(2.135479212009E1,1.305E1,-1.925E1));
#7222=VERTEX_POINT('',#7221);
#7223=CARTESIAN_POINT('',(2.083235294118E1,1.232941176471E1,-1.925E1));
#7224=VERTEX_POINT('',#7223);
#7225=CARTESIAN_POINT('',(1.995E1,1.18E1,-1.925E1));
#7226=VERTEX_POINT('',#7225);
#7227=CARTESIAN_POINT('',(2.17E1,6.669322089535E0,-1.925E1));
#7228=VERTEX_POINT('',#7227);
#7229=CARTESIAN_POINT('',(2.52E1,-4.050000000001E0,-1.925E1));
#7230=CARTESIAN_POINT('',(2.27E1,-4.050000000001E0,-1.925E1));
#7231=VERTEX_POINT('',#7229);
#7232=VERTEX_POINT('',#7230);
#7233=CARTESIAN_POINT('',(2.52E1,-1.055E1,-1.925E1));
#7234=CARTESIAN_POINT('',(2.74E1,-9.692174742782E0,-1.925E1));
#7235=VERTEX_POINT('',#7233);
#7236=VERTEX_POINT('',#7234);
#7237=CARTESIAN_POINT('',(2.74E1,-4.907825257220E0,-1.925E1));
#7238=VERTEX_POINT('',#7237);
#7239=CARTESIAN_POINT('',(-1.995E1,1.18E1,-1.925E1));
#7240=CARTESIAN_POINT('',(-2.083235294118E1,1.232941176471E1,-1.925E1));
#7241=VERTEX_POINT('',#7239);
#7242=VERTEX_POINT('',#7240);
#7243=CARTESIAN_POINT('',(-2.135479212009E1,1.305E1,-1.925E1));
#7244=VERTEX_POINT('',#7243);
#7245=CARTESIAN_POINT('',(-2.604520787991E1,1.305E1,-1.925E1));
#7246=VERTEX_POINT('',#7245);
#7247=CARTESIAN_POINT('',(-2.293529411765E1,7.641246303762E0,-1.925E1));
#7248=VERTEX_POINT('',#7247);
#7249=CARTESIAN_POINT('',(-2.17E1,6.669322089535E0,-1.925E1));
#7250=VERTEX_POINT('',#7249);
#7251=CARTESIAN_POINT('',(-2.52E1,-4.050000000001E0,-1.925E1));
#7252=CARTESIAN_POINT('',(-2.74E1,-4.907825257220E0,-1.925E1));
#7253=VERTEX_POINT('',#7251);
#7254=VERTEX_POINT('',#7252);
#7255=CARTESIAN_POINT('',(-2.74E1,-9.692174742782E0,-1.925E1));
#7256=VERTEX_POINT('',#7255);
#7257=CARTESIAN_POINT('',(-2.52E1,-1.055E1,-1.925E1));
#7258=VERTEX_POINT('',#7257);
#7259=CARTESIAN_POINT('',(-2.27E1,-4.050000000001E0,-1.925E1));
#7260=VERTEX_POINT('',#7259);
#7261=CARTESIAN_POINT('',(-1.55E1,1.18E1,-1.925E1));
#7262=CARTESIAN_POINT('',(-2.17E1,5.6E0,-1.925E1));
#7263=VERTEX_POINT('',#7261);
#7264=VERTEX_POINT('',#7262);
#7265=CARTESIAN_POINT('',(-2.17E1,-3.050000000001E0,-1.925E1));
#7266=CARTESIAN_POINT('',(-2.17E1,-5.6E0,-1.925E1));
#7267=VERTEX_POINT('',#7265);
#7268=VERTEX_POINT('',#7266);
#7269=CARTESIAN_POINT('',(-2.17E1,-3.050000000001E0,-1.95E1));
#7270=VERTEX_POINT('',#7269);
#7271=CARTESIAN_POINT('',(-1.923329613077E1,-1.055E1,-1.925E1));
#7272=VERTEX_POINT('',#7271);
#7273=CARTESIAN_POINT('',(-1.923329613077E1,-1.055E1,-1.95E1));
#7274=VERTEX_POINT('',#7273);
#7275=CARTESIAN_POINT('',(1.923329613077E1,-1.055E1,-1.925E1));
#7276=CARTESIAN_POINT('',(2.17E1,-5.6E0,-1.925E1));
#7277=VERTEX_POINT('',#7275);
#7278=VERTEX_POINT('',#7276);
#7279=CARTESIAN_POINT('',(1.923329613077E1,-1.055E1,-1.95E1));
#7280=VERTEX_POINT('',#7279);
#7281=CARTESIAN_POINT('',(2.17E1,-3.050000000001E0,-1.925E1));
#7282=VERTEX_POINT('',#7281);
#7283=CARTESIAN_POINT('',(2.17E1,-3.050000000001E0,-1.95E1));
#7284=VERTEX_POINT('',#7283);
#7285=CARTESIAN_POINT('',(2.17E1,5.6E0,-1.925E1));
#7286=CARTESIAN_POINT('',(1.55E1,1.18E1,-1.925E1));
#7287=VERTEX_POINT('',#7285);
#7288=VERTEX_POINT('',#7286);
#7289=CARTESIAN_POINT('',(2.21E1,1.08E1,-2.E1));
#7290=CARTESIAN_POINT('',(2.53E1,1.08E1,-2.E1));
#7291=VERTEX_POINT('',#7289);
#7292=VERTEX_POINT('',#7290);
#7293=CARTESIAN_POINT('',(2.36E1,-7.300000000001E0,-2.E1));
#7294=CARTESIAN_POINT('',(2.68E1,-7.300000000001E0,-2.E1));
#7295=VERTEX_POINT('',#7293);
#7296=VERTEX_POINT('',#7294);
#7297=CARTESIAN_POINT('',(-2.53E1,1.08E1,-2.E1));
#7298=CARTESIAN_POINT('',(-2.21E1,1.08E1,-2.E1));
#7299=VERTEX_POINT('',#7297);
#7300=VERTEX_POINT('',#7298);
#7301=CARTESIAN_POINT('',(-2.68E1,-7.300000000001E0,-2.E1));
#7302=CARTESIAN_POINT('',(-2.36E1,-7.300000000001E0,-2.E1));
#7303=VERTEX_POINT('',#7301);
#7304=VERTEX_POINT('',#7302);
#7305=CARTESIAN_POINT('',(2.293529411765E1,7.641246303762E0,-2.E1));
#7306=CARTESIAN_POINT('',(2.604520787991E1,1.305E1,-2.E1));
#7307=VERTEX_POINT('',#7305);
#7308=VERTEX_POINT('',#7306);
#7309=CARTESIAN_POINT('',(2.135479212009E1,1.305E1,-2.E1));
#7310=VERTEX_POINT('',#7309);
#7311=CARTESIAN_POINT('',(2.083235294118E1,1.232941176471E1,-2.E1));
#7312=VERTEX_POINT('',#7311);
#7313=CARTESIAN_POINT('',(1.995E1,1.18E1,-2.E1));
#7314=VERTEX_POINT('',#7313);
#7315=CARTESIAN_POINT('',(1.803968501984E1,1.18E1,-2.E1));
#7316=VERTEX_POINT('',#7315);
#7317=CARTESIAN_POINT('',(2.196741808022E1,7.350000964486E0,-2.E1));
#7318=VERTEX_POINT('',#7317);
#7319=CARTESIAN_POINT('',(2.52E1,-4.050000000001E0,-2.E1));
#7320=CARTESIAN_POINT('',(2.27E1,-4.050000000001E0,-2.E1));
#7321=VERTEX_POINT('',#7319);
#7322=VERTEX_POINT('',#7320);
#7323=CARTESIAN_POINT('',(2.22E1,-3.916025403785E0,-2.E1));
#7324=VERTEX_POINT('',#7323);
#7325=CARTESIAN_POINT('',(2.001525193096E1,-1.055E1,-2.E1));
#7326=CARTESIAN_POINT('',(2.52E1,-1.055E1,-2.E1));
#7327=VERTEX_POINT('',#7325);
#7328=VERTEX_POINT('',#7326);
#7329=CARTESIAN_POINT('',(2.74E1,-9.692174742782E0,-2.E1));
#7330=VERTEX_POINT('',#7329);
#7331=CARTESIAN_POINT('',(2.74E1,-4.907825257220E0,-2.E1));
#7332=VERTEX_POINT('',#7331);
#7333=CARTESIAN_POINT('',(-1.803968501984E1,1.18E1,-2.E1));
#7334=CARTESIAN_POINT('',(-1.995E1,1.18E1,-2.E1));
#7335=VERTEX_POINT('',#7333);
#7336=VERTEX_POINT('',#7334);
#7337=CARTESIAN_POINT('',(-2.083235294118E1,1.232941176471E1,-2.E1));
#7338=VERTEX_POINT('',#7337);
#7339=CARTESIAN_POINT('',(-2.135479212009E1,1.305E1,-2.E1));
#7340=VERTEX_POINT('',#7339);
#7341=CARTESIAN_POINT('',(-2.604520787991E1,1.305E1,-2.E1));
#7342=VERTEX_POINT('',#7341);
#7343=CARTESIAN_POINT('',(-2.293529411765E1,7.641246303762E0,-2.E1));
#7344=VERTEX_POINT('',#7343);
#7345=CARTESIAN_POINT('',(-2.196741808022E1,7.350000964486E0,-2.E1));
#7346=VERTEX_POINT('',#7345);
#7347=CARTESIAN_POINT('',(-2.52E1,-4.050000000001E0,-2.E1));
#7348=CARTESIAN_POINT('',(-2.74E1,-4.907825257220E0,-2.E1));
#7349=VERTEX_POINT('',#7347);
#7350=VERTEX_POINT('',#7348);
#7351=CARTESIAN_POINT('',(-2.74E1,-9.692174742782E0,-2.E1));
#7352=VERTEX_POINT('',#7351);
#7353=CARTESIAN_POINT('',(-2.52E1,-1.055E1,-2.E1));
#7354=VERTEX_POINT('',#7353);
#7355=CARTESIAN_POINT('',(-2.001525193096E1,-1.055E1,-2.E1));
#7356=VERTEX_POINT('',#7355);
#7357=CARTESIAN_POINT('',(-2.27E1,-4.050000000001E0,-2.E1));
#7358=CARTESIAN_POINT('',(-2.22E1,-3.916025403785E0,-2.E1));
#7359=VERTEX_POINT('',#7357);
#7360=VERTEX_POINT('',#7358);
#7361=CARTESIAN_POINT('',(2.17E1,6.669322089535E0,-1.978837259020E1));
#7362=VERTEX_POINT('',#7361);
#7363=CARTESIAN_POINT('',(-2.17E1,6.669322089535E0,-1.978837259020E1));
#7364=VERTEX_POINT('',#7363);
#7365=CARTESIAN_POINT('',(-4.325022672948E0,1.38E1,-5.4E0));
#7366=CARTESIAN_POINT('',(-2.874977327052E0,1.38E1,-5.4E0));
#7367=VERTEX_POINT('',#7365);
#7368=VERTEX_POINT('',#7366);
#7369=CARTESIAN_POINT('',(2.874977327052E0,1.38E1,-5.4E0));
#7370=CARTESIAN_POINT('',(4.325022672948E0,1.38E1,-5.4E0));
#7371=VERTEX_POINT('',#7369);
#7372=VERTEX_POINT('',#7370);
#7373=CARTESIAN_POINT('',(-4.5E0,1.18E1,-5.4E0));
#7374=CARTESIAN_POINT('',(-2.7E0,1.18E1,-5.4E0));
#7375=VERTEX_POINT('',#7373);
#7376=VERTEX_POINT('',#7374);
#7377=CARTESIAN_POINT('',(2.7E0,1.18E1,-5.4E0));
#7378=CARTESIAN_POINT('',(4.5E0,1.18E1,-5.4E0));
#7379=VERTEX_POINT('',#7377);
#7380=VERTEX_POINT('',#7378);
#7381=CARTESIAN_POINT('',(-1.275E1,-1.03E1,-2.E1));
#7382=VERTEX_POINT('',#7381);
#7383=CARTESIAN_POINT('',(-1.175E1,-1.03E1,-2.E1));
#7384=CARTESIAN_POINT('',(-9.25E0,-1.03E1,-2.E1));
#7385=VERTEX_POINT('',#7383);
#7386=VERTEX_POINT('',#7384);
#7387=CARTESIAN_POINT('',(-8.25E0,-1.03E1,-2.E1));
#7388=CARTESIAN_POINT('',(-5.75E0,-1.03E1,-2.E1));
#7389=VERTEX_POINT('',#7387);
#7390=VERTEX_POINT('',#7388);
#7391=CARTESIAN_POINT('',(-4.75E0,-1.03E1,-2.E1));
#7392=CARTESIAN_POINT('',(-2.25E0,-1.03E1,-2.E1));
#7393=VERTEX_POINT('',#7391);
#7394=VERTEX_POINT('',#7392);
#7395=CARTESIAN_POINT('',(-1.25E0,-1.03E1,-2.E1));
#7396=CARTESIAN_POINT('',(1.25E0,-1.03E1,-2.E1));
#7397=VERTEX_POINT('',#7395);
#7398=VERTEX_POINT('',#7396);
#7399=CARTESIAN_POINT('',(2.25E0,-1.03E1,-2.E1));
#7400=CARTESIAN_POINT('',(4.575E0,-1.03E1,-2.E1));
#7401=VERTEX_POINT('',#7399);
#7402=VERTEX_POINT('',#7400);
#7403=CARTESIAN_POINT('',(5.925E0,-1.03E1,-2.E1));
#7404=CARTESIAN_POINT('',(8.25E0,-1.03E1,-2.E1));
#7405=VERTEX_POINT('',#7403);
#7406=VERTEX_POINT('',#7404);
#7407=CARTESIAN_POINT('',(9.25E0,-1.03E1,-2.E1));
#7408=CARTESIAN_POINT('',(1.175E1,-1.03E1,-2.E1));
#7409=VERTEX_POINT('',#7407);
#7410=VERTEX_POINT('',#7408);
#7411=CARTESIAN_POINT('',(1.275E1,1.03E1,-2.E1));
#7412=VERTEX_POINT('',#7411);
#7413=CARTESIAN_POINT('',(1.175E1,1.03E1,-2.E1));
#7414=CARTESIAN_POINT('',(9.25E0,1.03E1,-2.E1));
#7415=VERTEX_POINT('',#7413);
#7416=VERTEX_POINT('',#7414);
#7417=CARTESIAN_POINT('',(8.25E0,1.03E1,-2.E1));
#7418=CARTESIAN_POINT('',(5.75E0,1.03E1,-2.E1));
#7419=VERTEX_POINT('',#7417);
#7420=VERTEX_POINT('',#7418);
#7421=CARTESIAN_POINT('',(4.75E0,1.03E1,-2.E1));
#7422=CARTESIAN_POINT('',(2.25E0,1.03E1,-2.E1));
#7423=VERTEX_POINT('',#7421);
#7424=VERTEX_POINT('',#7422);
#7425=CARTESIAN_POINT('',(1.25E0,1.03E1,-2.E1));
#7426=CARTESIAN_POINT('',(-1.075E0,1.03E1,-2.E1));
#7427=VERTEX_POINT('',#7425);
#7428=VERTEX_POINT('',#7426);
#7429=CARTESIAN_POINT('',(-2.425E0,1.03E1,-2.E1));
#7430=CARTESIAN_POINT('',(-4.75E0,1.03E1,-2.E1));
#7431=VERTEX_POINT('',#7429);
#7432=VERTEX_POINT('',#7430);
#7433=CARTESIAN_POINT('',(-5.75E0,1.03E1,-2.E1));
#7434=CARTESIAN_POINT('',(-8.25E0,1.03E1,-2.E1));
#7435=VERTEX_POINT('',#7433);
#7436=VERTEX_POINT('',#7434);
#7437=CARTESIAN_POINT('',(-9.25E0,1.03E1,-2.E1));
#7438=CARTESIAN_POINT('',(-1.175E1,1.03E1,-2.E1));
#7439=VERTEX_POINT('',#7437);
#7440=VERTEX_POINT('',#7438);
#7441=CARTESIAN_POINT('',(-2.77E1,1.105E1,-2.E1));
#7442=CARTESIAN_POINT('',(-2.54E1,1.335E1,-2.E1));
#7443=VERTEX_POINT('',#7441);
#7444=VERTEX_POINT('',#7442);
#7445=CARTESIAN_POINT('',(-2.77E1,-1.105E1,-2.E1));
#7446=VERTEX_POINT('',#7445);
#7447=CARTESIAN_POINT('',(-2.54E1,-1.335E1,-2.E1));
#7448=VERTEX_POINT('',#7447);
#7449=CARTESIAN_POINT('',(2.54E1,-1.335E1,-2.E1));
#7450=VERTEX_POINT('',#7449);
#7451=CARTESIAN_POINT('',(2.77E1,-1.105E1,-2.E1));
#7452=VERTEX_POINT('',#7451);
#7453=CARTESIAN_POINT('',(2.77E1,1.105E1,-2.E1));
#7454=VERTEX_POINT('',#7453);
#7455=CARTESIAN_POINT('',(2.54E1,1.335E1,-2.E1));
#7456=VERTEX_POINT('',#7455);
#7457=CARTESIAN_POINT('',(-2.860440890611E1,-8.400000000001E0,-2.85E1));
#7458=CARTESIAN_POINT('',(-3.04E1,-8.400000000001E0,-2.85E1));
#7459=VERTEX_POINT('',#7457);
#7460=VERTEX_POINT('',#7458);
#7461=CARTESIAN_POINT('',(-3.04E1,-6.200000000001E0,-2.85E1));
#7462=VERTEX_POINT('',#7461);
#7463=CARTESIAN_POINT('',(-2.860440890611E1,-6.200000000001E0,-2.85E1));
#7464=VERTEX_POINT('',#7463);
#7465=CARTESIAN_POINT('',(-2.710440890611E1,9.699999999999E0,-2.85E1));
#7466=CARTESIAN_POINT('',(-3.04E1,9.699999999999E0,-2.85E1));
#7467=VERTEX_POINT('',#7465);
#7468=VERTEX_POINT('',#7466);
#7469=CARTESIAN_POINT('',(-3.04E1,1.105E1,-2.85E1));
#7470=VERTEX_POINT('',#7469);
#7471=CARTESIAN_POINT('',(-3.032722031170E1,1.19E1,-2.85E1));
#7472=VERTEX_POINT('',#7471);
#7473=CARTESIAN_POINT('',(-2.710440890611E1,1.19E1,-2.85E1));
#7474=VERTEX_POINT('',#7473);
#7475=CARTESIAN_POINT('',(2.625330667958E1,1.2375E1,-2.2E1));
#7476=CARTESIAN_POINT('',(2.07E1,1.08E1,-2.2E1));
#7477=VERTEX_POINT('',#7475);
#7478=VERTEX_POINT('',#7476);
#7479=CARTESIAN_POINT('',(2.625330667958E1,9.224999999999E0,-2.2E1));
#7480=VERTEX_POINT('',#7479);
#7481=CARTESIAN_POINT('',(-2.07E1,1.08E1,-2.2E1));
#7482=CARTESIAN_POINT('',(-2.625330667958E1,1.2375E1,-2.2E1));
#7483=VERTEX_POINT('',#7481);
#7484=VERTEX_POINT('',#7482);
#7485=CARTESIAN_POINT('',(-2.625330667958E1,9.224999999999E0,-2.2E1));
#7486=VERTEX_POINT('',#7485);
#7487=CARTESIAN_POINT('',(-2.22E1,-7.300000000001E0,-2.2E1));
#7488=CARTESIAN_POINT('',(-2.775330667958E1,-5.725000000001E0,-2.2E1));
#7489=VERTEX_POINT('',#7487);
#7490=VERTEX_POINT('',#7488);
#7491=CARTESIAN_POINT('',(-2.775330667958E1,-8.875000000001E0,-2.2E1));
#7492=VERTEX_POINT('',#7491);
#7493=CARTESIAN_POINT('',(2.775330667958E1,-5.725000000001E0,-2.2E1));
#7494=CARTESIAN_POINT('',(2.22E1,-7.300000000001E0,-2.2E1));
#7495=VERTEX_POINT('',#7493);
#7496=VERTEX_POINT('',#7494);
#7497=CARTESIAN_POINT('',(2.775330667958E1,-8.875000000001E0,-2.2E1));
#7498=VERTEX_POINT('',#7497);
#7499=CARTESIAN_POINT('',(2.67E1,1.08E1,-2.85E1));
#7500=CARTESIAN_POINT('',(2.625330667564E1,1.237500000639E1,-2.85E1));
#7501=VERTEX_POINT('',#7499);
#7502=VERTEX_POINT('',#7500);
#7503=CARTESIAN_POINT('',(2.625330668455E1,9.225000008057E0,-2.85E1));
#7504=VERTEX_POINT('',#7503);
#7505=CARTESIAN_POINT('',(-2.625330667564E1,1.237500000639E1,-2.85E1));
#7506=CARTESIAN_POINT('',(-2.67E1,1.08E1,-2.85E1));
#7507=VERTEX_POINT('',#7505);
#7508=VERTEX_POINT('',#7506);
#7509=CARTESIAN_POINT('',(-2.625330668455E1,9.225000008057E0,-2.85E1));
#7510=VERTEX_POINT('',#7509);
#7511=CARTESIAN_POINT('',(-2.775330668455E1,-5.725000008058E0,-2.85E1));
#7512=CARTESIAN_POINT('',(-2.82E1,-7.300000000001E0,-2.85E1));
#7513=VERTEX_POINT('',#7511);
#7514=VERTEX_POINT('',#7512);
#7515=CARTESIAN_POINT('',(-2.775330667564E1,-8.875000006395E0,-2.85E1));
#7516=VERTEX_POINT('',#7515);
#7517=CARTESIAN_POINT('',(2.82E1,-7.300000000001E0,-2.85E1));
#7518=CARTESIAN_POINT('',(2.775330668455E1,-5.725000008058E0,-2.85E1));
#7519=VERTEX_POINT('',#7517);
#7520=VERTEX_POINT('',#7518);
#7521=CARTESIAN_POINT('',(2.775330667564E1,-8.875000006395E0,-2.85E1));
#7522=VERTEX_POINT('',#7521);
#7523=CARTESIAN_POINT('',(-2.54E1,1.595E1,-2.E1));
#7524=CARTESIAN_POINT('',(-3.03E1,1.105E1,-2.E1));
#7525=VERTEX_POINT('',#7523);
#7526=VERTEX_POINT('',#7524);
#7527=CARTESIAN_POINT('',(-3.03E1,-1.105E1,-2.E1));
#7528=VERTEX_POINT('',#7527);
#7529=CARTESIAN_POINT('',(-2.54E1,-1.595E1,-2.E1));
#7530=VERTEX_POINT('',#7529);
#7531=CARTESIAN_POINT('',(2.54E1,-1.595E1,-2.E1));
#7532=VERTEX_POINT('',#7531);
#7533=CARTESIAN_POINT('',(3.03E1,-1.105E1,-2.E1));
#7534=VERTEX_POINT('',#7533);
#7535=CARTESIAN_POINT('',(3.03E1,1.105E1,-2.E1));
#7536=VERTEX_POINT('',#7535);
#7537=CARTESIAN_POINT('',(2.54E1,1.595E1,-2.E1));
#7538=VERTEX_POINT('',#7537);
#7539=CARTESIAN_POINT('',(-1.55E1,1.083589838486E1,0.E0));
#7540=CARTESIAN_POINT('',(1.55E1,1.083589838486E1,0.E0));
#7541=VERTEX_POINT('',#7539);
#7542=VERTEX_POINT('',#7540);
#7543=CARTESIAN_POINT('',(2.073589838486E1,5.6E0,0.E0));
#7544=VERTEX_POINT('',#7543);
#7545=CARTESIAN_POINT('',(2.073589838486E1,-5.6E0,0.E0));
#7546=VERTEX_POINT('',#7545);
#7547=CARTESIAN_POINT('',(1.55E1,-1.083589838486E1,0.E0));
#7548=VERTEX_POINT('',#7547);
#7549=CARTESIAN_POINT('',(-1.55E1,-1.083589838486E1,0.E0));
#7550=VERTEX_POINT('',#7549);
#7551=CARTESIAN_POINT('',(-2.073589838486E1,-5.6E0,0.E0));
#7552=VERTEX_POINT('',#7551);
#7553=CARTESIAN_POINT('',(-2.073589838486E1,5.6E0,0.E0));
#7554=VERTEX_POINT('',#7553);
#7555=CARTESIAN_POINT('',(-1.55E1,1.03E1,-2.E0));
#7556=CARTESIAN_POINT('',(-2.02E1,5.6E0,-2.E0));
#7557=VERTEX_POINT('',#7555);
#7558=VERTEX_POINT('',#7556);
#7559=CARTESIAN_POINT('',(-2.02E1,-5.6E0,-2.E0));
#7560=VERTEX_POINT('',#7559);
#7561=CARTESIAN_POINT('',(-1.55E1,-1.03E1,-2.E0));
#7562=VERTEX_POINT('',#7561);
#7563=CARTESIAN_POINT('',(1.55E1,-1.03E1,-2.E0));
#7564=VERTEX_POINT('',#7563);
#7565=CARTESIAN_POINT('',(2.02E1,-5.6E0,-2.E0));
#7566=VERTEX_POINT('',#7565);
#7567=CARTESIAN_POINT('',(2.02E1,5.6E0,-2.E0));
#7568=VERTEX_POINT('',#7567);
#7569=CARTESIAN_POINT('',(1.55E1,1.03E1,-2.E0));
#7570=VERTEX_POINT('',#7569);
#7571=CARTESIAN_POINT('',(1.275E1,-1.03E1,-2.E1));
#7572=VERTEX_POINT('',#7571);
#7573=CARTESIAN_POINT('',(-1.275E1,1.03E1,-2.E1));
#7574=VERTEX_POINT('',#7573);
#7575=CARTESIAN_POINT('',(2.02E1,5.2E0,-2.E1));
#7576=CARTESIAN_POINT('',(1.9E1,5.2E0,-2.E1));
#7577=VERTEX_POINT('',#7575);
#7578=VERTEX_POINT('',#7576);
#7579=CARTESIAN_POINT('',(2.02E1,4.2E0,-2.E1));
#7580=CARTESIAN_POINT('',(1.9E1,4.2E0,-2.E1));
#7581=VERTEX_POINT('',#7579);
#7582=VERTEX_POINT('',#7580);
#7583=CARTESIAN_POINT('',(-2.02E1,5.2E0,-2.E1));
#7584=VERTEX_POINT('',#7583);
#7585=CARTESIAN_POINT('',(-2.02E1,4.2E0,-2.E1));
#7586=CARTESIAN_POINT('',(-2.02E1,-4.2E0,-2.E1));
#7587=VERTEX_POINT('',#7585);
#7588=VERTEX_POINT('',#7586);
#7589=CARTESIAN_POINT('',(-2.02E1,-5.2E0,-2.E1));
#7590=VERTEX_POINT('',#7589);
#7591=CARTESIAN_POINT('',(2.02E1,-5.2E0,-2.E1));
#7592=VERTEX_POINT('',#7591);
#7593=CARTESIAN_POINT('',(2.02E1,-4.2E0,-2.E1));
#7594=VERTEX_POINT('',#7593);
#7595=CARTESIAN_POINT('',(1.9E1,-4.2E0,-2.E1));
#7596=VERTEX_POINT('',#7595);
#7597=CARTESIAN_POINT('',(1.9E1,-5.2E0,-2.E1));
#7598=VERTEX_POINT('',#7597);
#7599=CARTESIAN_POINT('',(-1.9E1,4.2E0,-2.E1));
#7600=VERTEX_POINT('',#7599);
#7601=CARTESIAN_POINT('',(-1.9E1,5.2E0,-2.E1));
#7602=VERTEX_POINT('',#7601);
#7603=CARTESIAN_POINT('',(-1.9E1,-5.2E0,-2.E1));
#7604=VERTEX_POINT('',#7603);
#7605=CARTESIAN_POINT('',(-1.9E1,-4.2E0,-2.E1));
#7606=VERTEX_POINT('',#7605);
#7607=CARTESIAN_POINT('',(1.25E0,9.1E0,-2.E1));
#7608=VERTEX_POINT('',#7607);
#7609=CARTESIAN_POINT('',(2.25E0,9.1E0,-2.E1));
#7610=VERTEX_POINT('',#7609);
#7611=CARTESIAN_POINT('',(4.75E0,9.1E0,-2.E1));
#7612=VERTEX_POINT('',#7611);
#7613=CARTESIAN_POINT('',(5.75E0,9.1E0,-2.E1));
#7614=VERTEX_POINT('',#7613);
#7615=CARTESIAN_POINT('',(8.25E0,9.1E0,-2.E1));
#7616=VERTEX_POINT('',#7615);
#7617=CARTESIAN_POINT('',(9.25E0,9.1E0,-2.E1));
#7618=VERTEX_POINT('',#7617);
#7619=CARTESIAN_POINT('',(1.175E1,9.1E0,-2.E1));
#7620=VERTEX_POINT('',#7619);
#7621=CARTESIAN_POINT('',(1.275E1,9.1E0,-2.E1));
#7622=VERTEX_POINT('',#7621);
#7623=CARTESIAN_POINT('',(1.25E0,-9.1E0,-2.E1));
#7624=VERTEX_POINT('',#7623);
#7625=CARTESIAN_POINT('',(2.25E0,-9.1E0,-2.E1));
#7626=VERTEX_POINT('',#7625);
#7627=CARTESIAN_POINT('',(9.25E0,-9.1E0,-2.E1));
#7628=VERTEX_POINT('',#7627);
#7629=CARTESIAN_POINT('',(8.25E0,-9.1E0,-2.E1));
#7630=VERTEX_POINT('',#7629);
#7631=CARTESIAN_POINT('',(1.275E1,-9.1E0,-2.E1));
#7632=VERTEX_POINT('',#7631);
#7633=CARTESIAN_POINT('',(1.175E1,-9.1E0,-2.E1));
#7634=VERTEX_POINT('',#7633);
#7635=CARTESIAN_POINT('',(-5.75E0,9.1E0,-2.E1));
#7636=VERTEX_POINT('',#7635);
#7637=CARTESIAN_POINT('',(-4.75E0,9.1E0,-2.E1));
#7638=VERTEX_POINT('',#7637);
#7639=CARTESIAN_POINT('',(-9.25E0,9.1E0,-2.E1));
#7640=VERTEX_POINT('',#7639);
#7641=CARTESIAN_POINT('',(-8.25E0,9.1E0,-2.E1));
#7642=VERTEX_POINT('',#7641);
#7643=CARTESIAN_POINT('',(-1.275E1,9.1E0,-2.E1));
#7644=VERTEX_POINT('',#7643);
#7645=CARTESIAN_POINT('',(-1.175E1,9.1E0,-2.E1));
#7646=VERTEX_POINT('',#7645);
#7647=CARTESIAN_POINT('',(-2.25E0,-9.1E0,-2.E1));
#7648=VERTEX_POINT('',#7647);
#7649=CARTESIAN_POINT('',(-1.25E0,-9.1E0,-2.E1));
#7650=VERTEX_POINT('',#7649);
#7651=CARTESIAN_POINT('',(-2.425E0,8.075E0,-2.E1));
#7652=VERTEX_POINT('',#7651);
#7653=CARTESIAN_POINT('',(-1.075E0,8.075E0,-2.E1));
#7654=VERTEX_POINT('',#7653);
#7655=CARTESIAN_POINT('',(4.575E0,-8.075E0,-2.E1));
#7656=VERTEX_POINT('',#7655);
#7657=CARTESIAN_POINT('',(5.925E0,-8.075E0,-2.E1));
#7658=VERTEX_POINT('',#7657);
#7659=CARTESIAN_POINT('',(-4.75E0,-9.1E0,-2.E1));
#7660=VERTEX_POINT('',#7659);
#7661=CARTESIAN_POINT('',(-5.75E0,-9.1E0,-2.E1));
#7662=VERTEX_POINT('',#7661);
#7663=CARTESIAN_POINT('',(-8.25E0,-9.1E0,-2.E1));
#7664=VERTEX_POINT('',#7663);
#7665=CARTESIAN_POINT('',(-9.25E0,-9.1E0,-2.E1));
#7666=VERTEX_POINT('',#7665);
#7667=CARTESIAN_POINT('',(-1.175E1,-9.1E0,-2.E1));
#7668=VERTEX_POINT('',#7667);
#7669=CARTESIAN_POINT('',(-1.275E1,-9.1E0,-2.E1));
#7670=VERTEX_POINT('',#7669);
#7671=CARTESIAN_POINT('',(-2.445E1,-7.300000000001E0,-3.625E1));
#7672=CARTESIAN_POINT('',(-2.595E1,-7.300000000001E0,-3.625E1));
#7673=VERTEX_POINT('',#7671);
#7674=VERTEX_POINT('',#7672);
#7675=CARTESIAN_POINT('',(2.445E1,1.08E1,-3.625E1));
#7676=CARTESIAN_POINT('',(2.295E1,1.08E1,-3.625E1));
#7677=VERTEX_POINT('',#7675);
#7678=VERTEX_POINT('',#7676);
#7679=CARTESIAN_POINT('',(-2.445E1,-7.300000000001E0,-3.425E1));
#7680=CARTESIAN_POINT('',(-2.595E1,-7.300000000001E0,-3.425E1));
#7681=VERTEX_POINT('',#7679);
#7682=VERTEX_POINT('',#7680);
#7683=CARTESIAN_POINT('',(2.445E1,1.08E1,-3.425E1));
#7684=CARTESIAN_POINT('',(2.295E1,1.08E1,-3.425E1));
#7685=VERTEX_POINT('',#7683);
#7686=VERTEX_POINT('',#7684);
#7687=CARTESIAN_POINT('',(-1.335E1,4.000000000001E0,-1.2475E1));
#7688=CARTESIAN_POINT('',(-1.465E1,4.000000000001E0,-1.2475E1));
#7689=VERTEX_POINT('',#7687);
#7690=VERTEX_POINT('',#7688);
#7691=CARTESIAN_POINT('',(-1.135E1,1.069728979055E-14,-1.2475E1));
#7692=CARTESIAN_POINT('',(-1.265E1,1.093609591639E-14,-1.2475E1));
#7693=VERTEX_POINT('',#7691);
#7694=VERTEX_POINT('',#7692);
#7695=CARTESIAN_POINT('',(-1.335E1,-4.000000000001E0,-1.2475E1));
#7696=CARTESIAN_POINT('',(-1.465E1,-4.000000000001E0,-1.2475E1));
#7697=VERTEX_POINT('',#7695);
#7698=VERTEX_POINT('',#7696);
#7699=CARTESIAN_POINT('',(-9.35E0,-4.000000000001E0,-1.2475E1));
#7700=CARTESIAN_POINT('',(-1.065E1,-4.000000000001E0,-1.2475E1));
#7701=VERTEX_POINT('',#7699);
#7702=VERTEX_POINT('',#7700);
#7703=CARTESIAN_POINT('',(-7.35E0,1.118714851021E-14,-1.2475E1));
#7704=CARTESIAN_POINT('',(-8.65E0,1.142595463604E-14,-1.2475E1));
#7705=VERTEX_POINT('',#7703);
#7706=VERTEX_POINT('',#7704);
#7707=CARTESIAN_POINT('',(-9.35E0,4.000000000001E0,-1.2475E1));
#7708=CARTESIAN_POINT('',(-1.065E1,4.000000000001E0,-1.2475E1));
#7709=VERTEX_POINT('',#7707);
#7710=VERTEX_POINT('',#7708);
#7711=CARTESIAN_POINT('',(-5.35E0,4.000000000001E0,-1.2475E1));
#7712=CARTESIAN_POINT('',(-6.65E0,4.000000000001E0,-1.2475E1));
#7713=VERTEX_POINT('',#7711);
#7714=VERTEX_POINT('',#7712);
#7715=CARTESIAN_POINT('',(-3.35E0,1.167700722987E-14,-1.2475E1));
#7716=CARTESIAN_POINT('',(-4.65E0,1.191581335570E-14,-1.2475E1));
#7717=VERTEX_POINT('',#7715);
#7718=VERTEX_POINT('',#7716);
#7719=CARTESIAN_POINT('',(-5.35E0,-4.000000000001E0,-1.2475E1));
#7720=CARTESIAN_POINT('',(-6.65E0,-4.000000000001E0,-1.2475E1));
#7721=VERTEX_POINT('',#7719);
#7722=VERTEX_POINT('',#7720);
#7723=CARTESIAN_POINT('',(-1.35E0,-4.000000000001E0,-1.2475E1));
#7724=CARTESIAN_POINT('',(-2.65E0,-4.000000000001E0,-1.2475E1));
#7725=VERTEX_POINT('',#7723);
#7726=VERTEX_POINT('',#7724);
#7727=CARTESIAN_POINT('',(6.5E-1,1.216686594953E-14,-1.2475E1));
#7728=CARTESIAN_POINT('',(-6.5E-1,1.240567207536E-14,-1.2475E1));
#7729=VERTEX_POINT('',#7727);
#7730=VERTEX_POINT('',#7728);
#7731=CARTESIAN_POINT('',(-1.35E0,4.000000000001E0,-1.2475E1));
#7732=CARTESIAN_POINT('',(-2.65E0,4.000000000001E0,-1.2475E1));
#7733=VERTEX_POINT('',#7731);
#7734=VERTEX_POINT('',#7732);
#7735=CARTESIAN_POINT('',(2.65E0,4.000000000001E0,-1.2475E1));
#7736=CARTESIAN_POINT('',(1.35E0,4.000000000001E0,-1.2475E1));
#7737=VERTEX_POINT('',#7735);
#7738=VERTEX_POINT('',#7736);
#7739=CARTESIAN_POINT('',(4.65E0,1.167700722987E-14,-1.2475E1));
#7740=CARTESIAN_POINT('',(3.35E0,1.191581335570E-14,-1.2475E1));
#7741=VERTEX_POINT('',#7739);
#7742=VERTEX_POINT('',#7740);
#7743=CARTESIAN_POINT('',(2.65E0,-4.000000000001E0,-1.2475E1));
#7744=CARTESIAN_POINT('',(1.35E0,-4.000000000001E0,-1.2475E1));
#7745=VERTEX_POINT('',#7743);
#7746=VERTEX_POINT('',#7744);
#7747=CARTESIAN_POINT('',(6.65E0,-4.000000000001E0,-1.2475E1));
#7748=CARTESIAN_POINT('',(5.35E0,-4.000000000001E0,-1.2475E1));
#7749=VERTEX_POINT('',#7747);
#7750=VERTEX_POINT('',#7748);
#7751=CARTESIAN_POINT('',(8.65E0,1.118714851021E-14,-1.2475E1));
#7752=CARTESIAN_POINT('',(7.35E0,1.142595463604E-14,-1.2475E1));
#7753=VERTEX_POINT('',#7751);
#7754=VERTEX_POINT('',#7752);
#7755=CARTESIAN_POINT('',(6.65E0,4.000000000001E0,-1.2475E1));
#7756=CARTESIAN_POINT('',(5.35E0,4.000000000001E0,-1.2475E1));
#7757=VERTEX_POINT('',#7755);
#7758=VERTEX_POINT('',#7756);
#7759=CARTESIAN_POINT('',(1.065E1,4.000000000001E0,-1.2475E1));
#7760=CARTESIAN_POINT('',(9.35E0,4.000000000001E0,-1.2475E1));
#7761=VERTEX_POINT('',#7759);
#7762=VERTEX_POINT('',#7760);
#7763=CARTESIAN_POINT('',(1.465E1,4.000000000001E0,-1.2475E1));
#7764=CARTESIAN_POINT('',(1.335E1,4.000000000001E0,-1.2475E1));
#7765=VERTEX_POINT('',#7763);
#7766=VERTEX_POINT('',#7764);
#7767=CARTESIAN_POINT('',(1.265E1,1.069728979055E-14,-1.2475E1));
#7768=CARTESIAN_POINT('',(1.135E1,1.093609591639E-14,-1.2475E1));
#7769=VERTEX_POINT('',#7767);
#7770=VERTEX_POINT('',#7768);
#7771=CARTESIAN_POINT('',(1.065E1,-4.000000000001E0,-1.2475E1));
#7772=CARTESIAN_POINT('',(9.35E0,-4.000000000001E0,-1.2475E1));
#7773=VERTEX_POINT('',#7771);
#7774=VERTEX_POINT('',#7772);
#7775=CARTESIAN_POINT('',(1.465E1,-4.000000000001E0,-1.2475E1));
#7776=CARTESIAN_POINT('',(1.335E1,-4.000000000001E0,-1.2475E1));
#7777=VERTEX_POINT('',#7775);
#7778=VERTEX_POINT('',#7776);
#7779=CARTESIAN_POINT('',(-1.335E1,4.000000000001E0,-2.E1));
#7780=CARTESIAN_POINT('',(-1.465E1,4.000000000001E0,-2.E1));
#7781=VERTEX_POINT('',#7779);
#7782=VERTEX_POINT('',#7780);
#7783=CARTESIAN_POINT('',(-1.135E1,1.069728979055E-14,-2.E1));
#7784=CARTESIAN_POINT('',(-1.265E1,1.093609591639E-14,-2.E1));
#7785=VERTEX_POINT('',#7783);
#7786=VERTEX_POINT('',#7784);
#7787=CARTESIAN_POINT('',(-1.335E1,-4.000000000001E0,-2.E1));
#7788=CARTESIAN_POINT('',(-1.465E1,-4.000000000001E0,-2.E1));
#7789=VERTEX_POINT('',#7787);
#7790=VERTEX_POINT('',#7788);
#7791=CARTESIAN_POINT('',(-9.35E0,-4.000000000001E0,-2.E1));
#7792=CARTESIAN_POINT('',(-1.065E1,-4.000000000001E0,-2.E1));
#7793=VERTEX_POINT('',#7791);
#7794=VERTEX_POINT('',#7792);
#7795=CARTESIAN_POINT('',(-7.35E0,1.118714851021E-14,-2.E1));
#7796=CARTESIAN_POINT('',(-8.65E0,1.142595463604E-14,-2.E1));
#7797=VERTEX_POINT('',#7795);
#7798=VERTEX_POINT('',#7796);
#7799=CARTESIAN_POINT('',(-9.35E0,4.000000000001E0,-2.E1));
#7800=CARTESIAN_POINT('',(-1.065E1,4.000000000001E0,-2.E1));
#7801=VERTEX_POINT('',#7799);
#7802=VERTEX_POINT('',#7800);
#7803=CARTESIAN_POINT('',(-5.35E0,4.000000000001E0,-2.E1));
#7804=CARTESIAN_POINT('',(-6.65E0,4.000000000001E0,-2.E1));
#7805=VERTEX_POINT('',#7803);
#7806=VERTEX_POINT('',#7804);
#7807=CARTESIAN_POINT('',(-3.35E0,1.167700722987E-14,-2.E1));
#7808=CARTESIAN_POINT('',(-4.65E0,1.191581335570E-14,-2.E1));
#7809=VERTEX_POINT('',#7807);
#7810=VERTEX_POINT('',#7808);
#7811=CARTESIAN_POINT('',(-5.35E0,-4.000000000001E0,-2.E1));
#7812=CARTESIAN_POINT('',(-6.65E0,-4.000000000001E0,-2.E1));
#7813=VERTEX_POINT('',#7811);
#7814=VERTEX_POINT('',#7812);
#7815=CARTESIAN_POINT('',(-1.35E0,-4.000000000001E0,-2.E1));
#7816=CARTESIAN_POINT('',(-2.65E0,-4.000000000001E0,-2.E1));
#7817=VERTEX_POINT('',#7815);
#7818=VERTEX_POINT('',#7816);
#7819=CARTESIAN_POINT('',(6.5E-1,1.216686594953E-14,-2.E1));
#7820=CARTESIAN_POINT('',(-6.5E-1,1.240567207536E-14,-2.E1));
#7821=VERTEX_POINT('',#7819);
#7822=VERTEX_POINT('',#7820);
#7823=CARTESIAN_POINT('',(-1.35E0,4.000000000001E0,-2.E1));
#7824=CARTESIAN_POINT('',(-2.65E0,4.000000000001E0,-2.E1));
#7825=VERTEX_POINT('',#7823);
#7826=VERTEX_POINT('',#7824);
#7827=CARTESIAN_POINT('',(2.65E0,4.000000000001E0,-2.E1));
#7828=CARTESIAN_POINT('',(1.35E0,4.000000000001E0,-2.E1));
#7829=VERTEX_POINT('',#7827);
#7830=VERTEX_POINT('',#7828);
#7831=CARTESIAN_POINT('',(4.65E0,1.167700722987E-14,-2.E1));
#7832=CARTESIAN_POINT('',(3.35E0,1.191581335570E-14,-2.E1));
#7833=VERTEX_POINT('',#7831);
#7834=VERTEX_POINT('',#7832);
#7835=CARTESIAN_POINT('',(2.65E0,-4.000000000001E0,-2.E1));
#7836=CARTESIAN_POINT('',(1.35E0,-4.000000000001E0,-2.E1));
#7837=VERTEX_POINT('',#7835);
#7838=VERTEX_POINT('',#7836);
#7839=CARTESIAN_POINT('',(6.65E0,-4.000000000001E0,-2.E1));
#7840=CARTESIAN_POINT('',(5.35E0,-4.000000000001E0,-2.E1));
#7841=VERTEX_POINT('',#7839);
#7842=VERTEX_POINT('',#7840);
#7843=CARTESIAN_POINT('',(8.65E0,1.118714851021E-14,-2.E1));
#7844=CARTESIAN_POINT('',(7.35E0,1.142595463604E-14,-2.E1));
#7845=VERTEX_POINT('',#7843);
#7846=VERTEX_POINT('',#7844);
#7847=CARTESIAN_POINT('',(6.65E0,4.000000000001E0,-2.E1));
#7848=CARTESIAN_POINT('',(5.35E0,4.000000000001E0,-2.E1));
#7849=VERTEX_POINT('',#7847);
#7850=VERTEX_POINT('',#7848);
#7851=CARTESIAN_POINT('',(1.065E1,4.000000000001E0,-2.E1));
#7852=CARTESIAN_POINT('',(9.35E0,4.000000000001E0,-2.E1));
#7853=VERTEX_POINT('',#7851);
#7854=VERTEX_POINT('',#7852);
#7855=CARTESIAN_POINT('',(1.465E1,4.000000000001E0,-2.E1));
#7856=CARTESIAN_POINT('',(1.335E1,4.000000000001E0,-2.E1));
#7857=VERTEX_POINT('',#7855);
#7858=VERTEX_POINT('',#7856);
#7859=CARTESIAN_POINT('',(1.265E1,1.069728979055E-14,-2.E1));
#7860=CARTESIAN_POINT('',(1.135E1,1.093609591639E-14,-2.E1));
#7861=VERTEX_POINT('',#7859);
#7862=VERTEX_POINT('',#7860);
#7863=CARTESIAN_POINT('',(1.065E1,-4.000000000001E0,-2.E1));
#7864=CARTESIAN_POINT('',(9.35E0,-4.000000000001E0,-2.E1));
#7865=VERTEX_POINT('',#7863);
#7866=VERTEX_POINT('',#7864);
#7867=CARTESIAN_POINT('',(1.465E1,-4.000000000001E0,-2.E1));
#7868=CARTESIAN_POINT('',(1.335E1,-4.000000000001E0,-2.E1));
#7869=VERTEX_POINT('',#7867);
#7870=VERTEX_POINT('',#7868);
#7871=CARTESIAN_POINT('',(-1.335E1,4.000000000001E0,-3.8075E1));
#7872=CARTESIAN_POINT('',(-1.465E1,4.000000000001E0,-3.8075E1));
#7873=VERTEX_POINT('',#7871);
#7874=VERTEX_POINT('',#7872);
#7875=CARTESIAN_POINT('',(-9.35E0,4.000000000001E0,-3.8075E1));
#7876=CARTESIAN_POINT('',(-1.065E1,4.000000000001E0,-3.8075E1));
#7877=VERTEX_POINT('',#7875);
#7878=VERTEX_POINT('',#7876);
#7879=CARTESIAN_POINT('',(-5.35E0,4.000000000001E0,-3.8075E1));
#7880=CARTESIAN_POINT('',(-6.65E0,4.000000000001E0,-3.8075E1));
#7881=VERTEX_POINT('',#7879);
#7882=VERTEX_POINT('',#7880);
#7883=CARTESIAN_POINT('',(-1.35E0,4.000000000001E0,-3.8075E1));
#7884=CARTESIAN_POINT('',(-2.65E0,4.000000000001E0,-3.8075E1));
#7885=VERTEX_POINT('',#7883);
#7886=VERTEX_POINT('',#7884);
#7887=CARTESIAN_POINT('',(2.65E0,4.000000000001E0,-3.8075E1));
#7888=CARTESIAN_POINT('',(1.35E0,4.000000000001E0,-3.8075E1));
#7889=VERTEX_POINT('',#7887);
#7890=VERTEX_POINT('',#7888);
#7891=CARTESIAN_POINT('',(6.65E0,4.000000000001E0,-3.8075E1));
#7892=CARTESIAN_POINT('',(5.35E0,4.000000000001E0,-3.8075E1));
#7893=VERTEX_POINT('',#7891);
#7894=VERTEX_POINT('',#7892);
#7895=CARTESIAN_POINT('',(1.065E1,4.000000000001E0,-3.8075E1));
#7896=CARTESIAN_POINT('',(9.35E0,4.000000000001E0,-3.8075E1));
#7897=VERTEX_POINT('',#7895);
#7898=VERTEX_POINT('',#7896);
#7899=CARTESIAN_POINT('',(1.465E1,4.000000000001E0,-3.8075E1));
#7900=CARTESIAN_POINT('',(1.335E1,4.000000000001E0,-3.8075E1));
#7901=VERTEX_POINT('',#7899);
#7902=VERTEX_POINT('',#7900);
#7903=CARTESIAN_POINT('',(-1.135E1,1.069728979055E-14,-3.8075E1));
#7904=CARTESIAN_POINT('',(-1.265E1,1.093609591639E-14,-3.8075E1));
#7905=VERTEX_POINT('',#7903);
#7906=VERTEX_POINT('',#7904);
#7907=CARTESIAN_POINT('',(-7.35E0,1.118714851021E-14,-3.8075E1));
#7908=CARTESIAN_POINT('',(-8.65E0,1.142595463604E-14,-3.8075E1));
#7909=VERTEX_POINT('',#7907);
#7910=VERTEX_POINT('',#7908);
#7911=CARTESIAN_POINT('',(-3.35E0,1.167700722987E-14,-3.8075E1));
#7912=CARTESIAN_POINT('',(-4.65E0,1.191581335570E-14,-3.8075E1));
#7913=VERTEX_POINT('',#7911);
#7914=VERTEX_POINT('',#7912);
#7915=CARTESIAN_POINT('',(6.5E-1,1.216686594953E-14,-3.8075E1));
#7916=CARTESIAN_POINT('',(-6.5E-1,1.240567207536E-14,-3.8075E1));
#7917=VERTEX_POINT('',#7915);
#7918=VERTEX_POINT('',#7916);
#7919=CARTESIAN_POINT('',(4.65E0,1.167700722987E-14,-3.8075E1));
#7920=CARTESIAN_POINT('',(3.35E0,1.191581335570E-14,-3.8075E1));
#7921=VERTEX_POINT('',#7919);
#7922=VERTEX_POINT('',#7920);
#7923=CARTESIAN_POINT('',(8.65E0,1.118714851021E-14,-3.8075E1));
#7924=CARTESIAN_POINT('',(7.35E0,1.142595463604E-14,-3.8075E1));
#7925=VERTEX_POINT('',#7923);
#7926=VERTEX_POINT('',#7924);
#7927=CARTESIAN_POINT('',(1.265E1,1.069728979055E-14,-3.8075E1));
#7928=CARTESIAN_POINT('',(1.135E1,1.093609591639E-14,-3.8075E1));
#7929=VERTEX_POINT('',#7927);
#7930=VERTEX_POINT('',#7928);
#7931=CARTESIAN_POINT('',(-1.335E1,-4.000000000001E0,-3.8075E1));
#7932=CARTESIAN_POINT('',(-1.465E1,-4.000000000001E0,-3.8075E1));
#7933=VERTEX_POINT('',#7931);
#7934=VERTEX_POINT('',#7932);
#7935=CARTESIAN_POINT('',(-9.35E0,-4.000000000001E0,-3.8075E1));
#7936=CARTESIAN_POINT('',(-1.065E1,-4.000000000001E0,-3.8075E1));
#7937=VERTEX_POINT('',#7935);
#7938=VERTEX_POINT('',#7936);
#7939=CARTESIAN_POINT('',(-5.35E0,-4.000000000001E0,-3.8075E1));
#7940=CARTESIAN_POINT('',(-6.65E0,-4.000000000001E0,-3.8075E1));
#7941=VERTEX_POINT('',#7939);
#7942=VERTEX_POINT('',#7940);
#7943=CARTESIAN_POINT('',(-1.35E0,-4.000000000001E0,-3.8075E1));
#7944=CARTESIAN_POINT('',(-2.65E0,-4.000000000001E0,-3.8075E1));
#7945=VERTEX_POINT('',#7943);
#7946=VERTEX_POINT('',#7944);
#7947=CARTESIAN_POINT('',(2.65E0,-4.000000000001E0,-3.8075E1));
#7948=CARTESIAN_POINT('',(1.35E0,-4.000000000001E0,-3.8075E1));
#7949=VERTEX_POINT('',#7947);
#7950=VERTEX_POINT('',#7948);
#7951=CARTESIAN_POINT('',(6.65E0,-4.000000000001E0,-3.8075E1));
#7952=CARTESIAN_POINT('',(5.35E0,-4.000000000001E0,-3.8075E1));
#7953=VERTEX_POINT('',#7951);
#7954=VERTEX_POINT('',#7952);
#7955=CARTESIAN_POINT('',(1.065E1,-4.000000000001E0,-3.8075E1));
#7956=CARTESIAN_POINT('',(9.35E0,-4.000000000001E0,-3.8075E1));
#7957=VERTEX_POINT('',#7955);
#7958=VERTEX_POINT('',#7956);
#7959=CARTESIAN_POINT('',(1.465E1,-4.000000000001E0,-3.8075E1));
#7960=CARTESIAN_POINT('',(1.335E1,-4.000000000001E0,-3.8075E1));
#7961=VERTEX_POINT('',#7959);
#7962=VERTEX_POINT('',#7960);
#7963=CARTESIAN_POINT('',(-1.335E1,4.000000000001E0,-2.6E1));
#7964=CARTESIAN_POINT('',(-1.465E1,4.000000000001E0,-2.6E1));
#7965=VERTEX_POINT('',#7963);
#7966=VERTEX_POINT('',#7964);
#7967=CARTESIAN_POINT('',(-9.35E0,4.000000000001E0,-2.6E1));
#7968=CARTESIAN_POINT('',(-1.065E1,4.000000000001E0,-2.6E1));
#7969=VERTEX_POINT('',#7967);
#7970=VERTEX_POINT('',#7968);
#7971=CARTESIAN_POINT('',(-5.35E0,4.000000000001E0,-2.6E1));
#7972=CARTESIAN_POINT('',(-6.65E0,4.000000000001E0,-2.6E1));
#7973=VERTEX_POINT('',#7971);
#7974=VERTEX_POINT('',#7972);
#7975=CARTESIAN_POINT('',(-1.35E0,4.000000000001E0,-2.6E1));
#7976=CARTESIAN_POINT('',(-2.65E0,4.000000000001E0,-2.6E1));
#7977=VERTEX_POINT('',#7975);
#7978=VERTEX_POINT('',#7976);
#7979=CARTESIAN_POINT('',(2.65E0,4.000000000001E0,-2.6E1));
#7980=CARTESIAN_POINT('',(1.35E0,4.000000000001E0,-2.6E1));
#7981=VERTEX_POINT('',#7979);
#7982=VERTEX_POINT('',#7980);
#7983=CARTESIAN_POINT('',(6.65E0,4.000000000001E0,-2.6E1));
#7984=CARTESIAN_POINT('',(5.35E0,4.000000000001E0,-2.6E1));
#7985=VERTEX_POINT('',#7983);
#7986=VERTEX_POINT('',#7984);
#7987=CARTESIAN_POINT('',(1.065E1,4.000000000001E0,-2.6E1));
#7988=CARTESIAN_POINT('',(9.35E0,4.000000000001E0,-2.6E1));
#7989=VERTEX_POINT('',#7987);
#7990=VERTEX_POINT('',#7988);
#7991=CARTESIAN_POINT('',(1.465E1,4.000000000001E0,-2.6E1));
#7992=CARTESIAN_POINT('',(1.335E1,4.000000000001E0,-2.6E1));
#7993=VERTEX_POINT('',#7991);
#7994=VERTEX_POINT('',#7992);
#7995=CARTESIAN_POINT('',(-1.135E1,1.069728979055E-14,-2.6E1));
#7996=CARTESIAN_POINT('',(-1.265E1,1.093609591639E-14,-2.6E1));
#7997=VERTEX_POINT('',#7995);
#7998=VERTEX_POINT('',#7996);
#7999=CARTESIAN_POINT('',(-7.35E0,1.118714851021E-14,-2.6E1));
#8000=CARTESIAN_POINT('',(-8.65E0,1.142595463604E-14,-2.6E1));
#8001=VERTEX_POINT('',#7999);
#8002=VERTEX_POINT('',#8000);
#8003=CARTESIAN_POINT('',(-3.35E0,1.167700722987E-14,-2.6E1));
#8004=CARTESIAN_POINT('',(-4.65E0,1.191581335570E-14,-2.6E1));
#8005=VERTEX_POINT('',#8003);
#8006=VERTEX_POINT('',#8004);
#8007=CARTESIAN_POINT('',(6.5E-1,1.216686594953E-14,-2.6E1));
#8008=CARTESIAN_POINT('',(-6.5E-1,1.240567207536E-14,-2.6E1));
#8009=VERTEX_POINT('',#8007);
#8010=VERTEX_POINT('',#8008);
#8011=CARTESIAN_POINT('',(4.65E0,1.167700722987E-14,-2.6E1));
#8012=CARTESIAN_POINT('',(3.35E0,1.191581335570E-14,-2.6E1));
#8013=VERTEX_POINT('',#8011);
#8014=VERTEX_POINT('',#8012);
#8015=CARTESIAN_POINT('',(8.65E0,1.118714851021E-14,-2.6E1));
#8016=CARTESIAN_POINT('',(7.35E0,1.142595463604E-14,-2.6E1));
#8017=VERTEX_POINT('',#8015);
#8018=VERTEX_POINT('',#8016);
#8019=CARTESIAN_POINT('',(1.265E1,1.069728979055E-14,-2.6E1));
#8020=CARTESIAN_POINT('',(1.135E1,1.093609591639E-14,-2.6E1));
#8021=VERTEX_POINT('',#8019);
#8022=VERTEX_POINT('',#8020);
#8023=CARTESIAN_POINT('',(-1.335E1,-4.000000000001E0,-2.6E1));
#8024=CARTESIAN_POINT('',(-1.465E1,-4.000000000001E0,-2.6E1));
#8025=VERTEX_POINT('',#8023);
#8026=VERTEX_POINT('',#8024);
#8027=CARTESIAN_POINT('',(-9.35E0,-4.000000000001E0,-2.6E1));
#8028=CARTESIAN_POINT('',(-1.065E1,-4.000000000001E0,-2.6E1));
#8029=VERTEX_POINT('',#8027);
#8030=VERTEX_POINT('',#8028);
#8031=CARTESIAN_POINT('',(-5.35E0,-4.000000000001E0,-2.6E1));
#8032=CARTESIAN_POINT('',(-6.65E0,-4.000000000001E0,-2.6E1));
#8033=VERTEX_POINT('',#8031);
#8034=VERTEX_POINT('',#8032);
#8035=CARTESIAN_POINT('',(-1.35E0,-4.000000000001E0,-2.6E1));
#8036=CARTESIAN_POINT('',(-2.65E0,-4.000000000001E0,-2.6E1));
#8037=VERTEX_POINT('',#8035);
#8038=VERTEX_POINT('',#8036);
#8039=CARTESIAN_POINT('',(2.65E0,-4.000000000001E0,-2.6E1));
#8040=CARTESIAN_POINT('',(1.35E0,-4.000000000001E0,-2.6E1));
#8041=VERTEX_POINT('',#8039);
#8042=VERTEX_POINT('',#8040);
#8043=CARTESIAN_POINT('',(6.65E0,-4.000000000001E0,-2.6E1));
#8044=CARTESIAN_POINT('',(5.35E0,-4.000000000001E0,-2.6E1));
#8045=VERTEX_POINT('',#8043);
#8046=VERTEX_POINT('',#8044);
#8047=CARTESIAN_POINT('',(1.065E1,-4.000000000001E0,-2.6E1));
#8048=CARTESIAN_POINT('',(9.35E0,-4.000000000001E0,-2.6E1));
#8049=VERTEX_POINT('',#8047);
#8050=VERTEX_POINT('',#8048);
#8051=CARTESIAN_POINT('',(1.465E1,-4.000000000001E0,-2.6E1));
#8052=CARTESIAN_POINT('',(1.335E1,-4.000000000001E0,-2.6E1));
#8053=VERTEX_POINT('',#8051);
#8054=VERTEX_POINT('',#8052);
#8055=CARTESIAN_POINT('',(-1.693841540668E1,6.498169186635E0,-2.02E1));
#8056=CARTESIAN_POINT('',(-1.693841540668E1,5.251830813365E0,-2.02E1));
#8057=VERTEX_POINT('',#8055);
#8058=VERTEX_POINT('',#8056);
#8059=CARTESIAN_POINT('',(-1.709420770334E1,6.498169186635E0,-2.02E1));
#8060=VERTEX_POINT('',#8059);
#8061=CARTESIAN_POINT('',(-1.725E1,6.312544344659E0,-2.02E1));
#8062=VERTEX_POINT('',#8061);
#8063=CARTESIAN_POINT('',(-1.725E1,6.100401593828E0,-2.02E1));
#8064=VERTEX_POINT('',#8063);
#8065=CARTESIAN_POINT('',(-1.709420770334E1,6.286026510091E0,-2.02E1));
#8066=VERTEX_POINT('',#8065);
#8067=CARTESIAN_POINT('',(-1.709420770334E1,5.251830813365E0,-2.02E1));
#8068=VERTEX_POINT('',#8067);
#8069=CARTESIAN_POINT('',(1.6E1,-6.590201240174E0,-2.02E1));
#8070=CARTESIAN_POINT('',(1.6E1,-6.457612048762E0,-2.02E1));
#8071=VERTEX_POINT('',#8069);
#8072=VERTEX_POINT('',#8070);
#8073=CARTESIAN_POINT('',(1.693475377995E1,-6.590201240174E0,-2.02E1));
#8074=VERTEX_POINT('',#8073);
#8075=CARTESIAN_POINT('',(1.693475377995E1,-6.457612048762E0,-2.02E1));
#8076=VERTEX_POINT('',#8075);
#8077=CARTESIAN_POINT('',(1.620772306840E1,-6.457612048762E0,-2.02E1));
#8078=VERTEX_POINT('',#8077);
#8079=CARTESIAN_POINT('',(1.685685763162E1,-5.874219632550E0,-2.02E1));
#8080=VERTEX_POINT('',#8079);
#8081=CARTESIAN_POINT('',(1.690878842194E1,-5.794666128846E0,-2.02E1));
#8082=VERTEX_POINT('',#8081);
#8083=CARTESIAN_POINT('',(1.693475377995E1,-5.688594790574E0,-2.02E1));
#8084=VERTEX_POINT('',#8083);
#8085=CARTESIAN_POINT('',(1.693475377995E1,-5.635559047151E0,-2.02E1));
#8086=VERTEX_POINT('',#8085);
#8087=CARTESIAN_POINT('',(1.690878842194E1,-5.529487708879E0,-2.02E1));
#8088=VERTEX_POINT('',#8087);
#8089=CARTESIAN_POINT('',(1.680492684131E1,-5.423416370607E0,-2.02E1));
#8090=VERTEX_POINT('',#8089);
#8091=CARTESIAN_POINT('',(1.670106533496E1,-5.370380701471E0,-2.02E1));
#8092=VERTEX_POINT('',#8091);
#8093=CARTESIAN_POINT('',(1.654527303831E1,-5.343862866903E0,-2.02E1));
#8094=VERTEX_POINT('',#8093);
#8095=CARTESIAN_POINT('',(1.644141149482E1,-5.343862866903E0,-2.02E1));
#8096=VERTEX_POINT('',#8095);
#8097=CARTESIAN_POINT('',(1.625965382157E1,-5.370380701471E0,-2.02E1));
#8098=VERTEX_POINT('',#8097);
#8099=CARTESIAN_POINT('',(1.615579229666E1,-5.423416370607E0,-2.02E1));
#8100=VERTEX_POINT('',#8099);
#8101=CARTESIAN_POINT('',(1.605193076710E1,-5.529487708879E0,-2.02E1));
#8102=VERTEX_POINT('',#8101);
#8103=CARTESIAN_POINT('',(1.602596538355E1,-5.635559047151E0,-2.02E1));
#8104=VERTEX_POINT('',#8103);
#8105=CARTESIAN_POINT('',(1.615579229666E1,-5.635559047151E0,-2.02E1));
#8106=VERTEX_POINT('',#8105);
#8107=CARTESIAN_POINT('',(1.620772306840E1,-5.556005543447E0,-2.02E1));
#8108=VERTEX_POINT('',#8107);
#8109=CARTESIAN_POINT('',(1.628561921673E1,-5.502969874311E0,-2.02E1));
#8110=VERTEX_POINT('',#8109);
#8111=CARTESIAN_POINT('',(1.641544613680E1,-5.476452039743E0,-2.02E1));
#8112=VERTEX_POINT('',#8111);
#8113=CARTESIAN_POINT('',(1.651930764315E1,-5.476452039743E0,-2.02E1));
#8114=VERTEX_POINT('',#8113);
#8115=CARTESIAN_POINT('',(1.664913454465E1,-5.502969874311E0,-2.02E1));
#8116=VERTEX_POINT('',#8115);
#8117=CARTESIAN_POINT('',(1.672703069298E1,-5.556005543447E0,-2.02E1));
#8118=VERTEX_POINT('',#8117);
#8119=CARTESIAN_POINT('',(1.677896148329E1,-5.635559047151E0,-2.02E1));
#8120=VERTEX_POINT('',#8119);
#8121=CARTESIAN_POINT('',(1.677896148329E1,-5.688594790574E0,-2.02E1));
#8122=VERTEX_POINT('',#8121);
#8123=CARTESIAN_POINT('',(1.672703069298E1,-5.794666128846E0,-2.02E1));
#8124=VERTEX_POINT('',#8123);
#8125=CARTESIAN_POINT('',(1.805126528887E1,-6.378058545058E0,-2.02E1));
#8126=CARTESIAN_POINT('',(1.799933442426E1,-6.457612048762E0,-2.02E1));
#8127=VERTEX_POINT('',#8125);
#8128=VERTEX_POINT('',#8126);
#8129=CARTESIAN_POINT('',(1.807723057259E1,-6.298505022782E0,-2.02E1));
#8130=VERTEX_POINT('',#8129);
#8131=CARTESIAN_POINT('',(1.807723057259E1,-6.192433684510E0,-2.02E1));
#8132=VERTEX_POINT('',#8131);
#8133=CARTESIAN_POINT('',(1.805126528887E1,-6.086362309094E0,-2.02E1));
#8134=VERTEX_POINT('',#8133);
#8135=CARTESIAN_POINT('',(1.799933442426E1,-6.006808805390E0,-2.02E1));
#8136=VERTEX_POINT('',#8135);
#8137=CARTESIAN_POINT('',(1.786950755991E1,-5.953773136254E0,-2.02E1));
#8138=VERTEX_POINT('',#8137);
#8139=CARTESIAN_POINT('',(1.797336914054E1,-5.874219632550E0,-2.02E1));
#8140=VERTEX_POINT('',#8139);
#8141=CARTESIAN_POINT('',(1.802529985656E1,-5.794666128846E0,-2.02E1));
#8142=VERTEX_POINT('',#8141);
#8143=CARTESIAN_POINT('',(1.805126528887E1,-5.688594790574E0,-2.02E1));
#8144=VERTEX_POINT('',#8143);
#8145=CARTESIAN_POINT('',(1.805126528887E1,-5.635559047151E0,-2.02E1));
#8146=VERTEX_POINT('',#8145);
#8147=CARTESIAN_POINT('',(1.802529985656E1,-5.529487708879E0,-2.02E1));
#8148=VERTEX_POINT('',#8147);
#8149=CARTESIAN_POINT('',(1.792143827593E1,-5.423416370607E0,-2.02E1));
#8150=VERTEX_POINT('',#8149);
#8151=CARTESIAN_POINT('',(1.781757684388E1,-5.370380701471E0,-2.02E1));
#8152=VERTEX_POINT('',#8151);
#8153=CARTESIAN_POINT('',(1.763581911492E1,-5.343862866903E0,-2.02E1));
#8154=VERTEX_POINT('',#8153);
#8155=CARTESIAN_POINT('',(1.758388839889E1,-5.343862866903E0,-2.02E1));
#8156=VERTEX_POINT('',#8155);
#8157=CARTESIAN_POINT('',(1.740213066993E1,-5.370380701471E0,-2.02E1));
#8158=VERTEX_POINT('',#8157);
#8159=CARTESIAN_POINT('',(1.729826908930E1,-5.423416370607E0,-2.02E1));
#8160=VERTEX_POINT('',#8159);
#8161=CARTESIAN_POINT('',(1.719440758296E1,-5.529487708879E0,-2.02E1));
#8162=VERTEX_POINT('',#8161);
#8163=CARTESIAN_POINT('',(1.716844222494E1,-5.635559047151E0,-2.02E1));
#8164=VERTEX_POINT('',#8163);
#8165=CARTESIAN_POINT('',(1.729826908930E1,-5.635559047151E0,-2.02E1));
#8166=VERTEX_POINT('',#8165);
#8167=CARTESIAN_POINT('',(1.735019995390E1,-5.556005543447E0,-2.02E1));
#8168=VERTEX_POINT('',#8167);
#8169=CARTESIAN_POINT('',(1.742809610223E1,-5.502969874311E0,-2.02E1));
#8170=VERTEX_POINT('',#8169);
#8171=CARTESIAN_POINT('',(1.755792296659E1,-5.476452039743E0,-2.02E1));
#8172=VERTEX_POINT('',#8171);
#8173=CARTESIAN_POINT('',(1.766178454722E1,-5.476452039743E0,-2.02E1));
#8174=VERTEX_POINT('',#8173);
#8175=CARTESIAN_POINT('',(1.779161141158E1,-5.502969874311E0,-2.02E1));
#8176=VERTEX_POINT('',#8175);
#8177=CARTESIAN_POINT('',(1.786950755991E1,-5.556005543447E0,-2.02E1));
#8178=VERTEX_POINT('',#8177);
#8179=CARTESIAN_POINT('',(1.792143827593E1,-5.635559047151E0,-2.02E1));
#8180=VERTEX_POINT('',#8179);
#8181=CARTESIAN_POINT('',(1.792143827593E1,-5.688594790574E0,-2.02E1));
#8182=VERTEX_POINT('',#8181);
#8183=CARTESIAN_POINT('',(1.786950755991E1,-5.794666128846E0,-2.02E1));
#8184=VERTEX_POINT('',#8183);
#8185=CARTESIAN_POINT('',(1.781757684388E1,-5.847701797982E0,-2.02E1));
#8186=VERTEX_POINT('',#8185);
#8187=CARTESIAN_POINT('',(1.766178454722E1,-5.900737467118E0,-2.02E1));
#8188=VERTEX_POINT('',#8187);
#8189=CARTESIAN_POINT('',(1.755792296659E1,-5.900737467118E0,-2.02E1));
#8190=VERTEX_POINT('',#8189);
#8191=CARTESIAN_POINT('',(1.755792296659E1,-6.006808805390E0,-2.02E1));
#8192=VERTEX_POINT('',#8191);
#8193=CARTESIAN_POINT('',(1.766178454722E1,-6.006808805390E0,-2.02E1));
#8194=VERTEX_POINT('',#8193);
#8195=CARTESIAN_POINT('',(1.781757684388E1,-6.033326639958E0,-2.02E1));
#8196=VERTEX_POINT('',#8195);
#8197=CARTESIAN_POINT('',(1.789547299221E1,-6.086362309094E0,-2.02E1));
#8198=VERTEX_POINT('',#8197);
#8199=CARTESIAN_POINT('',(1.794740370824E1,-6.192433684510E0,-2.02E1));
#8200=VERTEX_POINT('',#8199);
#8201=CARTESIAN_POINT('',(1.794740370824E1,-6.298505022782E0,-2.02E1));
#8202=VERTEX_POINT('',#8201);
#8203=CARTESIAN_POINT('',(1.792143827593E1,-6.351540691918E0,-2.02E1));
#8204=VERTEX_POINT('',#8203);
#8205=CARTESIAN_POINT('',(1.786950755991E1,-6.404576379626E0,-2.02E1));
#8206=VERTEX_POINT('',#8205);
#8207=CARTESIAN_POINT('',(1.781757684388E1,-6.431094214194E0,-2.02E1));
#8208=VERTEX_POINT('',#8207);
#8209=CARTESIAN_POINT('',(1.768774983095E1,-6.457612048762E0,-2.02E1));
#8210=VERTEX_POINT('',#8209);
#8211=CARTESIAN_POINT('',(1.753195753429E1,-6.457612048762E0,-2.02E1));
#8212=VERTEX_POINT('',#8211);
#8213=CARTESIAN_POINT('',(1.740213066993E1,-6.431094214194E0,-2.02E1));
#8214=VERTEX_POINT('',#8213);
#8215=CARTESIAN_POINT('',(1.735019995390E1,-6.404576379626E0,-2.02E1));
#8216=VERTEX_POINT('',#8215);
#8217=CARTESIAN_POINT('',(1.729826908930E1,-6.351540691918E0,-2.02E1));
#8218=VERTEX_POINT('',#8217);
#8219=CARTESIAN_POINT('',(1.727230380557E1,-6.298505022782E0,-2.02E1));
#8220=VERTEX_POINT('',#8219);
#8221=CARTESIAN_POINT('',(1.714247686693E1,-6.298505022782E0,-2.02E1));
#8222=VERTEX_POINT('',#8221);
#8223=CARTESIAN_POINT('',(1.716844222494E1,-6.378058545058E0,-2.02E1));
#8224=VERTEX_POINT('',#8223);
#8225=CARTESIAN_POINT('',(1.722037301526E1,-6.457612048762E0,-2.02E1));
#8226=VERTEX_POINT('',#8225);
#8227=CARTESIAN_POINT('',(1.729826908930E1,-6.510647727184E0,-2.02E1));
#8228=VERTEX_POINT('',#8227);
#8229=CARTESIAN_POINT('',(1.740213066993E1,-6.563683403284E0,-2.02E1));
#8230=VERTEX_POINT('',#8229);
#8231=CARTESIAN_POINT('',(1.750599225056E1,-6.590201240174E0,-2.02E1));
#8232=VERTEX_POINT('',#8231);
#8233=CARTESIAN_POINT('',(1.771371526325E1,-6.590201240174E0,-2.02E1));
#8234=VERTEX_POINT('',#8233);
#8235=CARTESIAN_POINT('',(1.781757684388E1,-6.563683403284E0,-2.02E1));
#8236=VERTEX_POINT('',#8235);
#8237=CARTESIAN_POINT('',(1.792143827593E1,-6.510647727184E0,-2.02E1));
#8238=VERTEX_POINT('',#8237);
#8239=CARTESIAN_POINT('',(2.12E1,5.6E0,0.E0));
#8240=CARTESIAN_POINT('',(1.55E1,1.13E1,0.E0));
#8241=VERTEX_POINT('',#8239);
#8242=VERTEX_POINT('',#8240);
#8243=CARTESIAN_POINT('',(2.17E1,5.6E0,-5.E-1));
#8244=CARTESIAN_POINT('',(1.55E1,1.18E1,-5.E-1));
#8245=VERTEX_POINT('',#8243);
#8246=VERTEX_POINT('',#8244);
#8247=CARTESIAN_POINT('',(2.12E1,-5.6E0,0.E0));
#8248=VERTEX_POINT('',#8247);
#8249=CARTESIAN_POINT('',(2.17E1,-5.599999999971E0,-5.E-1));
#8250=VERTEX_POINT('',#8249);
#8251=CARTESIAN_POINT('',(1.55E1,-1.13E1,0.E0));
#8252=VERTEX_POINT('',#8251);
#8253=CARTESIAN_POINT('',(1.55E1,-1.18E1,-5.E-1));
#8254=VERTEX_POINT('',#8253);
#8255=CARTESIAN_POINT('',(-1.55E1,-1.13E1,0.E0));
#8256=VERTEX_POINT('',#8255);
#8257=CARTESIAN_POINT('',(-1.549999999997E1,-1.18E1,-5.E-1));
#8258=VERTEX_POINT('',#8257);
#8259=CARTESIAN_POINT('',(-2.12E1,-5.6E0,0.E0));
#8260=VERTEX_POINT('',#8259);
#8261=CARTESIAN_POINT('',(-2.17E1,-5.6E0,-5.E-1));
#8262=VERTEX_POINT('',#8261);
#8263=CARTESIAN_POINT('',(-2.12E1,5.6E0,0.E0));
#8264=VERTEX_POINT('',#8263);
#8265=CARTESIAN_POINT('',(-2.17E1,5.599999999971E0,-5.E-1));
#8266=VERTEX_POINT('',#8265);
#8267=CARTESIAN_POINT('',(-1.55E1,1.13E1,0.E0));
#8268=VERTEX_POINT('',#8267);
#8269=CARTESIAN_POINT('',(-1.55E1,1.18E1,-5.E-1));
#8270=VERTEX_POINT('',#8269);
#8271=CARTESIAN_POINT('',(-4.5E0,1.18E1,-5.E-1));
#8272=VERTEX_POINT('',#8271);
#8273=CARTESIAN_POINT('',(3.04E1,9.699999999999E0,-2.15E1));
#8274=CARTESIAN_POINT('',(3.04E1,-6.200000000001E0,-2.15E1));
#8275=VERTEX_POINT('',#8273);
#8276=VERTEX_POINT('',#8274);
#8277=CARTESIAN_POINT('',(2.99E1,9.699999999999E0,-2.2E1));
#8278=CARTESIAN_POINT('',(2.99E1,-6.200000000001E0,-2.2E1));
#8279=VERTEX_POINT('',#8277);
#8280=VERTEX_POINT('',#8278);
#8281=CARTESIAN_POINT('',(-3.04E1,-1.104999999994E1,-2.15E1));
#8282=CARTESIAN_POINT('',(-3.04E1,-8.400000000001E0,-2.15E1));
#8283=VERTEX_POINT('',#8281);
#8284=VERTEX_POINT('',#8282);
#8285=CARTESIAN_POINT('',(-2.99E1,-1.105E1,-2.2E1));
#8286=CARTESIAN_POINT('',(-2.99E1,-8.400000000001E0,-2.2E1));
#8287=VERTEX_POINT('',#8285);
#8288=VERTEX_POINT('',#8286);
#8289=CARTESIAN_POINT('',(-2.54E1,-1.555E1,-2.2E1));
#8290=VERTEX_POINT('',#8289);
#8291=CARTESIAN_POINT('',(-2.54E1,-1.605E1,-2.15E1));
#8292=VERTEX_POINT('',#8291);
#8293=CARTESIAN_POINT('',(2.54E1,-1.555E1,-2.2E1));
#8294=VERTEX_POINT('',#8293);
#8295=CARTESIAN_POINT('',(2.539999999994E1,-1.605E1,-2.15E1));
#8296=VERTEX_POINT('',#8295);
#8297=CARTESIAN_POINT('',(2.99E1,-1.105E1,-2.2E1));
#8298=VERTEX_POINT('',#8297);
#8299=CARTESIAN_POINT('',(3.04E1,-1.105E1,-2.15E1));
#8300=VERTEX_POINT('',#8299);
#8301=CARTESIAN_POINT('',(2.99E1,-8.400000000001E0,-2.2E1));
#8302=VERTEX_POINT('',#8301);
#8303=CARTESIAN_POINT('',(3.04E1,-8.400000000001E0,-2.15E1));
#8304=VERTEX_POINT('',#8303);
#8305=CARTESIAN_POINT('',(-3.04E1,-6.200000000001E0,-2.15E1));
#8306=CARTESIAN_POINT('',(-3.04E1,9.699999999999E0,-2.15E1));
#8307=VERTEX_POINT('',#8305);
#8308=VERTEX_POINT('',#8306);
#8309=CARTESIAN_POINT('',(-2.99E1,-6.200000000001E0,-2.2E1));
#8310=CARTESIAN_POINT('',(-2.99E1,9.699999999999E0,-2.2E1));
#8311=VERTEX_POINT('',#8309);
#8312=VERTEX_POINT('',#8310);
#8313=CARTESIAN_POINT('',(2.54E1,1.605E1,-2.15E1));
#8314=CARTESIAN_POINT('',(3.032722031170E1,1.19E1,-2.15E1));
#8315=VERTEX_POINT('',#8313);
#8316=VERTEX_POINT('',#8314);
#8317=CARTESIAN_POINT('',(2.54E1,1.555E1,-2.2E1));
#8318=CARTESIAN_POINT('',(2.981899309798E1,1.19E1,-2.2E1));
#8319=VERTEX_POINT('',#8317);
#8320=VERTEX_POINT('',#8318);
#8321=CARTESIAN_POINT('',(-2.54E1,1.555E1,-2.2E1));
#8322=VERTEX_POINT('',#8321);
#8323=CARTESIAN_POINT('',(-2.539999999968E1,1.605E1,-2.15E1));
#8324=VERTEX_POINT('',#8323);
#8325=CARTESIAN_POINT('',(-2.981899309798E1,1.19E1,-2.2E1));
#8326=VERTEX_POINT('',#8325);
#8327=CARTESIAN_POINT('',(-3.032722031170E1,1.19E1,-2.15E1));
#8328=VERTEX_POINT('',#8327);
#8329=CARTESIAN_POINT('',(-2.27E1,-7.300000000001E0,-3.425E1));
#8330=CARTESIAN_POINT('',(-2.77E1,-7.300000000001E0,-3.425E1));
#8331=VERTEX_POINT('',#8329);
#8332=VERTEX_POINT('',#8330);
#8333=CARTESIAN_POINT('',(-2.22E1,-7.300000000001E0,-3.375E1));
#8334=CARTESIAN_POINT('',(-2.82E1,-7.300000000001E0,-3.375E1));
#8335=VERTEX_POINT('',#8333);
#8336=VERTEX_POINT('',#8334);
#8337=CARTESIAN_POINT('',(-2.12E1,1.08E1,-3.425E1));
#8338=CARTESIAN_POINT('',(-2.62E1,1.08E1,-3.425E1));
#8339=VERTEX_POINT('',#8337);
#8340=VERTEX_POINT('',#8338);
#8341=CARTESIAN_POINT('',(-2.07E1,1.08E1,-3.375E1));
#8342=CARTESIAN_POINT('',(-2.67E1,1.08E1,-3.375E1));
#8343=VERTEX_POINT('',#8341);
#8344=VERTEX_POINT('',#8342);
#8345=CARTESIAN_POINT('',(2.77E1,-7.300000000001E0,-3.425E1));
#8346=CARTESIAN_POINT('',(2.27E1,-7.300000000001E0,-3.425E1));
#8347=VERTEX_POINT('',#8345);
#8348=VERTEX_POINT('',#8346);
#8349=CARTESIAN_POINT('',(2.82E1,-7.300000000001E0,-3.375E1));
#8350=CARTESIAN_POINT('',(2.22E1,-7.300000000001E0,-3.375E1));
#8351=VERTEX_POINT('',#8349);
#8352=VERTEX_POINT('',#8350);
#8353=CARTESIAN_POINT('',(2.62E1,1.08E1,-3.425E1));
#8354=CARTESIAN_POINT('',(2.12E1,1.08E1,-3.425E1));
#8355=VERTEX_POINT('',#8353);
#8356=VERTEX_POINT('',#8354);
#8357=CARTESIAN_POINT('',(2.67E1,1.08E1,-3.375E1));
#8358=CARTESIAN_POINT('',(2.07E1,1.08E1,-3.375E1));
#8359=VERTEX_POINT('',#8357);
#8360=VERTEX_POINT('',#8358);
#8361=CARTESIAN_POINT('',(-2.860440890611E1,-8.400000000001E0,-2.2E1));
#8362=VERTEX_POINT('',#8361);
#8363=CARTESIAN_POINT('',(-2.860440890611E1,-6.200000000001E0,-2.2E1));
#8364=VERTEX_POINT('',#8363);
#8365=CARTESIAN_POINT('',(-2.710440890611E1,9.699999999999E0,-2.2E1));
#8366=VERTEX_POINT('',#8365);
#8367=CARTESIAN_POINT('',(-2.710440890611E1,1.19E1,-2.2E1));
#8368=VERTEX_POINT('',#8367);
#8369=CARTESIAN_POINT('',(-2.02E1,5.1E0,-9.9E0));
#8370=CARTESIAN_POINT('',(-2.01E1,5.1E0,-1.E1));
#8371=VERTEX_POINT('',#8369);
#8372=VERTEX_POINT('',#8370);
#8373=CARTESIAN_POINT('',(-2.01E1,4.3E0,-1.E1));
#8374=CARTESIAN_POINT('',(-2.02E1,4.3E0,-9.9E0));
#8375=VERTEX_POINT('',#8373);
#8376=VERTEX_POINT('',#8374);
#8377=CARTESIAN_POINT('',(-2.01E1,5.2E0,-1.01E1));
#8378=VERTEX_POINT('',#8377);
#8379=CARTESIAN_POINT('',(-2.01E1,4.2E0,-1.01E1));
#8380=VERTEX_POINT('',#8379);
#8381=CARTESIAN_POINT('',(2.860440890611E1,-6.200000000001E0,-2.85E1));
#8382=CARTESIAN_POINT('',(3.04E1,-6.200000000001E0,-2.85E1));
#8383=VERTEX_POINT('',#8381);
#8384=VERTEX_POINT('',#8382);
#8385=CARTESIAN_POINT('',(3.04E1,-8.400000000001E0,-2.85E1));
#8386=VERTEX_POINT('',#8385);
#8387=CARTESIAN_POINT('',(2.860440890611E1,-8.400000000001E0,-2.85E1));
#8388=VERTEX_POINT('',#8387);
#8389=CARTESIAN_POINT('',(2.710440890611E1,1.19E1,-2.85E1));
#8390=CARTESIAN_POINT('',(3.032722031170E1,1.19E1,-2.85E1));
#8391=VERTEX_POINT('',#8389);
#8392=VERTEX_POINT('',#8390);
#8393=CARTESIAN_POINT('',(3.04E1,1.105E1,-2.85E1));
#8394=VERTEX_POINT('',#8393);
#8395=CARTESIAN_POINT('',(3.04E1,9.699999999999E0,-2.85E1));
#8396=VERTEX_POINT('',#8395);
#8397=CARTESIAN_POINT('',(2.710440890611E1,9.699999999999E0,-2.85E1));
#8398=VERTEX_POINT('',#8397);
#8399=CARTESIAN_POINT('',(2.860440890611E1,-8.400000000001E0,-2.2E1));
#8400=VERTEX_POINT('',#8399);
#8401=CARTESIAN_POINT('',(2.860440890611E1,-6.200000000001E0,-2.2E1));
#8402=VERTEX_POINT('',#8401);
#8403=CARTESIAN_POINT('',(2.710440890611E1,9.699999999999E0,-2.2E1));
#8404=VERTEX_POINT('',#8403);
#8405=CARTESIAN_POINT('',(2.710440890611E1,1.19E1,-2.2E1));
#8406=VERTEX_POINT('',#8405);
#8407=CARTESIAN_POINT('',(-2.82E1,1.105E1,-1.85E1));
#8408=CARTESIAN_POINT('',(-2.54E1,1.385E1,-1.85E1));
#8409=VERTEX_POINT('',#8407);
#8410=VERTEX_POINT('',#8408);
#8411=CARTESIAN_POINT('',(-2.77E1,1.105E1,-1.9E1));
#8412=CARTESIAN_POINT('',(-2.54E1,1.335E1,-1.9E1));
#8413=VERTEX_POINT('',#8411);
#8414=VERTEX_POINT('',#8412);
#8415=CARTESIAN_POINT('',(2.539999999971E1,1.384999999964E1,-1.85E1));
#8416=VERTEX_POINT('',#8415);
#8417=CARTESIAN_POINT('',(2.539999999645E1,1.335E1,-1.9E1));
#8418=VERTEX_POINT('',#8417);
#8419=CARTESIAN_POINT('',(2.82E1,1.105E1,-1.85E1));
#8420=VERTEX_POINT('',#8419);
#8421=CARTESIAN_POINT('',(2.77E1,1.105E1,-1.9E1));
#8422=VERTEX_POINT('',#8421);
#8423=CARTESIAN_POINT('',(2.819999999964E1,-1.104999999971E1,-1.85E1));
#8424=VERTEX_POINT('',#8423);
#8425=CARTESIAN_POINT('',(2.77E1,-1.104999999645E1,-1.9E1));
#8426=VERTEX_POINT('',#8425);
#8427=CARTESIAN_POINT('',(2.54E1,-1.385E1,-1.85E1));
#8428=VERTEX_POINT('',#8427);
#8429=CARTESIAN_POINT('',(2.54E1,-1.335E1,-1.9E1));
#8430=VERTEX_POINT('',#8429);
#8431=CARTESIAN_POINT('',(-2.539999999971E1,-1.384999999964E1,-1.85E1));
#8432=VERTEX_POINT('',#8431);
#8433=CARTESIAN_POINT('',(-2.539999999645E1,-1.335E1,-1.9E1));
#8434=VERTEX_POINT('',#8433);
#8435=CARTESIAN_POINT('',(-2.82E1,-1.105E1,-1.85E1));
#8436=VERTEX_POINT('',#8435);
#8437=CARTESIAN_POINT('',(-2.77E1,-1.105E1,-1.9E1));
#8438=VERTEX_POINT('',#8437);
#8439=CARTESIAN_POINT('',(-2.98E1,-1.105E1,-1.85E1));
#8440=CARTESIAN_POINT('',(-2.54E1,-1.545E1,-1.85E1));
#8441=VERTEX_POINT('',#8439);
#8442=VERTEX_POINT('',#8440);
#8443=CARTESIAN_POINT('',(-3.03E1,-1.105E1,-1.9E1));
#8444=CARTESIAN_POINT('',(-2.54E1,-1.595E1,-1.9E1));
#8445=VERTEX_POINT('',#8443);
#8446=VERTEX_POINT('',#8444);
#8447=CARTESIAN_POINT('',(2.54E1,-1.545E1,-1.85E1));
#8448=VERTEX_POINT('',#8447);
#8449=CARTESIAN_POINT('',(2.539999999988E1,-1.595E1,-1.9E1));
#8450=VERTEX_POINT('',#8449);
#8451=CARTESIAN_POINT('',(2.98E1,-1.105E1,-1.85E1));
#8452=VERTEX_POINT('',#8451);
#8453=CARTESIAN_POINT('',(3.03E1,-1.105E1,-1.9E1));
#8454=VERTEX_POINT('',#8453);
#8455=CARTESIAN_POINT('',(2.98E1,1.105E1,-1.85E1));
#8456=VERTEX_POINT('',#8455);
#8457=CARTESIAN_POINT('',(3.03E1,1.104999999988E1,-1.9E1));
#8458=VERTEX_POINT('',#8457);
#8459=CARTESIAN_POINT('',(2.54E1,1.545E1,-1.85E1));
#8460=VERTEX_POINT('',#8459);
#8461=CARTESIAN_POINT('',(2.54E1,1.595E1,-1.9E1));
#8462=VERTEX_POINT('',#8461);
#8463=CARTESIAN_POINT('',(-2.54E1,1.545E1,-1.85E1));
#8464=VERTEX_POINT('',#8463);
#8465=CARTESIAN_POINT('',(-2.539999999988E1,1.595E1,-1.9E1));
#8466=VERTEX_POINT('',#8465);
#8467=CARTESIAN_POINT('',(-2.98E1,1.105E1,-1.85E1));
#8468=VERTEX_POINT('',#8467);
#8469=CARTESIAN_POINT('',(-3.03E1,1.105E1,-1.9E1));
#8470=VERTEX_POINT('',#8469);
#8471=CARTESIAN_POINT('',(-1.67E1,7.E0,-2.6E1));
#8472=CARTESIAN_POINT('',(1.67E1,7.E0,-2.6E1));
#8473=VERTEX_POINT('',#8471);
#8474=VERTEX_POINT('',#8472);
#8475=CARTESIAN_POINT('',(1.67E1,-7.E0,-2.6E1));
#8476=CARTESIAN_POINT('',(-1.67E1,-7.E0,-2.6E1));
#8477=VERTEX_POINT('',#8475);
#8478=VERTEX_POINT('',#8476);
#8479=CARTESIAN_POINT('',(2.874977327052E0,1.38E1,-3.9E0));
#8480=VERTEX_POINT('',#8479);
#8481=CARTESIAN_POINT('',(4.325022672948E0,1.38E1,-3.9E0));
#8482=VERTEX_POINT('',#8481);
#8483=CARTESIAN_POINT('',(-2.874977327052E0,1.38E1,-3.9E0));
#8484=VERTEX_POINT('',#8483);
#8485=CARTESIAN_POINT('',(-4.325022672948E0,1.38E1,-3.9E0));
#8486=VERTEX_POINT('',#8485);
#8487=CARTESIAN_POINT('',(-2.7E0,1.18E1,-5.E-1));
#8488=VERTEX_POINT('',#8487);
#8489=CARTESIAN_POINT('',(2.7E0,1.18E1,-5.E-1));
#8490=VERTEX_POINT('',#8489);
#8491=CARTESIAN_POINT('',(4.5E0,1.18E1,-5.E-1));
#8492=VERTEX_POINT('',#8491);
#8493=CARTESIAN_POINT('',(1.549999999999E1,-1.18E1,-1.95E1));
#8494=CARTESIAN_POINT('',(-1.55E1,-1.18E1,-1.95E1));
#8495=VERTEX_POINT('',#8493);
#8496=VERTEX_POINT('',#8494);
#8497=CARTESIAN_POINT('',(1.55E1,-1.23E1,-2.E1));
#8498=CARTESIAN_POINT('',(-1.55E1,-1.23E1,-2.E1));
#8499=VERTEX_POINT('',#8497);
#8500=VERTEX_POINT('',#8498);
#8501=CARTESIAN_POINT('',(-1.55E1,1.23E1,-2.E1));
#8502=CARTESIAN_POINT('',(1.55E1,1.23E1,-2.E1));
#8503=VERTEX_POINT('',#8501);
#8504=VERTEX_POINT('',#8502);
#8505=VERTEX_POINT('',#6559);
#8506=VERTEX_POINT('',#6574);
#8507=VERTEX_POINT('',#6526);
#8508=VERTEX_POINT('',#6533);
#8509=CARTESIAN_POINT('',(2.22E1,5.6E0,-2.E1));
#8510=VERTEX_POINT('',#8509);
#8511=CARTESIAN_POINT('',(-2.22E1,5.6E0,-2.E1));
#8512=VERTEX_POINT('',#8511);
#8513=CARTESIAN_POINT('',(-1.55E1,6.E0,-2.02E1));
#8514=CARTESIAN_POINT('',(-1.85E1,6.E0,-2.02E1));
#8515=VERTEX_POINT('',#8513);
#8516=VERTEX_POINT('',#8514);
#8517=CARTESIAN_POINT('',(1.85E1,-5.967032053538E0,-2.02E1));
#8518=CARTESIAN_POINT('',(1.55E1,-5.967032053538E0,-2.02E1));
#8519=VERTEX_POINT('',#8517);
#8520=VERTEX_POINT('',#8518);
#8521=CARTESIAN_POINT('',(-1.55E1,6.E0,-2.E1));
#8522=CARTESIAN_POINT('',(-1.85E1,6.E0,-2.E1));
#8523=VERTEX_POINT('',#8521);
#8524=VERTEX_POINT('',#8522);
#8525=CARTESIAN_POINT('',(1.85E1,-5.967032053538E0,-2.E1));
#8526=CARTESIAN_POINT('',(1.55E1,-5.967032053538E0,-2.E1));
#8527=VERTEX_POINT('',#8525);
#8528=VERTEX_POINT('',#8526);
#8529=CARTESIAN_POINT('',(-1.709420770334E1,6.498169186635E0,-1.98E1));
#8530=CARTESIAN_POINT('',(-1.725E1,6.312544344659E0,-1.98E1));
#8531=VERTEX_POINT('',#8529);
#8532=VERTEX_POINT('',#8530);
#8533=CARTESIAN_POINT('',(-1.725E1,6.100401593828E0,-1.98E1));
#8534=VERTEX_POINT('',#8533);
#8535=CARTESIAN_POINT('',(-1.709420770334E1,6.286026510091E0,-1.98E1));
#8536=VERTEX_POINT('',#8535);
#8537=CARTESIAN_POINT('',(-1.709420770334E1,5.251830813365E0,-1.98E1));
#8538=VERTEX_POINT('',#8537);
#8539=CARTESIAN_POINT('',(-1.693841540668E1,5.251830813365E0,-1.98E1));
#8540=VERTEX_POINT('',#8539);
#8541=CARTESIAN_POINT('',(-1.693841540668E1,6.498169186635E0,-1.98E1));
#8542=VERTEX_POINT('',#8541);
#8543=CARTESIAN_POINT('',(1.755792296659E1,-5.900737467118E0,-1.98E1));
#8544=CARTESIAN_POINT('',(1.755792296659E1,-6.006808805390E0,-1.98E1));
#8545=VERTEX_POINT('',#8543);
#8546=VERTEX_POINT('',#8544);
#8547=CARTESIAN_POINT('',(1.766178454722E1,-6.006808805390E0,-1.98E1));
#8548=VERTEX_POINT('',#8547);
#8549=CARTESIAN_POINT('',(1.781757684388E1,-6.033326639958E0,-1.98E1));
#8550=VERTEX_POINT('',#8549);
#8551=CARTESIAN_POINT('',(1.789547299221E1,-6.086362309094E0,-1.98E1));
#8552=VERTEX_POINT('',#8551);
#8553=CARTESIAN_POINT('',(1.794740370824E1,-6.192433684510E0,-1.98E1));
#8554=VERTEX_POINT('',#8553);
#8555=CARTESIAN_POINT('',(1.794740370824E1,-6.298505022782E0,-1.98E1));
#8556=VERTEX_POINT('',#8555);
#8557=CARTESIAN_POINT('',(1.792143827593E1,-6.351540691918E0,-1.98E1));
#8558=VERTEX_POINT('',#8557);
#8559=CARTESIAN_POINT('',(1.786950755991E1,-6.404576379626E0,-1.98E1));
#8560=VERTEX_POINT('',#8559);
#8561=CARTESIAN_POINT('',(1.781757684388E1,-6.431094214194E0,-1.98E1));
#8562=VERTEX_POINT('',#8561);
#8563=CARTESIAN_POINT('',(1.768774983095E1,-6.457612048762E0,-1.98E1));
#8564=VERTEX_POINT('',#8563);
#8565=CARTESIAN_POINT('',(1.753195753429E1,-6.457612048762E0,-1.98E1));
#8566=VERTEX_POINT('',#8565);
#8567=CARTESIAN_POINT('',(1.740213066993E1,-6.431094214194E0,-1.98E1));
#8568=VERTEX_POINT('',#8567);
#8569=CARTESIAN_POINT('',(1.735019995390E1,-6.404576379626E0,-1.98E1));
#8570=VERTEX_POINT('',#8569);
#8571=CARTESIAN_POINT('',(1.729826908930E1,-6.351540691918E0,-1.98E1));
#8572=VERTEX_POINT('',#8571);
#8573=CARTESIAN_POINT('',(1.727230380557E1,-6.298505022782E0,-1.98E1));
#8574=VERTEX_POINT('',#8573);
#8575=CARTESIAN_POINT('',(1.714247686693E1,-6.298505022782E0,-1.98E1));
#8576=VERTEX_POINT('',#8575);
#8577=CARTESIAN_POINT('',(1.716844222494E1,-6.378058545058E0,-1.98E1));
#8578=VERTEX_POINT('',#8577);
#8579=CARTESIAN_POINT('',(1.722037301526E1,-6.457612048762E0,-1.98E1));
#8580=VERTEX_POINT('',#8579);
#8581=CARTESIAN_POINT('',(1.729826908930E1,-6.510647727184E0,-1.98E1));
#8582=VERTEX_POINT('',#8581);
#8583=CARTESIAN_POINT('',(1.740213066993E1,-6.563683403284E0,-1.98E1));
#8584=VERTEX_POINT('',#8583);
#8585=CARTESIAN_POINT('',(1.750599225056E1,-6.590201240174E0,-1.98E1));
#8586=VERTEX_POINT('',#8585);
#8587=CARTESIAN_POINT('',(1.771371526325E1,-6.590201240174E0,-1.98E1));
#8588=VERTEX_POINT('',#8587);
#8589=CARTESIAN_POINT('',(1.781757684388E1,-6.563683403284E0,-1.98E1));
#8590=VERTEX_POINT('',#8589);
#8591=CARTESIAN_POINT('',(1.792143827593E1,-6.510647727184E0,-1.98E1));
#8592=VERTEX_POINT('',#8591);
#8593=CARTESIAN_POINT('',(1.799933442426E1,-6.457612048762E0,-1.98E1));
#8594=VERTEX_POINT('',#8593);
#8595=CARTESIAN_POINT('',(1.805126528887E1,-6.378058545058E0,-1.98E1));
#8596=VERTEX_POINT('',#8595);
#8597=CARTESIAN_POINT('',(1.807723057259E1,-6.298505022782E0,-1.98E1));
#8598=VERTEX_POINT('',#8597);
#8599=CARTESIAN_POINT('',(1.807723057259E1,-6.192433684510E0,-1.98E1));
#8600=VERTEX_POINT('',#8599);
#8601=CARTESIAN_POINT('',(1.805126528887E1,-6.086362309094E0,-1.98E1));
#8602=VERTEX_POINT('',#8601);
#8603=CARTESIAN_POINT('',(1.799933442426E1,-6.006808805390E0,-1.98E1));
#8604=VERTEX_POINT('',#8603);
#8605=CARTESIAN_POINT('',(1.786950755991E1,-5.953773136254E0,-1.98E1));
#8606=VERTEX_POINT('',#8605);
#8607=CARTESIAN_POINT('',(1.797336914054E1,-5.874219632550E0,-1.98E1));
#8608=VERTEX_POINT('',#8607);
#8609=CARTESIAN_POINT('',(1.802529985656E1,-5.794666128846E0,-1.98E1));
#8610=VERTEX_POINT('',#8609);
#8611=CARTESIAN_POINT('',(1.805126528887E1,-5.688594790574E0,-1.98E1));
#8612=VERTEX_POINT('',#8611);
#8613=CARTESIAN_POINT('',(1.805126528887E1,-5.635559047151E0,-1.98E1));
#8614=VERTEX_POINT('',#8613);
#8615=CARTESIAN_POINT('',(1.802529985656E1,-5.529487708879E0,-1.98E1));
#8616=VERTEX_POINT('',#8615);
#8617=CARTESIAN_POINT('',(1.792143827593E1,-5.423416370607E0,-1.98E1));
#8618=VERTEX_POINT('',#8617);
#8619=CARTESIAN_POINT('',(1.781757684388E1,-5.370380701471E0,-1.98E1));
#8620=VERTEX_POINT('',#8619);
#8621=CARTESIAN_POINT('',(1.763581911492E1,-5.343862866903E0,-1.98E1));
#8622=VERTEX_POINT('',#8621);
#8623=CARTESIAN_POINT('',(1.758388839889E1,-5.343862866903E0,-1.98E1));
#8624=VERTEX_POINT('',#8623);
#8625=CARTESIAN_POINT('',(1.740213066993E1,-5.370380701471E0,-1.98E1));
#8626=VERTEX_POINT('',#8625);
#8627=CARTESIAN_POINT('',(1.729826908930E1,-5.423416370607E0,-1.98E1));
#8628=VERTEX_POINT('',#8627);
#8629=CARTESIAN_POINT('',(1.719440758296E1,-5.529487708879E0,-1.98E1));
#8630=VERTEX_POINT('',#8629);
#8631=CARTESIAN_POINT('',(1.716844222494E1,-5.635559047151E0,-1.98E1));
#8632=VERTEX_POINT('',#8631);
#8633=CARTESIAN_POINT('',(1.729826908930E1,-5.635559047151E0,-1.98E1));
#8634=VERTEX_POINT('',#8633);
#8635=CARTESIAN_POINT('',(1.735019995390E1,-5.556005543447E0,-1.98E1));
#8636=VERTEX_POINT('',#8635);
#8637=CARTESIAN_POINT('',(1.742809610223E1,-5.502969874311E0,-1.98E1));
#8638=VERTEX_POINT('',#8637);
#8639=CARTESIAN_POINT('',(1.755792296659E1,-5.476452039743E0,-1.98E1));
#8640=VERTEX_POINT('',#8639);
#8641=CARTESIAN_POINT('',(1.766178454722E1,-5.476452039743E0,-1.98E1));
#8642=VERTEX_POINT('',#8641);
#8643=CARTESIAN_POINT('',(1.779161141158E1,-5.502969874311E0,-1.98E1));
#8644=VERTEX_POINT('',#8643);
#8645=CARTESIAN_POINT('',(1.786950755991E1,-5.556005543447E0,-1.98E1));
#8646=VERTEX_POINT('',#8645);
#8647=CARTESIAN_POINT('',(1.792143827593E1,-5.635559047151E0,-1.98E1));
#8648=VERTEX_POINT('',#8647);
#8649=CARTESIAN_POINT('',(1.792143827593E1,-5.688594790574E0,-1.98E1));
#8650=VERTEX_POINT('',#8649);
#8651=CARTESIAN_POINT('',(1.786950755991E1,-5.794666128846E0,-1.98E1));
#8652=VERTEX_POINT('',#8651);
#8653=CARTESIAN_POINT('',(1.781757684388E1,-5.847701797982E0,-1.98E1));
#8654=VERTEX_POINT('',#8653);
#8655=CARTESIAN_POINT('',(1.766178454722E1,-5.900737467118E0,-1.98E1));
#8656=VERTEX_POINT('',#8655);
#8657=CARTESIAN_POINT('',(1.615579229666E1,-5.635559047151E0,-1.98E1));
#8658=CARTESIAN_POINT('',(1.620772306840E1,-5.556005543447E0,-1.98E1));
#8659=VERTEX_POINT('',#8657);
#8660=VERTEX_POINT('',#8658);
#8661=CARTESIAN_POINT('',(1.628561921673E1,-5.502969874311E0,-1.98E1));
#8662=VERTEX_POINT('',#8661);
#8663=CARTESIAN_POINT('',(1.641544613680E1,-5.476452039743E0,-1.98E1));
#8664=VERTEX_POINT('',#8663);
#8665=CARTESIAN_POINT('',(1.651930764315E1,-5.476452039743E0,-1.98E1));
#8666=VERTEX_POINT('',#8665);
#8667=CARTESIAN_POINT('',(1.664913454465E1,-5.502969874311E0,-1.98E1));
#8668=VERTEX_POINT('',#8667);
#8669=CARTESIAN_POINT('',(1.672703069298E1,-5.556005543447E0,-1.98E1));
#8670=VERTEX_POINT('',#8669);
#8671=CARTESIAN_POINT('',(1.677896148329E1,-5.635559047151E0,-1.98E1));
#8672=VERTEX_POINT('',#8671);
#8673=CARTESIAN_POINT('',(1.677896148329E1,-5.688594790574E0,-1.98E1));
#8674=VERTEX_POINT('',#8673);
#8675=CARTESIAN_POINT('',(1.672703069298E1,-5.794666128846E0,-1.98E1));
#8676=VERTEX_POINT('',#8675);
#8677=CARTESIAN_POINT('',(1.6E1,-6.457612048762E0,-1.98E1));
#8678=VERTEX_POINT('',#8677);
#8679=CARTESIAN_POINT('',(1.6E1,-6.590201240174E0,-1.98E1));
#8680=VERTEX_POINT('',#8679);
#8681=CARTESIAN_POINT('',(1.693475377995E1,-6.590201240174E0,-1.98E1));
#8682=VERTEX_POINT('',#8681);
#8683=CARTESIAN_POINT('',(1.693475377995E1,-6.457612048762E0,-1.98E1));
#8684=VERTEX_POINT('',#8683);
#8685=CARTESIAN_POINT('',(1.620772306840E1,-6.457612048762E0,-1.98E1));
#8686=VERTEX_POINT('',#8685);
#8687=CARTESIAN_POINT('',(1.685685763162E1,-5.874219632550E0,-1.98E1));
#8688=VERTEX_POINT('',#8687);
#8689=CARTESIAN_POINT('',(1.690878842194E1,-5.794666128846E0,-1.98E1));
#8690=VERTEX_POINT('',#8689);
#8691=CARTESIAN_POINT('',(1.693475377995E1,-5.688594790574E0,-1.98E1));
#8692=VERTEX_POINT('',#8691);
#8693=CARTESIAN_POINT('',(1.693475377995E1,-5.635559047151E0,-1.98E1));
#8694=VERTEX_POINT('',#8693);
#8695=CARTESIAN_POINT('',(1.690878842194E1,-5.529487708879E0,-1.98E1));
#8696=VERTEX_POINT('',#8695);
#8697=CARTESIAN_POINT('',(1.680492684131E1,-5.423416370607E0,-1.98E1));
#8698=VERTEX_POINT('',#8697);
#8699=CARTESIAN_POINT('',(1.670106533496E1,-5.370380701471E0,-1.98E1));
#8700=VERTEX_POINT('',#8699);
#8701=CARTESIAN_POINT('',(1.654527303831E1,-5.343862866903E0,-1.98E1));
#8702=VERTEX_POINT('',#8701);
#8703=CARTESIAN_POINT('',(1.644141149482E1,-5.343862866903E0,-1.98E1));
#8704=VERTEX_POINT('',#8703);
#8705=CARTESIAN_POINT('',(1.625965382157E1,-5.370380701471E0,-1.98E1));
#8706=VERTEX_POINT('',#8705);
#8707=CARTESIAN_POINT('',(1.615579229666E1,-5.423416370607E0,-1.98E1));
#8708=VERTEX_POINT('',#8707);
#8709=CARTESIAN_POINT('',(1.605193076710E1,-5.529487708879E0,-1.98E1));
#8710=VERTEX_POINT('',#8709);
#8711=CARTESIAN_POINT('',(1.602596538355E1,-5.635559047151E0,-1.98E1));
#8712=VERTEX_POINT('',#8711);
#8713=CARTESIAN_POINT('',(-1.185E1,-1.02E1,-1.E1));
#8714=CARTESIAN_POINT('',(-1.185E1,-9.1E0,-1.E1));
#8715=VERTEX_POINT('',#8713);
#8716=VERTEX_POINT('',#8714);
#8717=CARTESIAN_POINT('',(-1.175E1,-1.02E1,-1.01E1));
#8718=CARTESIAN_POINT('',(-1.175E1,-9.099999987139E0,-1.01E1));
#8719=VERTEX_POINT('',#8717);
#8720=VERTEX_POINT('',#8718);
#8721=CARTESIAN_POINT('',(-1.265E1,-9.1E0,-1.E1));
#8722=VERTEX_POINT('',#8721);
#8723=CARTESIAN_POINT('',(-1.275E1,-9.1E0,-1.01E1));
#8724=VERTEX_POINT('',#8723);
#8725=CARTESIAN_POINT('',(-1.275E1,-1.02E1,-1.01E1));
#8726=VERTEX_POINT('',#8725);
#8727=CARTESIAN_POINT('',(-1.265E1,-1.02E1,-1.E1));
#8728=VERTEX_POINT('',#8727);
#8729=CARTESIAN_POINT('',(-1.265E1,-1.03E1,-9.9E0));
#8730=CARTESIAN_POINT('',(-1.185E1,-1.03E1,-9.9E0));
#8731=VERTEX_POINT('',#8729);
#8732=VERTEX_POINT('',#8730);
#8733=CARTESIAN_POINT('',(-1.275E1,-1.03E1,-1.007320508076E1));
#8734=VERTEX_POINT('',#8733);
#8735=CARTESIAN_POINT('',(-1.175E1,-1.03E1,-1.007320508076E1));
#8736=VERTEX_POINT('',#8735);
#8737=CARTESIAN_POINT('',(-8.35E0,-1.02E1,-1.E1));
#8738=CARTESIAN_POINT('',(-8.350000000001E0,-9.1E0,-1.E1));
#8739=VERTEX_POINT('',#8737);
#8740=VERTEX_POINT('',#8738);
#8741=CARTESIAN_POINT('',(-8.25E0,-1.02E1,-1.01E1));
#8742=CARTESIAN_POINT('',(-8.25E0,-9.099999987139E0,-1.01E1));
#8743=VERTEX_POINT('',#8741);
#8744=VERTEX_POINT('',#8742);
#8745=CARTESIAN_POINT('',(-9.15E0,-9.1E0,-1.E1));
#8746=VERTEX_POINT('',#8745);
#8747=CARTESIAN_POINT('',(-9.25E0,-9.1E0,-1.01E1));
#8748=VERTEX_POINT('',#8747);
#8749=CARTESIAN_POINT('',(-9.25E0,-1.02E1,-1.01E1));
#8750=VERTEX_POINT('',#8749);
#8751=CARTESIAN_POINT('',(-9.15E0,-1.02E1,-1.E1));
#8752=VERTEX_POINT('',#8751);
#8753=CARTESIAN_POINT('',(-9.15E0,-1.03E1,-9.9E0));
#8754=CARTESIAN_POINT('',(-8.35E0,-1.03E1,-9.9E0));
#8755=VERTEX_POINT('',#8753);
#8756=VERTEX_POINT('',#8754);
#8757=CARTESIAN_POINT('',(-9.25E0,-1.03E1,-1.007320508076E1));
#8758=VERTEX_POINT('',#8757);
#8759=CARTESIAN_POINT('',(-8.25E0,-1.03E1,-1.007320508076E1));
#8760=VERTEX_POINT('',#8759);
#8761=CARTESIAN_POINT('',(-4.85E0,-1.02E1,-1.E1));
#8762=CARTESIAN_POINT('',(-4.850000000001E0,-9.1E0,-1.E1));
#8763=VERTEX_POINT('',#8761);
#8764=VERTEX_POINT('',#8762);
#8765=CARTESIAN_POINT('',(-4.75E0,-1.02E1,-1.01E1));
#8766=CARTESIAN_POINT('',(-4.75E0,-9.099999987139E0,-1.01E1));
#8767=VERTEX_POINT('',#8765);
#8768=VERTEX_POINT('',#8766);
#8769=CARTESIAN_POINT('',(-5.65E0,-9.1E0,-1.E1));
#8770=VERTEX_POINT('',#8769);
#8771=CARTESIAN_POINT('',(-5.75E0,-9.1E0,-1.01E1));
#8772=VERTEX_POINT('',#8771);
#8773=CARTESIAN_POINT('',(-5.75E0,-1.02E1,-1.01E1));
#8774=VERTEX_POINT('',#8773);
#8775=CARTESIAN_POINT('',(-5.65E0,-1.02E1,-1.E1));
#8776=VERTEX_POINT('',#8775);
#8777=CARTESIAN_POINT('',(-5.65E0,-1.03E1,-9.9E0));
#8778=CARTESIAN_POINT('',(-4.85E0,-1.03E1,-9.9E0));
#8779=VERTEX_POINT('',#8777);
#8780=VERTEX_POINT('',#8778);
#8781=CARTESIAN_POINT('',(-5.75E0,-1.03E1,-1.007320508076E1));
#8782=VERTEX_POINT('',#8781);
#8783=CARTESIAN_POINT('',(-4.75E0,-1.03E1,-1.007320508076E1));
#8784=VERTEX_POINT('',#8783);
#8785=CARTESIAN_POINT('',(-1.35E0,-1.02E1,-1.E1));
#8786=CARTESIAN_POINT('',(-1.35E0,-9.1E0,-1.E1));
#8787=VERTEX_POINT('',#8785);
#8788=VERTEX_POINT('',#8786);
#8789=CARTESIAN_POINT('',(-1.25E0,-1.02E1,-1.01E1));
#8790=CARTESIAN_POINT('',(-1.25E0,-9.099999996393E0,-1.01E1));
#8791=VERTEX_POINT('',#8789);
#8792=VERTEX_POINT('',#8790);
#8793=CARTESIAN_POINT('',(-2.15E0,-9.1E0,-1.E1));
#8794=VERTEX_POINT('',#8793);
#8795=CARTESIAN_POINT('',(-2.25E0,-9.1E0,-1.01E1));
#8796=VERTEX_POINT('',#8795);
#8797=CARTESIAN_POINT('',(-2.25E0,-1.02E1,-1.01E1));
#8798=VERTEX_POINT('',#8797);
#8799=CARTESIAN_POINT('',(-2.15E0,-1.02E1,-1.E1));
#8800=VERTEX_POINT('',#8799);
#8801=CARTESIAN_POINT('',(-2.15E0,-1.03E1,-9.9E0));
#8802=CARTESIAN_POINT('',(-1.35E0,-1.03E1,-9.9E0));
#8803=VERTEX_POINT('',#8801);
#8804=VERTEX_POINT('',#8802);
#8805=CARTESIAN_POINT('',(-2.25E0,-1.03E1,-1.007320508076E1));
#8806=VERTEX_POINT('',#8805);
#8807=CARTESIAN_POINT('',(-1.25E0,-1.03E1,-1.007320508076E1));
#8808=VERTEX_POINT('',#8807);
#8809=CARTESIAN_POINT('',(2.15E0,-1.02E1,-1.E1));
#8810=CARTESIAN_POINT('',(2.149999999999E0,-9.1E0,-1.E1));
#8811=VERTEX_POINT('',#8809);
#8812=VERTEX_POINT('',#8810);
#8813=CARTESIAN_POINT('',(2.25E0,-1.02E1,-1.01E1));
#8814=CARTESIAN_POINT('',(2.25E0,-9.099999987139E0,-1.01E1));
#8815=VERTEX_POINT('',#8813);
#8816=VERTEX_POINT('',#8814);
#8817=CARTESIAN_POINT('',(1.35E0,-9.1E0,-1.E1));
#8818=VERTEX_POINT('',#8817);
#8819=CARTESIAN_POINT('',(1.25E0,-9.1E0,-1.01E1));
#8820=VERTEX_POINT('',#8819);
#8821=CARTESIAN_POINT('',(1.25E0,-1.02E1,-1.01E1));
#8822=VERTEX_POINT('',#8821);
#8823=CARTESIAN_POINT('',(1.35E0,-1.02E1,-1.E1));
#8824=VERTEX_POINT('',#8823);
#8825=CARTESIAN_POINT('',(1.35E0,-1.03E1,-9.9E0));
#8826=CARTESIAN_POINT('',(2.15E0,-1.03E1,-9.9E0));
#8827=VERTEX_POINT('',#8825);
#8828=VERTEX_POINT('',#8826);
#8829=CARTESIAN_POINT('',(1.25E0,-1.03E1,-1.007320508076E1));
#8830=VERTEX_POINT('',#8829);
#8831=CARTESIAN_POINT('',(2.25E0,-1.03E1,-1.007320508076E1));
#8832=VERTEX_POINT('',#8831);
#8833=CARTESIAN_POINT('',(4.675E0,-1.03E1,-9.9E0));
#8834=CARTESIAN_POINT('',(5.825E0,-1.03E1,-9.9E0));
#8835=VERTEX_POINT('',#8833);
#8836=VERTEX_POINT('',#8834);
#8837=CARTESIAN_POINT('',(4.675E0,-1.02E1,-1.E1));
#8838=CARTESIAN_POINT('',(5.825E0,-1.02E1,-1.E1));
#8839=VERTEX_POINT('',#8837);
#8840=VERTEX_POINT('',#8838);
#8841=CARTESIAN_POINT('',(5.824999999999E0,-8.075E0,-1.E1));
#8842=VERTEX_POINT('',#8841);
#8843=CARTESIAN_POINT('',(5.925E0,-1.02E1,-1.01E1));
#8844=CARTESIAN_POINT('',(5.925E0,-8.074999997714E0,-1.01E1));
#8845=VERTEX_POINT('',#8843);
#8846=VERTEX_POINT('',#8844);
#8847=CARTESIAN_POINT('',(4.675E0,-8.075E0,-1.E1));
#8848=VERTEX_POINT('',#8847);
#8849=CARTESIAN_POINT('',(4.575E0,-8.075E0,-1.01E1));
#8850=VERTEX_POINT('',#8849);
#8851=CARTESIAN_POINT('',(4.575E0,-1.02E1,-1.01E1));
#8852=VERTEX_POINT('',#8851);
#8853=CARTESIAN_POINT('',(4.575E0,-1.03E1,-1.007320508076E1));
#8854=VERTEX_POINT('',#8853);
#8855=CARTESIAN_POINT('',(5.925E0,-1.03E1,-1.007320508076E1));
#8856=VERTEX_POINT('',#8855);
#8857=CARTESIAN_POINT('',(9.15E0,-1.02E1,-1.E1));
#8858=CARTESIAN_POINT('',(9.15E0,-9.1E0,-1.E1));
#8859=VERTEX_POINT('',#8857);
#8860=VERTEX_POINT('',#8858);
#8861=CARTESIAN_POINT('',(9.25E0,-1.02E1,-1.01E1));
#8862=CARTESIAN_POINT('',(9.25E0,-9.099999996393E0,-1.01E1));
#8863=VERTEX_POINT('',#8861);
#8864=VERTEX_POINT('',#8862);
#8865=CARTESIAN_POINT('',(8.35E0,-9.1E0,-1.E1));
#8866=VERTEX_POINT('',#8865);
#8867=CARTESIAN_POINT('',(8.25E0,-9.1E0,-1.01E1));
#8868=VERTEX_POINT('',#8867);
#8869=CARTESIAN_POINT('',(8.25E0,-1.02E1,-1.01E1));
#8870=VERTEX_POINT('',#8869);
#8871=CARTESIAN_POINT('',(8.35E0,-1.02E1,-1.E1));
#8872=VERTEX_POINT('',#8871);
#8873=CARTESIAN_POINT('',(8.35E0,-1.03E1,-9.9E0));
#8874=CARTESIAN_POINT('',(9.15E0,-1.03E1,-9.9E0));
#8875=VERTEX_POINT('',#8873);
#8876=VERTEX_POINT('',#8874);
#8877=CARTESIAN_POINT('',(8.25E0,-1.03E1,-1.007320508076E1));
#8878=VERTEX_POINT('',#8877);
#8879=CARTESIAN_POINT('',(9.25E0,-1.03E1,-1.007320508076E1));
#8880=VERTEX_POINT('',#8879);
#8881=CARTESIAN_POINT('',(1.265E1,-1.02E1,-1.E1));
#8882=CARTESIAN_POINT('',(1.265E1,-9.1E0,-1.E1));
#8883=VERTEX_POINT('',#8881);
#8884=VERTEX_POINT('',#8882);
#8885=CARTESIAN_POINT('',(1.275E1,-1.02E1,-1.01E1));
#8886=CARTESIAN_POINT('',(1.275E1,-9.099999996393E0,-1.01E1));
#8887=VERTEX_POINT('',#8885);
#8888=VERTEX_POINT('',#8886);
#8889=CARTESIAN_POINT('',(1.185E1,-9.1E0,-1.E1));
#8890=VERTEX_POINT('',#8889);
#8891=CARTESIAN_POINT('',(1.175E1,-9.1E0,-1.01E1));
#8892=VERTEX_POINT('',#8891);
#8893=CARTESIAN_POINT('',(1.175E1,-1.02E1,-1.01E1));
#8894=VERTEX_POINT('',#8893);
#8895=CARTESIAN_POINT('',(1.185E1,-1.02E1,-1.E1));
#8896=VERTEX_POINT('',#8895);
#8897=CARTESIAN_POINT('',(1.185E1,-1.03E1,-9.9E0));
#8898=CARTESIAN_POINT('',(1.265E1,-1.03E1,-9.9E0));
#8899=VERTEX_POINT('',#8897);
#8900=VERTEX_POINT('',#8898);
#8901=CARTESIAN_POINT('',(1.175E1,-1.03E1,-1.007320508076E1));
#8902=VERTEX_POINT('',#8901);
#8903=CARTESIAN_POINT('',(1.275E1,-1.03E1,-1.007320508076E1));
#8904=VERTEX_POINT('',#8903);
#8905=CARTESIAN_POINT('',(1.265E1,1.03E1,-9.9E0));
#8906=CARTESIAN_POINT('',(1.185E1,1.03E1,-9.9E0));
#8907=VERTEX_POINT('',#8905);
#8908=VERTEX_POINT('',#8906);
#8909=CARTESIAN_POINT('',(1.265E1,1.02E1,-1.E1));
#8910=CARTESIAN_POINT('',(1.185E1,1.02E1,-1.E1));
#8911=VERTEX_POINT('',#8909);
#8912=VERTEX_POINT('',#8910);
#8913=CARTESIAN_POINT('',(1.185E1,9.1E0,-1.E1));
#8914=VERTEX_POINT('',#8913);
#8915=CARTESIAN_POINT('',(1.175E1,1.02E1,-1.01E1));
#8916=CARTESIAN_POINT('',(1.175E1,9.099999996393E0,-1.01E1));
#8917=VERTEX_POINT('',#8915);
#8918=VERTEX_POINT('',#8916);
#8919=CARTESIAN_POINT('',(1.265E1,9.1E0,-1.E1));
#8920=VERTEX_POINT('',#8919);
#8921=CARTESIAN_POINT('',(1.275E1,9.1E0,-1.01E1));
#8922=VERTEX_POINT('',#8921);
#8923=CARTESIAN_POINT('',(1.275E1,1.02E1,-1.01E1));
#8924=VERTEX_POINT('',#8923);
#8925=CARTESIAN_POINT('',(1.275E1,1.03E1,-1.007320508076E1));
#8926=VERTEX_POINT('',#8925);
#8927=CARTESIAN_POINT('',(1.175E1,1.03E1,-1.007320508076E1));
#8928=VERTEX_POINT('',#8927);
#8929=CARTESIAN_POINT('',(9.15E0,1.03E1,-9.9E0));
#8930=CARTESIAN_POINT('',(8.35E0,1.03E1,-9.9E0));
#8931=VERTEX_POINT('',#8929);
#8932=VERTEX_POINT('',#8930);
#8933=CARTESIAN_POINT('',(9.15E0,1.02E1,-1.E1));
#8934=CARTESIAN_POINT('',(8.35E0,1.02E1,-1.E1));
#8935=VERTEX_POINT('',#8933);
#8936=VERTEX_POINT('',#8934);
#8937=CARTESIAN_POINT('',(8.35E0,9.1E0,-1.E1));
#8938=VERTEX_POINT('',#8937);
#8939=CARTESIAN_POINT('',(8.25E0,1.02E1,-1.01E1));
#8940=CARTESIAN_POINT('',(8.25E0,9.099999996393E0,-1.01E1));
#8941=VERTEX_POINT('',#8939);
#8942=VERTEX_POINT('',#8940);
#8943=CARTESIAN_POINT('',(9.15E0,9.1E0,-1.E1));
#8944=VERTEX_POINT('',#8943);
#8945=CARTESIAN_POINT('',(9.25E0,9.1E0,-1.01E1));
#8946=VERTEX_POINT('',#8945);
#8947=CARTESIAN_POINT('',(9.25E0,1.02E1,-1.01E1));
#8948=VERTEX_POINT('',#8947);
#8949=CARTESIAN_POINT('',(9.25E0,1.03E1,-1.007320508076E1));
#8950=VERTEX_POINT('',#8949);
#8951=CARTESIAN_POINT('',(8.25E0,1.03E1,-1.007320508076E1));
#8952=VERTEX_POINT('',#8951);
#8953=CARTESIAN_POINT('',(5.65E0,1.03E1,-9.9E0));
#8954=CARTESIAN_POINT('',(4.85E0,1.03E1,-9.9E0));
#8955=VERTEX_POINT('',#8953);
#8956=VERTEX_POINT('',#8954);
#8957=CARTESIAN_POINT('',(5.65E0,1.02E1,-1.E1));
#8958=CARTESIAN_POINT('',(4.85E0,1.02E1,-1.E1));
#8959=VERTEX_POINT('',#8957);
#8960=VERTEX_POINT('',#8958);
#8961=CARTESIAN_POINT('',(4.85E0,9.1E0,-1.E1));
#8962=VERTEX_POINT('',#8961);
#8963=CARTESIAN_POINT('',(4.75E0,1.02E1,-1.01E1));
#8964=CARTESIAN_POINT('',(4.75E0,9.099999996393E0,-1.01E1));
#8965=VERTEX_POINT('',#8963);
#8966=VERTEX_POINT('',#8964);
#8967=CARTESIAN_POINT('',(5.65E0,9.1E0,-1.E1));
#8968=VERTEX_POINT('',#8967);
#8969=CARTESIAN_POINT('',(5.75E0,9.1E0,-1.01E1));
#8970=VERTEX_POINT('',#8969);
#8971=CARTESIAN_POINT('',(5.75E0,1.02E1,-1.01E1));
#8972=VERTEX_POINT('',#8971);
#8973=CARTESIAN_POINT('',(5.75E0,1.03E1,-1.007320508076E1));
#8974=VERTEX_POINT('',#8973);
#8975=CARTESIAN_POINT('',(4.75E0,1.03E1,-1.007320508076E1));
#8976=VERTEX_POINT('',#8975);
#8977=CARTESIAN_POINT('',(1.35E0,1.02E1,-1.E1));
#8978=CARTESIAN_POINT('',(1.35E0,9.1E0,-1.E1));
#8979=VERTEX_POINT('',#8977);
#8980=VERTEX_POINT('',#8978);
#8981=CARTESIAN_POINT('',(1.25E0,1.02E1,-1.01E1));
#8982=CARTESIAN_POINT('',(1.25E0,9.099999996393E0,-1.01E1));
#8983=VERTEX_POINT('',#8981);
#8984=VERTEX_POINT('',#8982);
#8985=CARTESIAN_POINT('',(2.15E0,9.1E0,-1.E1));
#8986=VERTEX_POINT('',#8985);
#8987=CARTESIAN_POINT('',(2.25E0,9.1E0,-1.01E1));
#8988=VERTEX_POINT('',#8987);
#8989=CARTESIAN_POINT('',(2.25E0,1.02E1,-1.01E1));
#8990=VERTEX_POINT('',#8989);
#8991=CARTESIAN_POINT('',(2.15E0,1.02E1,-1.E1));
#8992=VERTEX_POINT('',#8991);
#8993=CARTESIAN_POINT('',(2.15E0,1.03E1,-9.9E0));
#8994=CARTESIAN_POINT('',(1.35E0,1.03E1,-9.9E0));
#8995=VERTEX_POINT('',#8993);
#8996=VERTEX_POINT('',#8994);
#8997=CARTESIAN_POINT('',(2.25E0,1.03E1,-1.007320508076E1));
#8998=VERTEX_POINT('',#8997);
#8999=CARTESIAN_POINT('',(1.25E0,1.03E1,-1.007320508076E1));
#9000=VERTEX_POINT('',#8999);
#9001=CARTESIAN_POINT('',(-2.325E0,1.02E1,-1.E1));
#9002=CARTESIAN_POINT('',(-2.325E0,8.075E0,-1.E1));
#9003=VERTEX_POINT('',#9001);
#9004=VERTEX_POINT('',#9002);
#9005=CARTESIAN_POINT('',(-2.425E0,1.02E1,-1.01E1));
#9006=CARTESIAN_POINT('',(-2.425E0,8.074999992960E0,-1.01E1));
#9007=VERTEX_POINT('',#9005);
#9008=VERTEX_POINT('',#9006);
#9009=CARTESIAN_POINT('',(-1.175E0,8.075E0,-1.E1));
#9010=VERTEX_POINT('',#9009);
#9011=CARTESIAN_POINT('',(-1.075E0,8.075E0,-1.01E1));
#9012=VERTEX_POINT('',#9011);
#9013=CARTESIAN_POINT('',(-1.075E0,1.02E1,-1.01E1));
#9014=VERTEX_POINT('',#9013);
#9015=CARTESIAN_POINT('',(-1.175E0,1.02E1,-1.E1));
#9016=VERTEX_POINT('',#9015);
#9017=CARTESIAN_POINT('',(-1.175E0,1.03E1,-9.9E0));
#9018=CARTESIAN_POINT('',(-2.325E0,1.03E1,-9.9E0));
#9019=VERTEX_POINT('',#9017);
#9020=VERTEX_POINT('',#9018);
#9021=CARTESIAN_POINT('',(-1.075E0,1.03E1,-1.007320508076E1));
#9022=VERTEX_POINT('',#9021);
#9023=CARTESIAN_POINT('',(-2.425E0,1.03E1,-1.007320508076E1));
#9024=VERTEX_POINT('',#9023);
#9025=CARTESIAN_POINT('',(-4.85E0,1.03E1,-9.9E0));
#9026=CARTESIAN_POINT('',(-5.65E0,1.03E1,-9.9E0));
#9027=VERTEX_POINT('',#9025);
#9028=VERTEX_POINT('',#9026);
#9029=CARTESIAN_POINT('',(-4.85E0,1.02E1,-1.E1));
#9030=CARTESIAN_POINT('',(-5.65E0,1.02E1,-1.E1));
#9031=VERTEX_POINT('',#9029);
#9032=VERTEX_POINT('',#9030);
#9033=CARTESIAN_POINT('',(-5.65E0,9.1E0,-1.E1));
#9034=VERTEX_POINT('',#9033);
#9035=CARTESIAN_POINT('',(-5.75E0,1.02E1,-1.01E1));
#9036=CARTESIAN_POINT('',(-5.75E0,9.099999996393E0,-1.01E1));
#9037=VERTEX_POINT('',#9035);
#9038=VERTEX_POINT('',#9036);
#9039=CARTESIAN_POINT('',(-4.85E0,9.1E0,-1.E1));
#9040=VERTEX_POINT('',#9039);
#9041=CARTESIAN_POINT('',(-4.75E0,9.1E0,-1.01E1));
#9042=VERTEX_POINT('',#9041);
#9043=CARTESIAN_POINT('',(-4.75E0,1.02E1,-1.01E1));
#9044=VERTEX_POINT('',#9043);
#9045=CARTESIAN_POINT('',(-4.75E0,1.03E1,-1.007320508076E1));
#9046=VERTEX_POINT('',#9045);
#9047=CARTESIAN_POINT('',(-5.75E0,1.03E1,-1.007320508076E1));
#9048=VERTEX_POINT('',#9047);
#9049=CARTESIAN_POINT('',(-8.35E0,1.03E1,-9.9E0));
#9050=CARTESIAN_POINT('',(-9.15E0,1.03E1,-9.9E0));
#9051=VERTEX_POINT('',#9049);
#9052=VERTEX_POINT('',#9050);
#9053=CARTESIAN_POINT('',(-8.35E0,1.02E1,-1.E1));
#9054=CARTESIAN_POINT('',(-9.15E0,1.02E1,-1.E1));
#9055=VERTEX_POINT('',#9053);
#9056=VERTEX_POINT('',#9054);
#9057=CARTESIAN_POINT('',(-9.15E0,9.1E0,-1.E1));
#9058=VERTEX_POINT('',#9057);
#9059=CARTESIAN_POINT('',(-9.25E0,1.02E1,-1.01E1));
#9060=CARTESIAN_POINT('',(-9.25E0,9.099999996393E0,-1.01E1));
#9061=VERTEX_POINT('',#9059);
#9062=VERTEX_POINT('',#9060);
#9063=CARTESIAN_POINT('',(-8.35E0,9.1E0,-1.E1));
#9064=VERTEX_POINT('',#9063);
#9065=CARTESIAN_POINT('',(-8.25E0,9.1E0,-1.01E1));
#9066=VERTEX_POINT('',#9065);
#9067=CARTESIAN_POINT('',(-8.25E0,1.02E1,-1.01E1));
#9068=VERTEX_POINT('',#9067);
#9069=CARTESIAN_POINT('',(-8.25E0,1.03E1,-1.007320508076E1));
#9070=VERTEX_POINT('',#9069);
#9071=CARTESIAN_POINT('',(-9.25E0,1.03E1,-1.007320508076E1));
#9072=VERTEX_POINT('',#9071);
#9073=CARTESIAN_POINT('',(-1.185E1,1.03E1,-9.9E0));
#9074=CARTESIAN_POINT('',(-1.265E1,1.03E1,-9.9E0));
#9075=VERTEX_POINT('',#9073);
#9076=VERTEX_POINT('',#9074);
#9077=CARTESIAN_POINT('',(-1.185E1,1.02E1,-1.E1));
#9078=CARTESIAN_POINT('',(-1.265E1,1.02E1,-1.E1));
#9079=VERTEX_POINT('',#9077);
#9080=VERTEX_POINT('',#9078);
#9081=CARTESIAN_POINT('',(-1.265E1,9.1E0,-1.E1));
#9082=VERTEX_POINT('',#9081);
#9083=CARTESIAN_POINT('',(-1.275E1,1.02E1,-1.01E1));
#9084=CARTESIAN_POINT('',(-1.275E1,9.099999996393E0,-1.01E1));
#9085=VERTEX_POINT('',#9083);
#9086=VERTEX_POINT('',#9084);
#9087=CARTESIAN_POINT('',(-1.185E1,9.1E0,-1.E1));
#9088=VERTEX_POINT('',#9087);
#9089=CARTESIAN_POINT('',(-1.175E1,9.1E0,-1.01E1));
#9090=VERTEX_POINT('',#9089);
#9091=CARTESIAN_POINT('',(-1.175E1,1.02E1,-1.01E1));
#9092=VERTEX_POINT('',#9091);
#9093=CARTESIAN_POINT('',(-1.175E1,1.03E1,-1.007320508076E1));
#9094=VERTEX_POINT('',#9093);
#9095=CARTESIAN_POINT('',(-1.275E1,1.03E1,-1.007320508076E1));
#9096=VERTEX_POINT('',#9095);
#9097=CARTESIAN_POINT('',(-1.9E1,4.300000000001E0,-1.E1));
#9098=VERTEX_POINT('',#9097);
#9099=CARTESIAN_POINT('',(-1.899999998821E1,4.2E0,-1.01E1));
#9100=VERTEX_POINT('',#9099);
#9101=CARTESIAN_POINT('',(-1.9E1,5.1E0,-1.E1));
#9102=VERTEX_POINT('',#9101);
#9103=CARTESIAN_POINT('',(-1.9E1,5.2E0,-1.01E1));
#9104=VERTEX_POINT('',#9103);
#9105=CARTESIAN_POINT('',(-2.02E1,5.2E0,-1.007320508076E1));
#9106=VERTEX_POINT('',#9105);
#9107=CARTESIAN_POINT('',(-2.02E1,4.2E0,-1.007320508076E1));
#9108=VERTEX_POINT('',#9107);
#9109=CARTESIAN_POINT('',(-2.01E1,-5.1E0,-1.E1));
#9110=CARTESIAN_POINT('',(-1.9E1,-5.099999999999E0,-1.E1));
#9111=VERTEX_POINT('',#9109);
#9112=VERTEX_POINT('',#9110);
#9113=CARTESIAN_POINT('',(-2.01E1,-5.2E0,-1.01E1));
#9114=CARTESIAN_POINT('',(-1.899999998821E1,-5.2E0,-1.01E1));
#9115=VERTEX_POINT('',#9113);
#9116=VERTEX_POINT('',#9114);
#9117=CARTESIAN_POINT('',(-1.9E1,-4.3E0,-1.E1));
#9118=VERTEX_POINT('',#9117);
#9119=CARTESIAN_POINT('',(-1.9E1,-4.2E0,-1.01E1));
#9120=VERTEX_POINT('',#9119);
#9121=CARTESIAN_POINT('',(-2.01E1,-4.2E0,-1.01E1));
#9122=VERTEX_POINT('',#9121);
#9123=CARTESIAN_POINT('',(-2.01E1,-4.3E0,-1.E1));
#9124=VERTEX_POINT('',#9123);
#9125=CARTESIAN_POINT('',(-2.02E1,-4.3E0,-9.9E0));
#9126=CARTESIAN_POINT('',(-2.02E1,-5.1E0,-9.9E0));
#9127=VERTEX_POINT('',#9125);
#9128=VERTEX_POINT('',#9126);
#9129=CARTESIAN_POINT('',(-2.02E1,-4.2E0,-1.007320508076E1));
#9130=VERTEX_POINT('',#9129);
#9131=CARTESIAN_POINT('',(-2.02E1,-5.2E0,-1.007320508076E1));
#9132=VERTEX_POINT('',#9131);
#9133=CARTESIAN_POINT('',(2.01E1,5.1E0,-1.E1));
#9134=CARTESIAN_POINT('',(1.9E1,5.099999999999E0,-1.E1));
#9135=VERTEX_POINT('',#9133);
#9136=VERTEX_POINT('',#9134);
#9137=CARTESIAN_POINT('',(2.01E1,5.2E0,-1.01E1));
#9138=CARTESIAN_POINT('',(1.899999998821E1,5.2E0,-1.01E1));
#9139=VERTEX_POINT('',#9137);
#9140=VERTEX_POINT('',#9138);
#9141=CARTESIAN_POINT('',(1.9E1,4.3E0,-1.E1));
#9142=VERTEX_POINT('',#9141);
#9143=CARTESIAN_POINT('',(1.9E1,4.2E0,-1.01E1));
#9144=VERTEX_POINT('',#9143);
#9145=CARTESIAN_POINT('',(2.01E1,4.2E0,-1.01E1));
#9146=VERTEX_POINT('',#9145);
#9147=CARTESIAN_POINT('',(2.01E1,4.3E0,-1.E1));
#9148=VERTEX_POINT('',#9147);
#9149=CARTESIAN_POINT('',(2.02E1,4.3E0,-9.9E0));
#9150=CARTESIAN_POINT('',(2.02E1,5.1E0,-9.9E0));
#9151=VERTEX_POINT('',#9149);
#9152=VERTEX_POINT('',#9150);
#9153=CARTESIAN_POINT('',(2.02E1,4.2E0,-1.007320508076E1));
#9154=VERTEX_POINT('',#9153);
#9155=CARTESIAN_POINT('',(2.02E1,5.2E0,-1.007320508076E1));
#9156=VERTEX_POINT('',#9155);
#9157=CARTESIAN_POINT('',(2.01E1,-4.3E0,-1.E1));
#9158=CARTESIAN_POINT('',(1.9E1,-4.300000000001E0,-1.E1));
#9159=VERTEX_POINT('',#9157);
#9160=VERTEX_POINT('',#9158);
#9161=CARTESIAN_POINT('',(2.01E1,-4.2E0,-1.01E1));
#9162=CARTESIAN_POINT('',(1.899999998821E1,-4.2E0,-1.01E1));
#9163=VERTEX_POINT('',#9161);
#9164=VERTEX_POINT('',#9162);
#9165=CARTESIAN_POINT('',(1.9E1,-5.1E0,-1.E1));
#9166=VERTEX_POINT('',#9165);
#9167=CARTESIAN_POINT('',(1.9E1,-5.2E0,-1.01E1));
#9168=VERTEX_POINT('',#9167);
#9169=CARTESIAN_POINT('',(2.01E1,-5.2E0,-1.01E1));
#9170=VERTEX_POINT('',#9169);
#9171=CARTESIAN_POINT('',(2.01E1,-5.1E0,-1.E1));
#9172=VERTEX_POINT('',#9171);
#9173=CARTESIAN_POINT('',(2.02E1,-5.1E0,-9.9E0));
#9174=CARTESIAN_POINT('',(2.02E1,-4.3E0,-9.9E0));
#9175=VERTEX_POINT('',#9173);
#9176=VERTEX_POINT('',#9174);
#9177=CARTESIAN_POINT('',(2.02E1,-5.2E0,-1.007320508076E1));
#9178=VERTEX_POINT('',#9177);
#9179=CARTESIAN_POINT('',(2.02E1,-4.2E0,-1.007320508076E1));
#9180=VERTEX_POINT('',#9179);
#9181=CARTESIAN_POINT('',(0.E0,0.E0,0.E0));
#9182=DIRECTION('',(0.E0,0.E0,1.E0));
#9183=DIRECTION('',(1.E0,0.E0,0.E0));
#9184=AXIS2_PLACEMENT_3D('',#9181,#9182,#9183);
#9185=PLANE('',#9184);
#9187=ORIENTED_EDGE('',*,*,#9186,.F.);
#9189=ORIENTED_EDGE('',*,*,#9188,.F.);
#9191=ORIENTED_EDGE('',*,*,#9190,.F.);
#9193=ORIENTED_EDGE('',*,*,#9192,.F.);
#9195=ORIENTED_EDGE('',*,*,#9194,.F.);
#9197=ORIENTED_EDGE('',*,*,#9196,.F.);
#9199=ORIENTED_EDGE('',*,*,#9198,.F.);
#9201=ORIENTED_EDGE('',*,*,#9200,.F.);
#9202=EDGE_LOOP('',(#9187,#9189,#9191,#9193,#9195,#9197,#9199,#9201));
#9203=FACE_OUTER_BOUND('',#9202,.F.);
#9205=ORIENTED_EDGE('',*,*,#9204,.F.);
#9207=ORIENTED_EDGE('',*,*,#9206,.F.);
#9209=ORIENTED_EDGE('',*,*,#9208,.F.);
#9211=ORIENTED_EDGE('',*,*,#9210,.F.);
#9213=ORIENTED_EDGE('',*,*,#9212,.F.);
#9215=ORIENTED_EDGE('',*,*,#9214,.F.);
#9217=ORIENTED_EDGE('',*,*,#9216,.F.);
#9219=ORIENTED_EDGE('',*,*,#9218,.F.);
#9220=EDGE_LOOP('',(#9205,#9207,#9209,#9211,#9213,#9215,#9217,#9219));
#9221=FACE_BOUND('',#9220,.F.);
#9223=CARTESIAN_POINT('',(-1.55E1,1.03E1,-2.E0));
#9224=DIRECTION('',(0.E0,9.659258262891E-1,-2.588190451025E-1));
#9225=DIRECTION('',(0.E0,2.588190451025E-1,9.659258262891E-1));
#9226=AXIS2_PLACEMENT_3D('',#9223,#9224,#9225);
#9227=PLANE('',#9226);
#9228=ORIENTED_EDGE('',*,*,#9204,.T.);
#9230=ORIENTED_EDGE('',*,*,#9229,.F.);
#9232=ORIENTED_EDGE('',*,*,#9231,.T.);
#9234=ORIENTED_EDGE('',*,*,#9233,.T.);
#9235=EDGE_LOOP('',(#9228,#9230,#9232,#9234));
#9236=FACE_OUTER_BOUND('',#9235,.F.);
#9238=CARTESIAN_POINT('',(1.55E1,5.6E0,-1.E0));
#9239=DIRECTION('',(0.E0,0.E0,1.E0));
#9240=DIRECTION('',(0.E0,1.E0,0.E0));
#9241=AXIS2_PLACEMENT_3D('',#9238,#9239,#9240);
#9242=CONICAL_SURFACE('',#9241,4.967949192431E0,1.5E1);
#9243=ORIENTED_EDGE('',*,*,#9218,.T.);
#9245=ORIENTED_EDGE('',*,*,#9244,.F.);
#9247=ORIENTED_EDGE('',*,*,#9246,.T.);
#9248=ORIENTED_EDGE('',*,*,#9229,.T.);
#9249=EDGE_LOOP('',(#9243,#9245,#9247,#9248));
#9250=FACE_OUTER_BOUND('',#9249,.F.);
#9252=CARTESIAN_POINT('',(2.02E1,5.6E0,-2.E0));
#9253=DIRECTION('',(9.659258262891E-1,0.E0,-2.588190451025E-1));
#9254=DIRECTION('',(2.588190451025E-1,0.E0,9.659258262891E-1));
#9255=AXIS2_PLACEMENT_3D('',#9252,#9253,#9254);
#9256=PLANE('',#9255);
#9257=ORIENTED_EDGE('',*,*,#9216,.T.);
#9259=ORIENTED_EDGE('',*,*,#9258,.F.);
#9261=ORIENTED_EDGE('',*,*,#9260,.T.);
#9262=ORIENTED_EDGE('',*,*,#9244,.T.);
#9263=EDGE_LOOP('',(#9257,#9259,#9261,#9262));
#9264=FACE_OUTER_BOUND('',#9263,.F.);
#9266=CARTESIAN_POINT('',(1.55E1,-5.6E0,-1.E0));
#9267=DIRECTION('',(0.E0,0.E0,1.E0));
#9268=DIRECTION('',(1.E0,0.E0,0.E0));
#9269=AXIS2_PLACEMENT_3D('',#9266,#9267,#9268);
#9270=CONICAL_SURFACE('',#9269,4.967949192431E0,1.5E1);
#9271=ORIENTED_EDGE('',*,*,#9214,.T.);
#9273=ORIENTED_EDGE('',*,*,#9272,.F.);
#9275=ORIENTED_EDGE('',*,*,#9274,.T.);
#9276=ORIENTED_EDGE('',*,*,#9258,.T.);
#9277=EDGE_LOOP('',(#9271,#9273,#9275,#9276));
#9278=FACE_OUTER_BOUND('',#9277,.F.);
#9280=CARTESIAN_POINT('',(1.55E1,-1.03E1,-2.E0));
#9281=DIRECTION('',(0.E0,-9.659258262891E-1,-2.588190451025E-1));
#9282=DIRECTION('',(0.E0,-2.588190451025E-1,9.659258262891E-1));
#9283=AXIS2_PLACEMENT_3D('',#9280,#9281,#9282);
#9284=PLANE('',#9283);
#9285=ORIENTED_EDGE('',*,*,#9212,.T.);
#9287=ORIENTED_EDGE('',*,*,#9286,.F.);
#9289=ORIENTED_EDGE('',*,*,#9288,.T.);
#9290=ORIENTED_EDGE('',*,*,#9272,.T.);
#9291=EDGE_LOOP('',(#9285,#9287,#9289,#9290));
#9292=FACE_OUTER_BOUND('',#9291,.F.);
#9294=CARTESIAN_POINT('',(-1.55E1,-5.6E0,-1.E0));
#9295=DIRECTION('',(0.E0,0.E0,1.E0));
#9296=DIRECTION('',(0.E0,-1.E0,0.E0));
#9297=AXIS2_PLACEMENT_3D('',#9294,#9295,#9296);
#9298=CONICAL_SURFACE('',#9297,4.967949192431E0,1.5E1);
#9299=ORIENTED_EDGE('',*,*,#9210,.T.);
#9301=ORIENTED_EDGE('',*,*,#9300,.F.);
#9303=ORIENTED_EDGE('',*,*,#9302,.T.);
#9304=ORIENTED_EDGE('',*,*,#9286,.T.);
#9305=EDGE_LOOP('',(#9299,#9301,#9303,#9304));
#9306=FACE_OUTER_BOUND('',#9305,.F.);
#9308=CARTESIAN_POINT('',(-2.02E1,-5.6E0,-2.E0));
#9309=DIRECTION('',(-9.659258262891E-1,0.E0,-2.588190451025E-1));
#9310=DIRECTION('',(-2.588190451025E-1,0.E0,9.659258262891E-1));
#9311=AXIS2_PLACEMENT_3D('',#9308,#9309,#9310);
#9312=PLANE('',#9311);
#9313=ORIENTED_EDGE('',*,*,#9208,.T.);
#9315=ORIENTED_EDGE('',*,*,#9314,.F.);
#9317=ORIENTED_EDGE('',*,*,#9316,.T.);
#9318=ORIENTED_EDGE('',*,*,#9300,.T.);
#9319=EDGE_LOOP('',(#9313,#9315,#9317,#9318));
#9320=FACE_OUTER_BOUND('',#9319,.F.);
#9322=CARTESIAN_POINT('',(-1.55E1,5.6E0,-1.E0));
#9323=DIRECTION('',(0.E0,0.E0,1.E0));
#9324=DIRECTION('',(-1.E0,0.E0,0.E0));
#9325=AXIS2_PLACEMENT_3D('',#9322,#9323,#9324);
#9326=CONICAL_SURFACE('',#9325,4.967949192431E0,1.5E1);
#9327=ORIENTED_EDGE('',*,*,#9206,.T.);
#9328=ORIENTED_EDGE('',*,*,#9233,.F.);
#9330=ORIENTED_EDGE('',*,*,#9329,.T.);
#9331=ORIENTED_EDGE('',*,*,#9314,.T.);
#9332=EDGE_LOOP('',(#9327,#9328,#9330,#9331));
#9333=FACE_OUTER_BOUND('',#9332,.F.);
#9335=CARTESIAN_POINT('',(-1.55E1,5.6E0,0.E0));
#9336=DIRECTION('',(0.E0,0.E0,1.E0));
#9337=DIRECTION('',(1.E0,0.E0,0.E0));
#9338=AXIS2_PLACEMENT_3D('',#9335,#9336,#9337);
#9339=CYLINDRICAL_SURFACE('',#9338,4.7E0);
#9340=ORIENTED_EDGE('',*,*,#9329,.F.);
#9342=ORIENTED_EDGE('',*,*,#9341,.T.);
#9344=ORIENTED_EDGE('',*,*,#9343,.T.);
#9346=ORIENTED_EDGE('',*,*,#9345,.F.);
#9347=EDGE_LOOP('',(#9340,#9342,#9344,#9346));
#9348=FACE_OUTER_BOUND('',#9347,.F.);
#9350=CARTESIAN_POINT('',(1.55E1,1.03E1,0.E0));
#9351=DIRECTION('',(0.E0,1.E0,0.E0));
#9352=DIRECTION('',(-1.E0,0.E0,0.E0));
#9353=AXIS2_PLACEMENT_3D('',#9350,#9351,#9352);
#9354=PLANE('',#9353);
#9356=ORIENTED_EDGE('',*,*,#9355,.T.);
#9358=ORIENTED_EDGE('',*,*,#9357,.F.);
#9360=ORIENTED_EDGE('',*,*,#9359,.T.);
#9362=ORIENTED_EDGE('',*,*,#9361,.T.);
#9364=ORIENTED_EDGE('',*,*,#9363,.T.);
#9366=ORIENTED_EDGE('',*,*,#9365,.T.);
#9368=ORIENTED_EDGE('',*,*,#9367,.T.);
#9370=ORIENTED_EDGE('',*,*,#9369,.F.);
#9372=ORIENTED_EDGE('',*,*,#9371,.T.);
#9374=ORIENTED_EDGE('',*,*,#9373,.T.);
#9376=ORIENTED_EDGE('',*,*,#9375,.T.);
#9378=ORIENTED_EDGE('',*,*,#9377,.T.);
#9380=ORIENTED_EDGE('',*,*,#9379,.T.);
#9382=ORIENTED_EDGE('',*,*,#9381,.F.);
#9384=ORIENTED_EDGE('',*,*,#9383,.T.);
#9386=ORIENTED_EDGE('',*,*,#9385,.T.);
#9388=ORIENTED_EDGE('',*,*,#9387,.T.);
#9390=ORIENTED_EDGE('',*,*,#9389,.T.);
#9392=ORIENTED_EDGE('',*,*,#9391,.T.);
#9394=ORIENTED_EDGE('',*,*,#9393,.F.);
#9396=ORIENTED_EDGE('',*,*,#9395,.T.);
#9398=ORIENTED_EDGE('',*,*,#9397,.T.);
#9400=ORIENTED_EDGE('',*,*,#9399,.T.);
#9402=ORIENTED_EDGE('',*,*,#9401,.T.);
#9404=ORIENTED_EDGE('',*,*,#9403,.T.);
#9406=ORIENTED_EDGE('',*,*,#9405,.F.);
#9408=ORIENTED_EDGE('',*,*,#9407,.T.);
#9410=ORIENTED_EDGE('',*,*,#9409,.T.);
#9412=ORIENTED_EDGE('',*,*,#9411,.T.);
#9414=ORIENTED_EDGE('',*,*,#9413,.T.);
#9416=ORIENTED_EDGE('',*,*,#9415,.T.);
#9418=ORIENTED_EDGE('',*,*,#9417,.F.);
#9420=ORIENTED_EDGE('',*,*,#9419,.T.);
#9422=ORIENTED_EDGE('',*,*,#9421,.T.);
#9424=ORIENTED_EDGE('',*,*,#9423,.T.);
#9426=ORIENTED_EDGE('',*,*,#9425,.T.);
#9428=ORIENTED_EDGE('',*,*,#9427,.T.);
#9430=ORIENTED_EDGE('',*,*,#9429,.F.);
#9432=ORIENTED_EDGE('',*,*,#9431,.T.);
#9434=ORIENTED_EDGE('',*,*,#9433,.T.);
#9436=ORIENTED_EDGE('',*,*,#9435,.T.);
#9438=ORIENTED_EDGE('',*,*,#9437,.T.);
#9440=ORIENTED_EDGE('',*,*,#9439,.T.);
#9442=ORIENTED_EDGE('',*,*,#9441,.F.);
#9444=ORIENTED_EDGE('',*,*,#9443,.T.);
#9445=ORIENTED_EDGE('',*,*,#9341,.F.);
#9446=ORIENTED_EDGE('',*,*,#9231,.F.);
#9448=ORIENTED_EDGE('',*,*,#9447,.T.);
#9450=ORIENTED_EDGE('',*,*,#9449,.T.);
#9452=ORIENTED_EDGE('',*,*,#9451,.T.);
#9454=ORIENTED_EDGE('',*,*,#9453,.T.);
#9456=ORIENTED_EDGE('',*,*,#9455,.T.);
#9457=EDGE_LOOP('',(#9356,#9358,#9360,#9362,#9364,#9366,#9368,#9370,#9372,#9374,
#9376,#9378,#9380,#9382,#9384,#9386,#9388,#9390,#9392,#9394,#9396,#9398,#9400,
#9402,#9404,#9406,#9408,#9410,#9412,#9414,#9416,#9418,#9420,#9422,#9424,#9426,
#9428,#9430,#9432,#9434,#9436,#9438,#9440,#9442,#9444,#9445,#9446,#9448,#9450,
#9452,#9454,#9456));
#9458=FACE_OUTER_BOUND('',#9457,.F.);
#9460=CARTESIAN_POINT('',(1.185E1,1.02E1,-9.9E0));
#9461=DIRECTION('',(-1.E0,0.E0,0.E0));
#9462=DIRECTION('',(2.664535259100E-14,-7.564028598729E-1,-6.541060415376E-1));
#9463=AXIS2_PLACEMENT_3D('',#9460,#9461,#9462);
#9464=TOROIDAL_SURFACE('',#9463,2.E-1,1.E-1);
#9466=ORIENTED_EDGE('',*,*,#9465,.T.);
#9467=ORIENTED_EDGE('',*,*,#9355,.F.);
#9469=ORIENTED_EDGE('',*,*,#9468,.F.);
#9471=ORIENTED_EDGE('',*,*,#9470,.F.);
#9472=EDGE_LOOP('',(#9466,#9467,#9469,#9471));
#9473=FACE_OUTER_BOUND('',#9472,.F.);
#9475=CARTESIAN_POINT('',(1.175E1,1.03E1,-2.E1));
#9476=DIRECTION('',(-1.E0,0.E0,0.E0));
#9477=DIRECTION('',(0.E0,-1.E0,0.E0));
#9478=AXIS2_PLACEMENT_3D('',#9475,#9476,#9477);
#9479=PLANE('',#9478);
#9481=ORIENTED_EDGE('',*,*,#9480,.T.);
#9483=ORIENTED_EDGE('',*,*,#9482,.T.);
#9485=ORIENTED_EDGE('',*,*,#9484,.F.);
#9486=ORIENTED_EDGE('',*,*,#9357,.T.);
#9487=ORIENTED_EDGE('',*,*,#9465,.F.);
#9488=EDGE_LOOP('',(#9481,#9483,#9485,#9486,#9487));
#9489=FACE_OUTER_BOUND('',#9488,.F.);
#9491=CARTESIAN_POINT('',(1.185E1,5.789556E1,-1.01E1));
#9492=DIRECTION('',(0.E0,-1.E0,0.E0));
#9493=DIRECTION('',(0.E0,0.E0,1.E0));
#9494=AXIS2_PLACEMENT_3D('',#9491,#9492,#9493);
#9495=CYLINDRICAL_SURFACE('',#9494,1.E-1);
#9497=ORIENTED_EDGE('',*,*,#9496,.T.);
#9499=ORIENTED_EDGE('',*,*,#9498,.T.);
#9500=ORIENTED_EDGE('',*,*,#9480,.F.);
#9501=ORIENTED_EDGE('',*,*,#9470,.T.);
#9502=EDGE_LOOP('',(#9497,#9499,#9500,#9501));
#9503=FACE_OUTER_BOUND('',#9502,.F.);
#9505=CARTESIAN_POINT('',(0.E0,0.E0,-1.E1));
#9506=DIRECTION('',(0.E0,0.E0,1.E0));
#9507=DIRECTION('',(1.E0,0.E0,0.E0));
#9508=AXIS2_PLACEMENT_3D('',#9505,#9506,#9507);
#9509=PLANE('',#9508);
#9511=ORIENTED_EDGE('',*,*,#9510,.F.);
#9513=ORIENTED_EDGE('',*,*,#9512,.F.);
#9515=ORIENTED_EDGE('',*,*,#9514,.F.);
#9517=ORIENTED_EDGE('',*,*,#9516,.F.);
#9518=EDGE_LOOP('',(#9511,#9513,#9515,#9517));
#9519=FACE_OUTER_BOUND('',#9518,.F.);
#9521=CARTESIAN_POINT('',(0.E0,0.E0,-1.E1));
#9522=DIRECTION('',(0.E0,0.E0,1.E0));
#9523=DIRECTION('',(1.E0,0.E0,0.E0));
#9524=AXIS2_PLACEMENT_3D('',#9521,#9522,#9523);
#9525=PLANE('',#9524);
#9527=ORIENTED_EDGE('',*,*,#9526,.F.);
#9529=ORIENTED_EDGE('',*,*,#9528,.F.);
#9531=ORIENTED_EDGE('',*,*,#9530,.F.);
#9533=ORIENTED_EDGE('',*,*,#9532,.F.);
#9534=EDGE_LOOP('',(#9527,#9529,#9531,#9533));
#9535=FACE_OUTER_BOUND('',#9534,.F.);
#9537=CARTESIAN_POINT('',(0.E0,0.E0,-1.E1));
#9538=DIRECTION('',(0.E0,0.E0,1.E0));
#9539=DIRECTION('',(1.E0,0.E0,0.E0));
#9540=AXIS2_PLACEMENT_3D('',#9537,#9538,#9539);
#9541=PLANE('',#9540);
#9543=ORIENTED_EDGE('',*,*,#9542,.F.);
#9545=ORIENTED_EDGE('',*,*,#9544,.F.);
#9547=ORIENTED_EDGE('',*,*,#9546,.F.);
#9549=ORIENTED_EDGE('',*,*,#9548,.F.);
#9550=EDGE_LOOP('',(#9543,#9545,#9547,#9549));
#9551=FACE_OUTER_BOUND('',#9550,.F.);
#9553=CARTESIAN_POINT('',(0.E0,0.E0,-1.E1));
#9554=DIRECTION('',(0.E0,0.E0,1.E0));
#9555=DIRECTION('',(1.E0,0.E0,0.E0));
#9556=AXIS2_PLACEMENT_3D('',#9553,#9554,#9555);
#9557=PLANE('',#9556);
#9559=ORIENTED_EDGE('',*,*,#9558,.F.);
#9561=ORIENTED_EDGE('',*,*,#9560,.F.);
#9563=ORIENTED_EDGE('',*,*,#9562,.F.);
#9565=ORIENTED_EDGE('',*,*,#9564,.F.);
#9566=EDGE_LOOP('',(#9559,#9561,#9563,#9565));
#9567=FACE_OUTER_BOUND('',#9566,.F.);
#9569=CARTESIAN_POINT('',(0.E0,0.E0,-1.E1));
#9570=DIRECTION('',(0.E0,0.E0,1.E0));
#9571=DIRECTION('',(1.E0,0.E0,0.E0));
#9572=AXIS2_PLACEMENT_3D('',#9569,#9570,#9571);
#9573=PLANE('',#9572);
#9575=ORIENTED_EDGE('',*,*,#9574,.F.);
#9577=ORIENTED_EDGE('',*,*,#9576,.F.);
#9579=ORIENTED_EDGE('',*,*,#9578,.F.);
#9581=ORIENTED_EDGE('',*,*,#9580,.F.);
#9582=EDGE_LOOP('',(#9575,#9577,#9579,#9581));
#9583=FACE_OUTER_BOUND('',#9582,.F.);
#9585=CARTESIAN_POINT('',(0.E0,0.E0,-1.E1));
#9586=DIRECTION('',(0.E0,0.E0,1.E0));
#9587=DIRECTION('',(1.E0,0.E0,0.E0));
#9588=AXIS2_PLACEMENT_3D('',#9585,#9586,#9587);
#9589=PLANE('',#9588);
#9591=ORIENTED_EDGE('',*,*,#9590,.F.);
#9593=ORIENTED_EDGE('',*,*,#9592,.F.);
#9595=ORIENTED_EDGE('',*,*,#9594,.F.);
#9597=ORIENTED_EDGE('',*,*,#9596,.F.);
#9598=EDGE_LOOP('',(#9591,#9593,#9595,#9597));
#9599=FACE_OUTER_BOUND('',#9598,.F.);
#9601=CARTESIAN_POINT('',(0.E0,0.E0,-1.E1));
#9602=DIRECTION('',(0.E0,0.E0,1.E0));
#9603=DIRECTION('',(1.E0,0.E0,0.E0));
#9604=AXIS2_PLACEMENT_3D('',#9601,#9602,#9603);
#9605=PLANE('',#9604);
#9607=ORIENTED_EDGE('',*,*,#9606,.F.);
#9609=ORIENTED_EDGE('',*,*,#9608,.F.);
#9611=ORIENTED_EDGE('',*,*,#9610,.F.);
#9613=ORIENTED_EDGE('',*,*,#9612,.F.);
#9614=EDGE_LOOP('',(#9607,#9609,#9611,#9613));
#9615=FACE_OUTER_BOUND('',#9614,.F.);
#9617=CARTESIAN_POINT('',(0.E0,0.E0,-1.E1));
#9618=DIRECTION('',(0.E0,0.E0,1.E0));
#9619=DIRECTION('',(1.E0,0.E0,0.E0));
#9620=AXIS2_PLACEMENT_3D('',#9617,#9618,#9619);
#9621=PLANE('',#9620);
#9623=ORIENTED_EDGE('',*,*,#9622,.F.);
#9625=ORIENTED_EDGE('',*,*,#9624,.F.);
#9627=ORIENTED_EDGE('',*,*,#9626,.F.);
#9629=ORIENTED_EDGE('',*,*,#9628,.F.);
#9630=EDGE_LOOP('',(#9623,#9625,#9627,#9629));
#9631=FACE_OUTER_BOUND('',#9630,.F.);
#9633=CARTESIAN_POINT('',(0.E0,0.E0,-1.E1));
#9634=DIRECTION('',(0.E0,0.E0,1.E0));
#9635=DIRECTION('',(1.E0,0.E0,0.E0));
#9636=AXIS2_PLACEMENT_3D('',#9633,#9634,#9635);
#9637=PLANE('',#9636);
#9639=ORIENTED_EDGE('',*,*,#9638,.F.);
#9641=ORIENTED_EDGE('',*,*,#9640,.F.);
#9643=ORIENTED_EDGE('',*,*,#9642,.F.);
#9644=ORIENTED_EDGE('',*,*,#9496,.F.);
#9645=EDGE_LOOP('',(#9639,#9641,#9643,#9644));
#9646=FACE_OUTER_BOUND('',#9645,.F.);
#9648=CARTESIAN_POINT('',(0.E0,0.E0,-1.E1));
#9649=DIRECTION('',(0.E0,0.E0,1.E0));
#9650=DIRECTION('',(1.E0,0.E0,0.E0));
#9651=AXIS2_PLACEMENT_3D('',#9648,#9649,#9650);
#9652=PLANE('',#9651);
#9654=ORIENTED_EDGE('',*,*,#9653,.F.);
#9656=ORIENTED_EDGE('',*,*,#9655,.F.);
#9658=ORIENTED_EDGE('',*,*,#9657,.F.);
#9660=ORIENTED_EDGE('',*,*,#9659,.F.);
#9661=EDGE_LOOP('',(#9654,#9656,#9658,#9660));
#9662=FACE_OUTER_BOUND('',#9661,.F.);
#9664=CARTESIAN_POINT('',(0.E0,0.E0,-1.E1));
#9665=DIRECTION('',(0.E0,0.E0,1.E0));
#9666=DIRECTION('',(1.E0,0.E0,0.E0));
#9667=AXIS2_PLACEMENT_3D('',#9664,#9665,#9666);
#9668=PLANE('',#9667);
#9670=ORIENTED_EDGE('',*,*,#9669,.F.);
#9672=ORIENTED_EDGE('',*,*,#9671,.F.);
#9674=ORIENTED_EDGE('',*,*,#9673,.F.);
#9676=ORIENTED_EDGE('',*,*,#9675,.F.);
#9677=EDGE_LOOP('',(#9670,#9672,#9674,#9676));
#9678=FACE_OUTER_BOUND('',#9677,.F.);
#9680=CARTESIAN_POINT('',(0.E0,0.E0,-1.E1));
#9681=DIRECTION('',(0.E0,0.E0,1.E0));
#9682=DIRECTION('',(1.E0,0.E0,0.E0));
#9683=AXIS2_PLACEMENT_3D('',#9680,#9681,#9682);
#9684=PLANE('',#9683);
#9686=ORIENTED_EDGE('',*,*,#9685,.F.);
#9688=ORIENTED_EDGE('',*,*,#9687,.F.);
#9690=ORIENTED_EDGE('',*,*,#9689,.F.);
#9692=ORIENTED_EDGE('',*,*,#9691,.F.);
#9693=EDGE_LOOP('',(#9686,#9688,#9690,#9692));
#9694=FACE_OUTER_BOUND('',#9693,.F.);
#9696=CARTESIAN_POINT('',(0.E0,0.E0,-1.E1));
#9697=DIRECTION('',(0.E0,0.E0,1.E0));
#9698=DIRECTION('',(1.E0,0.E0,0.E0));
#9699=AXIS2_PLACEMENT_3D('',#9696,#9697,#9698);
#9700=PLANE('',#9699);
#9702=ORIENTED_EDGE('',*,*,#9701,.F.);
#9704=ORIENTED_EDGE('',*,*,#9703,.F.);
#9706=ORIENTED_EDGE('',*,*,#9705,.F.);
#9708=ORIENTED_EDGE('',*,*,#9707,.F.);
#9709=EDGE_LOOP('',(#9702,#9704,#9706,#9708));
#9710=FACE_OUTER_BOUND('',#9709,.F.);
#9712=CARTESIAN_POINT('',(0.E0,0.E0,-1.E1));
#9713=DIRECTION('',(0.E0,0.E0,1.E0));
#9714=DIRECTION('',(1.E0,0.E0,0.E0));
#9715=AXIS2_PLACEMENT_3D('',#9712,#9713,#9714);
#9716=PLANE('',#9715);
#9718=ORIENTED_EDGE('',*,*,#9717,.F.);
#9720=ORIENTED_EDGE('',*,*,#9719,.F.);
#9722=ORIENTED_EDGE('',*,*,#9721,.F.);
#9724=ORIENTED_EDGE('',*,*,#9723,.F.);
#9725=EDGE_LOOP('',(#9718,#9720,#9722,#9724));
#9726=FACE_OUTER_BOUND('',#9725,.F.);
#9728=CARTESIAN_POINT('',(0.E0,0.E0,-1.E1));
#9729=DIRECTION('',(0.E0,0.E0,1.E0));
#9730=DIRECTION('',(1.E0,0.E0,0.E0));
#9731=AXIS2_PLACEMENT_3D('',#9728,#9729,#9730);
#9732=PLANE('',#9731);
#9734=ORIENTED_EDGE('',*,*,#9733,.F.);
#9736=ORIENTED_EDGE('',*,*,#9735,.F.);
#9738=ORIENTED_EDGE('',*,*,#9737,.F.);
#9740=ORIENTED_EDGE('',*,*,#9739,.F.);
#9741=EDGE_LOOP('',(#9734,#9736,#9738,#9740));
#9742=FACE_OUTER_BOUND('',#9741,.F.);
#9744=CARTESIAN_POINT('',(0.E0,0.E0,-1.E1));
#9745=DIRECTION('',(0.E0,0.E0,1.E0));
#9746=DIRECTION('',(1.E0,0.E0,0.E0));
#9747=AXIS2_PLACEMENT_3D('',#9744,#9745,#9746);
#9748=PLANE('',#9747);
#9750=ORIENTED_EDGE('',*,*,#9749,.F.);
#9752=ORIENTED_EDGE('',*,*,#9751,.F.);
#9754=ORIENTED_EDGE('',*,*,#9753,.F.);
#9756=ORIENTED_EDGE('',*,*,#9755,.F.);
#9757=EDGE_LOOP('',(#9750,#9752,#9754,#9756));
#9758=FACE_OUTER_BOUND('',#9757,.F.);
#9760=CARTESIAN_POINT('',(-1.185E1,-5.789556E1,-1.01E1));
#9761=DIRECTION('',(0.E0,1.E0,0.E0));
#9762=DIRECTION('',(0.E0,0.E0,1.E0));
#9763=AXIS2_PLACEMENT_3D('',#9760,#9761,#9762);
#9764=CYLINDRICAL_SURFACE('',#9763,1.E-1);
#9765=ORIENTED_EDGE('',*,*,#9510,.T.);
#9767=ORIENTED_EDGE('',*,*,#9766,.T.);
#9769=ORIENTED_EDGE('',*,*,#9768,.F.);
#9771=ORIENTED_EDGE('',*,*,#9770,.T.);
#9772=EDGE_LOOP('',(#9765,#9767,#9769,#9771));
#9773=FACE_OUTER_BOUND('',#9772,.F.);
#9775=CARTESIAN_POINT('',(-1.225E1,-9.1E0,-1.01E1));
#9776=DIRECTION('',(0.E0,0.E0,1.E0));
#9777=DIRECTION('',(9.709348548705E-1,-2.393439107178E-1,-1.332267629550E-14));
#9778=AXIS2_PLACEMENT_3D('',#9775,#9776,#9777);
#9779=TOROIDAL_SURFACE('',#9778,4.E-1,1.E-1);
#9780=ORIENTED_EDGE('',*,*,#9516,.T.);
#9782=ORIENTED_EDGE('',*,*,#9781,.T.);
#9784=ORIENTED_EDGE('',*,*,#9783,.F.);
#9785=ORIENTED_EDGE('',*,*,#9766,.F.);
#9786=EDGE_LOOP('',(#9780,#9782,#9784,#9785));
#9787=FACE_OUTER_BOUND('',#9786,.F.);
#9789=CARTESIAN_POINT('',(-1.265E1,-8.979154967379E0,-1.01E1));
#9790=DIRECTION('',(0.E0,-1.E0,0.E0));
#9791=DIRECTION('',(0.E0,0.E0,1.E0));
#9792=AXIS2_PLACEMENT_3D('',#9789,#9790,#9791);
#9793=CYLINDRICAL_SURFACE('',#9792,1.E-1);
#9795=ORIENTED_EDGE('',*,*,#9794,.F.);
#9796=ORIENTED_EDGE('',*,*,#9781,.F.);
#9797=ORIENTED_EDGE('',*,*,#9514,.T.);
#9799=ORIENTED_EDGE('',*,*,#9798,.T.);
#9800=EDGE_LOOP('',(#9795,#9796,#9797,#9799));
#9801=FACE_OUTER_BOUND('',#9800,.F.);
#9803=CARTESIAN_POINT('',(-1.275E1,-8.6E0,-2.E1));
#9804=DIRECTION('',(-1.E0,0.E0,0.E0));
#9805=DIRECTION('',(0.E0,-1.E0,0.E0));
#9806=AXIS2_PLACEMENT_3D('',#9803,#9804,#9805);
#9807=PLANE('',#9806);
#9808=ORIENTED_EDGE('',*,*,#9794,.T.);
#9810=ORIENTED_EDGE('',*,*,#9809,.T.);
#9812=ORIENTED_EDGE('',*,*,#9811,.F.);
#9814=ORIENTED_EDGE('',*,*,#9813,.T.);
#9816=ORIENTED_EDGE('',*,*,#9815,.T.);
#9817=EDGE_LOOP('',(#9808,#9810,#9812,#9814,#9816));
#9818=FACE_OUTER_BOUND('',#9817,.F.);
#9820=CARTESIAN_POINT('',(-1.265E1,-1.02E1,-9.9E0));
#9821=DIRECTION('',(1.E0,0.E0,0.E0));
#9822=DIRECTION('',(2.664535259100E-14,5.485369585398E-1,-8.361263093074E-1));
#9823=AXIS2_PLACEMENT_3D('',#9820,#9821,#9822);
#9824=TOROIDAL_SURFACE('',#9823,2.E-1,1.E-1);
#9825=ORIENTED_EDGE('',*,*,#9809,.F.);
#9826=ORIENTED_EDGE('',*,*,#9798,.F.);
#9828=ORIENTED_EDGE('',*,*,#9827,.F.);
#9830=ORIENTED_EDGE('',*,*,#9829,.F.);
#9831=EDGE_LOOP('',(#9825,#9826,#9828,#9830));
#9832=FACE_OUTER_BOUND('',#9831,.F.);
#9834=CARTESIAN_POINT('',(-1.0965888E2,-1.02E1,-9.9E0));
#9835=DIRECTION('',(1.E0,0.E0,0.E0));
#9836=DIRECTION('',(0.E0,-1.E0,0.E0));
#9837=AXIS2_PLACEMENT_3D('',#9834,#9835,#9836);
#9838=CYLINDRICAL_SURFACE('',#9837,1.E-1);
#9840=ORIENTED_EDGE('',*,*,#9839,.F.);
#9841=ORIENTED_EDGE('',*,*,#9827,.T.);
#9842=ORIENTED_EDGE('',*,*,#9512,.T.);
#9844=ORIENTED_EDGE('',*,*,#9843,.T.);
#9845=EDGE_LOOP('',(#9840,#9841,#9842,#9844));
#9846=FACE_OUTER_BOUND('',#9845,.F.);
#9848=CARTESIAN_POINT('',(-1.55E1,-1.03E1,0.E0));
#9849=DIRECTION('',(0.E0,-1.E0,0.E0));
#9850=DIRECTION('',(1.E0,0.E0,0.E0));
#9851=AXIS2_PLACEMENT_3D('',#9848,#9849,#9850);
#9852=PLANE('',#9851);
#9854=ORIENTED_EDGE('',*,*,#9853,.T.);
#9856=ORIENTED_EDGE('',*,*,#9855,.F.);
#9858=ORIENTED_EDGE('',*,*,#9857,.T.);
#9860=ORIENTED_EDGE('',*,*,#9859,.T.);
#9862=ORIENTED_EDGE('',*,*,#9861,.T.);
#9864=ORIENTED_EDGE('',*,*,#9863,.T.);
#9866=ORIENTED_EDGE('',*,*,#9865,.T.);
#9868=ORIENTED_EDGE('',*,*,#9867,.F.);
#9870=ORIENTED_EDGE('',*,*,#9869,.T.);
#9872=ORIENTED_EDGE('',*,*,#9871,.T.);
#9874=ORIENTED_EDGE('',*,*,#9873,.T.);
#9876=ORIENTED_EDGE('',*,*,#9875,.T.);
#9878=ORIENTED_EDGE('',*,*,#9877,.T.);
#9880=ORIENTED_EDGE('',*,*,#9879,.F.);
#9882=ORIENTED_EDGE('',*,*,#9881,.T.);
#9884=ORIENTED_EDGE('',*,*,#9883,.T.);
#9886=ORIENTED_EDGE('',*,*,#9885,.T.);
#9888=ORIENTED_EDGE('',*,*,#9887,.T.);
#9890=ORIENTED_EDGE('',*,*,#9889,.T.);
#9892=ORIENTED_EDGE('',*,*,#9891,.F.);
#9894=ORIENTED_EDGE('',*,*,#9893,.T.);
#9896=ORIENTED_EDGE('',*,*,#9895,.T.);
#9898=ORIENTED_EDGE('',*,*,#9897,.T.);
#9900=ORIENTED_EDGE('',*,*,#9899,.T.);
#9902=ORIENTED_EDGE('',*,*,#9901,.T.);
#9904=ORIENTED_EDGE('',*,*,#9903,.F.);
#9906=ORIENTED_EDGE('',*,*,#9905,.T.);
#9908=ORIENTED_EDGE('',*,*,#9907,.T.);
#9910=ORIENTED_EDGE('',*,*,#9909,.T.);
#9912=ORIENTED_EDGE('',*,*,#9911,.T.);
#9914=ORIENTED_EDGE('',*,*,#9913,.T.);
#9916=ORIENTED_EDGE('',*,*,#9915,.F.);
#9918=ORIENTED_EDGE('',*,*,#9917,.T.);
#9920=ORIENTED_EDGE('',*,*,#9919,.T.);
#9922=ORIENTED_EDGE('',*,*,#9921,.T.);
#9924=ORIENTED_EDGE('',*,*,#9923,.T.);
#9926=ORIENTED_EDGE('',*,*,#9925,.T.);
#9928=ORIENTED_EDGE('',*,*,#9927,.F.);
#9930=ORIENTED_EDGE('',*,*,#9929,.T.);
#9932=ORIENTED_EDGE('',*,*,#9931,.T.);
#9934=ORIENTED_EDGE('',*,*,#9933,.T.);
#9936=ORIENTED_EDGE('',*,*,#9935,.T.);
#9938=ORIENTED_EDGE('',*,*,#9937,.T.);
#9940=ORIENTED_EDGE('',*,*,#9939,.F.);
#9942=ORIENTED_EDGE('',*,*,#9941,.T.);
#9944=ORIENTED_EDGE('',*,*,#9943,.F.);
#9945=ORIENTED_EDGE('',*,*,#9288,.F.);
#9947=ORIENTED_EDGE('',*,*,#9946,.T.);
#9949=ORIENTED_EDGE('',*,*,#9948,.T.);
#9950=ORIENTED_EDGE('',*,*,#9811,.T.);
#9951=ORIENTED_EDGE('',*,*,#9829,.T.);
#9952=ORIENTED_EDGE('',*,*,#9839,.T.);
#9953=EDGE_LOOP('',(#9854,#9856,#9858,#9860,#9862,#9864,#9866,#9868,#9870,#9872,
#9874,#9876,#9878,#9880,#9882,#9884,#9886,#9888,#9890,#9892,#9894,#9896,#9898,
#9900,#9902,#9904,#9906,#9908,#9910,#9912,#9914,#9916,#9918,#9920,#9922,#9924,
#9926,#9928,#9930,#9932,#9934,#9936,#9938,#9940,#9942,#9944,#9945,#9947,#9949,
#9950,#9951,#9952));
#9954=FACE_OUTER_BOUND('',#9953,.F.);
#9956=CARTESIAN_POINT('',(-1.185E1,-1.02E1,-9.9E0));
#9957=DIRECTION('',(1.E0,0.E0,0.E0));
#9958=DIRECTION('',(-2.664535259100E-14,7.564028598729E-1,-6.541060415376E-1));
#9959=AXIS2_PLACEMENT_3D('',#9956,#9957,#9958);
#9960=TOROIDAL_SURFACE('',#9959,2.E-1,1.E-1);
#9962=ORIENTED_EDGE('',*,*,#9961,.T.);
#9963=ORIENTED_EDGE('',*,*,#9853,.F.);
#9964=ORIENTED_EDGE('',*,*,#9843,.F.);
#9965=ORIENTED_EDGE('',*,*,#9770,.F.);
#9966=EDGE_LOOP('',(#9962,#9963,#9964,#9965));
#9967=FACE_OUTER_BOUND('',#9966,.F.);
#9969=CARTESIAN_POINT('',(-1.175E1,-1.03E1,-2.E1));
#9970=DIRECTION('',(1.E0,0.E0,0.E0));
#9971=DIRECTION('',(0.E0,1.E0,0.E0));
#9972=AXIS2_PLACEMENT_3D('',#9969,#9970,#9971);
#9973=PLANE('',#9972);
#9974=ORIENTED_EDGE('',*,*,#9768,.T.);
#9976=ORIENTED_EDGE('',*,*,#9975,.F.);
#9978=ORIENTED_EDGE('',*,*,#9977,.F.);
#9979=ORIENTED_EDGE('',*,*,#9855,.T.);
#9980=ORIENTED_EDGE('',*,*,#9961,.F.);
#9981=EDGE_LOOP('',(#9974,#9976,#9978,#9979,#9980));
#9982=FACE_OUTER_BOUND('',#9981,.F.);
#9984=CARTESIAN_POINT('',(-1.225E1,-9.1E0,-8.770957E1));
#9985=DIRECTION('',(0.E0,0.E0,1.E0));
#9986=DIRECTION('',(-1.E0,0.E0,0.E0));
#9987=AXIS2_PLACEMENT_3D('',#9984,#9985,#9986);
#9988=CYLINDRICAL_SURFACE('',#9987,5.E-1);
#9989=ORIENTED_EDGE('',*,*,#9783,.T.);
#9990=ORIENTED_EDGE('',*,*,#9815,.F.);
#9992=ORIENTED_EDGE('',*,*,#9991,.T.);
#9993=ORIENTED_EDGE('',*,*,#9975,.T.);
#9994=EDGE_LOOP('',(#9989,#9990,#9992,#9993));
#9995=FACE_OUTER_BOUND('',#9994,.F.);
#9997=CARTESIAN_POINT('',(0.E0,0.E0,-2.E1));
#9998=DIRECTION('',(0.E0,0.E0,1.E0));
#9999=DIRECTION('',(1.E0,0.E0,0.E0));
#10000=AXIS2_PLACEMENT_3D('',#9997,#9998,#9999);
#10001=PLANE('',#10000);
#10003=ORIENTED_EDGE('',*,*,#10002,.T.);
#10005=ORIENTED_EDGE('',*,*,#10004,.F.);
#10007=ORIENTED_EDGE('',*,*,#10006,.F.);
#10008=ORIENTED_EDGE('',*,*,#9419,.F.);
#10010=ORIENTED_EDGE('',*,*,#10009,.T.);
#10012=ORIENTED_EDGE('',*,*,#10011,.F.);
#10014=ORIENTED_EDGE('',*,*,#10013,.F.);
#10015=ORIENTED_EDGE('',*,*,#9407,.F.);
#10017=ORIENTED_EDGE('',*,*,#10016,.T.);
#10019=ORIENTED_EDGE('',*,*,#10018,.F.);
#10021=ORIENTED_EDGE('',*,*,#10020,.F.);
#10022=ORIENTED_EDGE('',*,*,#9395,.F.);
#10024=ORIENTED_EDGE('',*,*,#10023,.T.);
#10026=ORIENTED_EDGE('',*,*,#10025,.F.);
#10028=ORIENTED_EDGE('',*,*,#10027,.F.);
#10029=ORIENTED_EDGE('',*,*,#9383,.F.);
#10031=ORIENTED_EDGE('',*,*,#10030,.T.);
#10033=ORIENTED_EDGE('',*,*,#10032,.F.);
#10035=ORIENTED_EDGE('',*,*,#10034,.F.);
#10036=ORIENTED_EDGE('',*,*,#9371,.F.);
#10038=ORIENTED_EDGE('',*,*,#10037,.T.);
#10040=ORIENTED_EDGE('',*,*,#10039,.F.);
#10042=ORIENTED_EDGE('',*,*,#10041,.F.);
#10043=ORIENTED_EDGE('',*,*,#9359,.F.);
#10044=ORIENTED_EDGE('',*,*,#9484,.T.);
#10046=ORIENTED_EDGE('',*,*,#10045,.F.);
#10048=ORIENTED_EDGE('',*,*,#10047,.F.);
#10049=ORIENTED_EDGE('',*,*,#9449,.F.);
#10051=ORIENTED_EDGE('',*,*,#10050,.F.);
#10053=ORIENTED_EDGE('',*,*,#10052,.F.);
#10055=ORIENTED_EDGE('',*,*,#10054,.T.);
#10057=ORIENTED_EDGE('',*,*,#10056,.T.);
#10059=ORIENTED_EDGE('',*,*,#10058,.F.);
#10061=ORIENTED_EDGE('',*,*,#10060,.F.);
#10063=ORIENTED_EDGE('',*,*,#10062,.T.);
#10065=ORIENTED_EDGE('',*,*,#10064,.T.);
#10067=ORIENTED_EDGE('',*,*,#10066,.F.);
#10069=ORIENTED_EDGE('',*,*,#10068,.F.);
#10071=ORIENTED_EDGE('',*,*,#10070,.F.);
#10072=ORIENTED_EDGE('',*,*,#9941,.F.);
#10074=ORIENTED_EDGE('',*,*,#10073,.T.);
#10076=ORIENTED_EDGE('',*,*,#10075,.F.);
#10078=ORIENTED_EDGE('',*,*,#10077,.F.);
#10079=ORIENTED_EDGE('',*,*,#9929,.F.);
#10081=ORIENTED_EDGE('',*,*,#10080,.T.);
#10083=ORIENTED_EDGE('',*,*,#10082,.F.);
#10085=ORIENTED_EDGE('',*,*,#10084,.F.);
#10086=ORIENTED_EDGE('',*,*,#9917,.F.);
#10088=ORIENTED_EDGE('',*,*,#10087,.T.);
#10090=ORIENTED_EDGE('',*,*,#10089,.F.);
#10092=ORIENTED_EDGE('',*,*,#10091,.F.);
#10093=ORIENTED_EDGE('',*,*,#9905,.F.);
#10095=ORIENTED_EDGE('',*,*,#10094,.T.);
#10097=ORIENTED_EDGE('',*,*,#10096,.F.);
#10099=ORIENTED_EDGE('',*,*,#10098,.F.);
#10100=ORIENTED_EDGE('',*,*,#9893,.F.);
#10102=ORIENTED_EDGE('',*,*,#10101,.T.);
#10104=ORIENTED_EDGE('',*,*,#10103,.F.);
#10106=ORIENTED_EDGE('',*,*,#10105,.F.);
#10107=ORIENTED_EDGE('',*,*,#9881,.F.);
#10109=ORIENTED_EDGE('',*,*,#10108,.T.);
#10111=ORIENTED_EDGE('',*,*,#10110,.F.);
#10113=ORIENTED_EDGE('',*,*,#10112,.F.);
#10114=ORIENTED_EDGE('',*,*,#9869,.F.);
#10116=ORIENTED_EDGE('',*,*,#10115,.T.);
#10118=ORIENTED_EDGE('',*,*,#10117,.F.);
#10120=ORIENTED_EDGE('',*,*,#10119,.F.);
#10121=ORIENTED_EDGE('',*,*,#9857,.F.);
#10122=ORIENTED_EDGE('',*,*,#9977,.T.);
#10123=ORIENTED_EDGE('',*,*,#9991,.F.);
#10124=ORIENTED_EDGE('',*,*,#9813,.F.);
#10125=ORIENTED_EDGE('',*,*,#9948,.F.);
#10127=ORIENTED_EDGE('',*,*,#10126,.F.);
#10129=ORIENTED_EDGE('',*,*,#10128,.F.);
#10131=ORIENTED_EDGE('',*,*,#10130,.T.);
#10133=ORIENTED_EDGE('',*,*,#10132,.T.);
#10135=ORIENTED_EDGE('',*,*,#10134,.F.);
#10137=ORIENTED_EDGE('',*,*,#10136,.F.);
#10139=ORIENTED_EDGE('',*,*,#10138,.T.);
#10141=ORIENTED_EDGE('',*,*,#10140,.T.);
#10143=ORIENTED_EDGE('',*,*,#10142,.F.);
#10145=ORIENTED_EDGE('',*,*,#10144,.F.);
#10146=ORIENTED_EDGE('',*,*,#9343,.F.);
#10147=ORIENTED_EDGE('',*,*,#9443,.F.);
#10149=ORIENTED_EDGE('',*,*,#10148,.T.);
#10151=ORIENTED_EDGE('',*,*,#10150,.F.);
#10153=ORIENTED_EDGE('',*,*,#10152,.F.);
#10154=ORIENTED_EDGE('',*,*,#9431,.F.);
#10155=EDGE_LOOP('',(#10003,#10005,#10007,#10008,#10010,#10012,#10014,#10015,
#10017,#10019,#10021,#10022,#10024,#10026,#10028,#10029,#10031,#10033,#10035,
#10036,#10038,#10040,#10042,#10043,#10044,#10046,#10048,#10049,#10051,#10053,
#10055,#10057,#10059,#10061,#10063,#10065,#10067,#10069,#10071,#10072,#10074,
#10076,#10078,#10079,#10081,#10083,#10085,#10086,#10088,#10090,#10092,#10093,
#10095,#10097,#10099,#10100,#10102,#10104,#10106,#10107,#10109,#10111,#10113,
#10114,#10116,#10118,#10120,#10121,#10122,#10123,#10124,#10125,#10127,#10129,
#10131,#10133,#10135,#10137,#10139,#10141,#10143,#10145,#10146,#10147,#10149,
#10151,#10153,#10154));
#10156=FACE_OUTER_BOUND('',#10155,.F.);
#10158=ORIENTED_EDGE('',*,*,#10157,.T.);
#10160=ORIENTED_EDGE('',*,*,#10159,.T.);
#10161=EDGE_LOOP('',(#10158,#10160));
#10162=FACE_BOUND('',#10161,.F.);
#10164=ORIENTED_EDGE('',*,*,#10163,.T.);
#10166=ORIENTED_EDGE('',*,*,#10165,.T.);
#10167=EDGE_LOOP('',(#10164,#10166));
#10168=FACE_BOUND('',#10167,.F.);
#10170=ORIENTED_EDGE('',*,*,#10169,.T.);
#10172=ORIENTED_EDGE('',*,*,#10171,.T.);
#10173=EDGE_LOOP('',(#10170,#10172));
#10174=FACE_BOUND('',#10173,.F.);
#10176=ORIENTED_EDGE('',*,*,#10175,.T.);
#10178=ORIENTED_EDGE('',*,*,#10177,.T.);
#10179=EDGE_LOOP('',(#10176,#10178));
#10180=FACE_BOUND('',#10179,.F.);
#10182=ORIENTED_EDGE('',*,*,#10181,.T.);
#10184=ORIENTED_EDGE('',*,*,#10183,.T.);
#10185=EDGE_LOOP('',(#10182,#10184));
#10186=FACE_BOUND('',#10185,.F.);
#10188=ORIENTED_EDGE('',*,*,#10187,.T.);
#10190=ORIENTED_EDGE('',*,*,#10189,.T.);
#10191=EDGE_LOOP('',(#10188,#10190));
#10192=FACE_BOUND('',#10191,.F.);
#10194=ORIENTED_EDGE('',*,*,#10193,.T.);
#10196=ORIENTED_EDGE('',*,*,#10195,.T.);
#10197=EDGE_LOOP('',(#10194,#10196));
#10198=FACE_BOUND('',#10197,.F.);
#10200=ORIENTED_EDGE('',*,*,#10199,.T.);
#10202=ORIENTED_EDGE('',*,*,#10201,.T.);
#10203=EDGE_LOOP('',(#10200,#10202));
#10204=FACE_BOUND('',#10203,.F.);
#10206=ORIENTED_EDGE('',*,*,#10205,.T.);
#10208=ORIENTED_EDGE('',*,*,#10207,.T.);
#10209=EDGE_LOOP('',(#10206,#10208));
#10210=FACE_BOUND('',#10209,.F.);
#10212=ORIENTED_EDGE('',*,*,#10211,.T.);
#10214=ORIENTED_EDGE('',*,*,#10213,.T.);
#10215=EDGE_LOOP('',(#10212,#10214));
#10216=FACE_BOUND('',#10215,.F.);
#10218=ORIENTED_EDGE('',*,*,#10217,.T.);
#10220=ORIENTED_EDGE('',*,*,#10219,.T.);
#10221=EDGE_LOOP('',(#10218,#10220));
#10222=FACE_BOUND('',#10221,.F.);
#10224=ORIENTED_EDGE('',*,*,#10223,.T.);
#10226=ORIENTED_EDGE('',*,*,#10225,.T.);
#10227=EDGE_LOOP('',(#10224,#10226));
#10228=FACE_BOUND('',#10227,.F.);
#10230=ORIENTED_EDGE('',*,*,#10229,.T.);
#10232=ORIENTED_EDGE('',*,*,#10231,.T.);
#10233=EDGE_LOOP('',(#10230,#10232));
#10234=FACE_BOUND('',#10233,.F.);
#10236=ORIENTED_EDGE('',*,*,#10235,.T.);
#10238=ORIENTED_EDGE('',*,*,#10237,.T.);
#10239=EDGE_LOOP('',(#10236,#10238));
#10240=FACE_BOUND('',#10239,.F.);
#10242=ORIENTED_EDGE('',*,*,#10241,.T.);
#10244=ORIENTED_EDGE('',*,*,#10243,.T.);
#10245=EDGE_LOOP('',(#10242,#10244));
#10246=FACE_BOUND('',#10245,.F.);
#10248=ORIENTED_EDGE('',*,*,#10247,.T.);
#10250=ORIENTED_EDGE('',*,*,#10249,.T.);
#10251=EDGE_LOOP('',(#10248,#10250));
#10252=FACE_BOUND('',#10251,.F.);
#10254=ORIENTED_EDGE('',*,*,#10253,.T.);
#10256=ORIENTED_EDGE('',*,*,#10255,.T.);
#10257=EDGE_LOOP('',(#10254,#10256));
#10258=FACE_BOUND('',#10257,.F.);
#10260=ORIENTED_EDGE('',*,*,#10259,.T.);
#10262=ORIENTED_EDGE('',*,*,#10261,.T.);
#10263=EDGE_LOOP('',(#10260,#10262));
#10264=FACE_BOUND('',#10263,.F.);
#10266=ORIENTED_EDGE('',*,*,#10265,.T.);
#10268=ORIENTED_EDGE('',*,*,#10267,.T.);
#10269=EDGE_LOOP('',(#10266,#10268));
#10270=FACE_BOUND('',#10269,.F.);
#10272=ORIENTED_EDGE('',*,*,#10271,.T.);
#10274=ORIENTED_EDGE('',*,*,#10273,.T.);
#10275=EDGE_LOOP('',(#10272,#10274));
#10276=FACE_BOUND('',#10275,.F.);
#10278=ORIENTED_EDGE('',*,*,#10277,.T.);
#10280=ORIENTED_EDGE('',*,*,#10279,.T.);
#10281=EDGE_LOOP('',(#10278,#10280));
#10282=FACE_BOUND('',#10281,.F.);
#10284=ORIENTED_EDGE('',*,*,#10283,.T.);
#10286=ORIENTED_EDGE('',*,*,#10285,.T.);
#10287=EDGE_LOOP('',(#10284,#10286));
#10288=FACE_BOUND('',#10287,.F.);
#10290=ORIENTED_EDGE('',*,*,#10289,.T.);
#10292=ORIENTED_EDGE('',*,*,#10291,.T.);
#10293=EDGE_LOOP('',(#10290,#10292));
#10294=FACE_BOUND('',#10293,.F.);
#10296=ORIENTED_EDGE('',*,*,#10295,.T.);
#10298=ORIENTED_EDGE('',*,*,#10297,.T.);
#10299=EDGE_LOOP('',(#10296,#10298));
#10300=FACE_BOUND('',#10299,.F.);
#10302=ORIENTED_EDGE('',*,*,#10301,.T.);
#10304=ORIENTED_EDGE('',*,*,#10303,.T.);
#10305=EDGE_LOOP('',(#10302,#10304));
#10306=FACE_BOUND('',#10305,.F.);
#10308=CARTESIAN_POINT('',(-1.7E1,6.E0,-2.E1));
#10309=DIRECTION('',(0.E0,0.E0,1.E0));
#10310=DIRECTION('',(1.E0,0.E0,0.E0));
#10311=AXIS2_PLACEMENT_3D('',#10308,#10309,#10310);
#10312=CYLINDRICAL_SURFACE('',#10311,1.5E0);
#10313=ORIENTED_EDGE('',*,*,#10301,.F.);
#10315=ORIENTED_EDGE('',*,*,#10314,.T.);
#10317=ORIENTED_EDGE('',*,*,#10316,.T.);
#10319=ORIENTED_EDGE('',*,*,#10318,.F.);
#10320=EDGE_LOOP('',(#10313,#10315,#10317,#10319));
#10321=FACE_OUTER_BOUND('',#10320,.F.);
#10323=CARTESIAN_POINT('',(-1.7E1,6.E0,-2.E1));
#10324=DIRECTION('',(0.E0,0.E0,1.E0));
#10325=DIRECTION('',(1.E0,0.E0,0.E0));
#10326=AXIS2_PLACEMENT_3D('',#10323,#10324,#10325);
#10327=CYLINDRICAL_SURFACE('',#10326,1.5E0);
#10328=ORIENTED_EDGE('',*,*,#10303,.F.);
#10329=ORIENTED_EDGE('',*,*,#10318,.T.);
#10331=ORIENTED_EDGE('',*,*,#10330,.T.);
#10332=ORIENTED_EDGE('',*,*,#10314,.F.);
#10333=EDGE_LOOP('',(#10328,#10329,#10331,#10332));
#10334=FACE_OUTER_BOUND('',#10333,.F.);
#10336=CARTESIAN_POINT('',(0.E0,0.E0,-2.02E1));
#10337=DIRECTION('',(0.E0,0.E0,1.E0));
#10338=DIRECTION('',(1.E0,0.E0,0.E0));
#10339=AXIS2_PLACEMENT_3D('',#10336,#10337,#10338);
#10340=PLANE('',#10339);
#10341=ORIENTED_EDGE('',*,*,#10316,.F.);
#10342=ORIENTED_EDGE('',*,*,#10330,.F.);
#10343=EDGE_LOOP('',(#10341,#10342));
#10344=FACE_OUTER_BOUND('',#10343,.F.);
#10346=ORIENTED_EDGE('',*,*,#10345,.F.);
#10348=ORIENTED_EDGE('',*,*,#10347,.F.);
#10350=ORIENTED_EDGE('',*,*,#10349,.F.);
#10352=ORIENTED_EDGE('',*,*,#10351,.F.);
#10354=ORIENTED_EDGE('',*,*,#10353,.F.);
#10356=ORIENTED_EDGE('',*,*,#10355,.F.);
#10358=ORIENTED_EDGE('',*,*,#10357,.F.);
#10359=EDGE_LOOP('',(#10346,#10348,#10350,#10352,#10354,#10356,#10358));
#10360=FACE_BOUND('',#10359,.F.);
#10362=CARTESIAN_POINT('',(0.E0,0.E0,-2.02E1));
#10363=DIRECTION('',(0.E0,0.E0,1.E0));
#10364=DIRECTION('',(1.E0,0.E0,0.E0));
#10365=AXIS2_PLACEMENT_3D('',#10362,#10363,#10364);
#10366=PLANE('',#10365);
#10368=ORIENTED_EDGE('',*,*,#10367,.F.);
#10370=ORIENTED_EDGE('',*,*,#10369,.F.);
#10371=EDGE_LOOP('',(#10368,#10370));
#10372=FACE_OUTER_BOUND('',#10371,.F.);
#10374=ORIENTED_EDGE('',*,*,#10373,.F.);
#10376=ORIENTED_EDGE('',*,*,#10375,.F.);
#10378=ORIENTED_EDGE('',*,*,#10377,.F.);
#10380=ORIENTED_EDGE('',*,*,#10379,.F.);
#10382=ORIENTED_EDGE('',*,*,#10381,.F.);
#10384=ORIENTED_EDGE('',*,*,#10383,.F.);
#10386=ORIENTED_EDGE('',*,*,#10385,.F.);
#10388=ORIENTED_EDGE('',*,*,#10387,.F.);
#10390=ORIENTED_EDGE('',*,*,#10389,.F.);
#10392=ORIENTED_EDGE('',*,*,#10391,.F.);
#10394=ORIENTED_EDGE('',*,*,#10393,.F.);
#10396=ORIENTED_EDGE('',*,*,#10395,.F.);
#10398=ORIENTED_EDGE('',*,*,#10397,.F.);
#10400=ORIENTED_EDGE('',*,*,#10399,.F.);
#10402=ORIENTED_EDGE('',*,*,#10401,.F.);
#10404=ORIENTED_EDGE('',*,*,#10403,.F.);
#10406=ORIENTED_EDGE('',*,*,#10405,.F.);
#10408=ORIENTED_EDGE('',*,*,#10407,.F.);
#10410=ORIENTED_EDGE('',*,*,#10409,.F.);
#10412=ORIENTED_EDGE('',*,*,#10411,.F.);
#10414=ORIENTED_EDGE('',*,*,#10413,.F.);
#10416=ORIENTED_EDGE('',*,*,#10415,.F.);
#10418=ORIENTED_EDGE('',*,*,#10417,.F.);
#10420=ORIENTED_EDGE('',*,*,#10419,.F.);
#10422=ORIENTED_EDGE('',*,*,#10421,.F.);
#10424=ORIENTED_EDGE('',*,*,#10423,.F.);
#10426=ORIENTED_EDGE('',*,*,#10425,.F.);
#10428=ORIENTED_EDGE('',*,*,#10427,.F.);
#10429=EDGE_LOOP('',(#10374,#10376,#10378,#10380,#10382,#10384,#10386,#10388,
#10390,#10392,#10394,#10396,#10398,#10400,#10402,#10404,#10406,#10408,#10410,
#10412,#10414,#10416,#10418,#10420,#10422,#10424,#10426,#10428));
#10430=FACE_BOUND('',#10429,.F.);
#10432=ORIENTED_EDGE('',*,*,#10431,.F.);
#10434=ORIENTED_EDGE('',*,*,#10433,.F.);
#10436=ORIENTED_EDGE('',*,*,#10435,.F.);
#10438=ORIENTED_EDGE('',*,*,#10437,.F.);
#10440=ORIENTED_EDGE('',*,*,#10439,.F.);
#10442=ORIENTED_EDGE('',*,*,#10441,.F.);
#10444=ORIENTED_EDGE('',*,*,#10443,.F.);
#10446=ORIENTED_EDGE('',*,*,#10445,.F.);
#10448=ORIENTED_EDGE('',*,*,#10447,.F.);
#10450=ORIENTED_EDGE('',*,*,#10449,.F.);
#10452=ORIENTED_EDGE('',*,*,#10451,.F.);
#10454=ORIENTED_EDGE('',*,*,#10453,.F.);
#10456=ORIENTED_EDGE('',*,*,#10455,.F.);
#10458=ORIENTED_EDGE('',*,*,#10457,.F.);
#10460=ORIENTED_EDGE('',*,*,#10459,.F.);
#10462=ORIENTED_EDGE('',*,*,#10461,.F.);
#10464=ORIENTED_EDGE('',*,*,#10463,.F.);
#10466=ORIENTED_EDGE('',*,*,#10465,.F.);
#10468=ORIENTED_EDGE('',*,*,#10467,.F.);
#10470=ORIENTED_EDGE('',*,*,#10469,.F.);
#10472=ORIENTED_EDGE('',*,*,#10471,.F.);
#10474=ORIENTED_EDGE('',*,*,#10473,.F.);
#10476=ORIENTED_EDGE('',*,*,#10475,.F.);
#10478=ORIENTED_EDGE('',*,*,#10477,.F.);
#10480=ORIENTED_EDGE('',*,*,#10479,.F.);
#10482=ORIENTED_EDGE('',*,*,#10481,.F.);
#10484=ORIENTED_EDGE('',*,*,#10483,.F.);
#10486=ORIENTED_EDGE('',*,*,#10485,.F.);
#10488=ORIENTED_EDGE('',*,*,#10487,.F.);
#10490=ORIENTED_EDGE('',*,*,#10489,.F.);
#10492=ORIENTED_EDGE('',*,*,#10491,.F.);
#10494=ORIENTED_EDGE('',*,*,#10493,.F.);
#10496=ORIENTED_EDGE('',*,*,#10495,.F.);
#10498=ORIENTED_EDGE('',*,*,#10497,.F.);
#10500=ORIENTED_EDGE('',*,*,#10499,.F.);
#10502=ORIENTED_EDGE('',*,*,#10501,.F.);
#10504=ORIENTED_EDGE('',*,*,#10503,.F.);
#10506=ORIENTED_EDGE('',*,*,#10505,.F.);
#10508=ORIENTED_EDGE('',*,*,#10507,.F.);
#10510=ORIENTED_EDGE('',*,*,#10509,.F.);
#10512=ORIENTED_EDGE('',*,*,#10511,.F.);
#10514=ORIENTED_EDGE('',*,*,#10513,.F.);
#10516=ORIENTED_EDGE('',*,*,#10515,.F.);
#10518=ORIENTED_EDGE('',*,*,#10517,.F.);
#10520=ORIENTED_EDGE('',*,*,#10519,.F.);
#10522=ORIENTED_EDGE('',*,*,#10521,.F.);
#10524=ORIENTED_EDGE('',*,*,#10523,.F.);
#10526=ORIENTED_EDGE('',*,*,#10525,.F.);
#10528=ORIENTED_EDGE('',*,*,#10527,.F.);
#10530=ORIENTED_EDGE('',*,*,#10529,.F.);
#10532=ORIENTED_EDGE('',*,*,#10531,.F.);
#10534=ORIENTED_EDGE('',*,*,#10533,.F.);
#10536=ORIENTED_EDGE('',*,*,#10535,.F.);
#10538=ORIENTED_EDGE('',*,*,#10537,.F.);
#10540=ORIENTED_EDGE('',*,*,#10539,.F.);
#10542=ORIENTED_EDGE('',*,*,#10541,.F.);
#10544=ORIENTED_EDGE('',*,*,#10543,.F.);
#10545=EDGE_LOOP('',(#10432,#10434,#10436,#10438,#10440,#10442,#10444,#10446,
#10448,#10450,#10452,#10454,#10456,#10458,#10460,#10462,#10464,#10466,#10468,
#10470,#10472,#10474,#10476,#10478,#10480,#10482,#10484,#10486,#10488,#10490,
#10492,#10494,#10496,#10498,#10500,#10502,#10504,#10506,#10508,#10510,#10512,
#10514,#10516,#10518,#10520,#10522,#10524,#10526,#10528,#10530,#10532,#10534,
#10536,#10538,#10540,#10542,#10544));
#10546=FACE_BOUND('',#10545,.F.);
#10548=CARTESIAN_POINT('',(1.7E1,-5.967032053538E0,-2.E1));
#10549=DIRECTION('',(0.E0,0.E0,1.E0));
#10550=DIRECTION('',(1.E0,0.E0,0.E0));
#10551=AXIS2_PLACEMENT_3D('',#10548,#10549,#10550);
#10552=CYLINDRICAL_SURFACE('',#10551,1.5E0);
#10553=ORIENTED_EDGE('',*,*,#10157,.F.);
#10555=ORIENTED_EDGE('',*,*,#10554,.T.);
#10556=ORIENTED_EDGE('',*,*,#10367,.T.);
#10558=ORIENTED_EDGE('',*,*,#10557,.F.);
#10559=EDGE_LOOP('',(#10553,#10555,#10556,#10558));
#10560=FACE_OUTER_BOUND('',#10559,.F.);
#10562=CARTESIAN_POINT('',(1.7E1,-5.967032053538E0,-2.E1));
#10563=DIRECTION('',(0.E0,0.E0,1.E0));
#10564=DIRECTION('',(1.E0,0.E0,0.E0));
#10565=AXIS2_PLACEMENT_3D('',#10562,#10563,#10564);
#10566=CYLINDRICAL_SURFACE('',#10565,1.5E0);
#10567=ORIENTED_EDGE('',*,*,#10159,.F.);
#10568=ORIENTED_EDGE('',*,*,#10557,.T.);
#10569=ORIENTED_EDGE('',*,*,#10369,.T.);
#10570=ORIENTED_EDGE('',*,*,#10554,.F.);
#10571=EDGE_LOOP('',(#10567,#10568,#10569,#10570));
#10572=FACE_OUTER_BOUND('',#10571,.F.);
#10574=CARTESIAN_POINT('',(-1.693841540668E1,5.251830813365E0,-2.E1));
#10575=DIRECTION('',(0.E0,1.E0,0.E0));
#10576=DIRECTION('',(-1.E0,0.E0,0.E0));
#10577=AXIS2_PLACEMENT_3D('',#10574,#10575,#10576);
#10578=PLANE('',#10577);
#10580=ORIENTED_EDGE('',*,*,#10579,.T.);
#10582=ORIENTED_EDGE('',*,*,#10581,.T.);
#10584=ORIENTED_EDGE('',*,*,#10583,.F.);
#10585=ORIENTED_EDGE('',*,*,#10345,.T.);
#10586=EDGE_LOOP('',(#10580,#10582,#10584,#10585));
#10587=FACE_OUTER_BOUND('',#10586,.F.);
#10589=CARTESIAN_POINT('',(-1.709420770334E1,5.251830813365E0,-2.E1));
#10590=DIRECTION('',(1.E0,0.E0,0.E0));
#10591=DIRECTION('',(0.E0,1.E0,0.E0));
#10592=AXIS2_PLACEMENT_3D('',#10589,#10590,#10591);
#10593=PLANE('',#10592);
#10595=ORIENTED_EDGE('',*,*,#10594,.T.);
#10597=ORIENTED_EDGE('',*,*,#10596,.T.);
#10598=ORIENTED_EDGE('',*,*,#10579,.F.);
#10599=ORIENTED_EDGE('',*,*,#10357,.T.);
#10600=EDGE_LOOP('',(#10595,#10597,#10598,#10599));
#10601=FACE_OUTER_BOUND('',#10600,.F.);
#10603=CARTESIAN_POINT('',(-1.709420770334E1,6.286026510091E0,-2.E1));
#10604=DIRECTION('',(-7.659743427825E-1,6.428711427642E-1,0.E0));
#10605=DIRECTION('',(-6.428711427642E-1,-7.659743427825E-1,0.E0));
#10606=AXIS2_PLACEMENT_3D('',#10603,#10604,#10605);
#10607=PLANE('',#10606);
#10609=ORIENTED_EDGE('',*,*,#10608,.T.);
#10611=ORIENTED_EDGE('',*,*,#10610,.T.);
#10612=ORIENTED_EDGE('',*,*,#10594,.F.);
#10613=ORIENTED_EDGE('',*,*,#10355,.T.);
#10614=EDGE_LOOP('',(#10609,#10611,#10612,#10613));
#10615=FACE_OUTER_BOUND('',#10614,.F.);
#10617=CARTESIAN_POINT('',(-1.725E1,6.100401593828E0,-2.E1));
#10618=DIRECTION('',(1.E0,0.E0,0.E0));
#10619=DIRECTION('',(0.E0,1.E0,0.E0));
#10620=AXIS2_PLACEMENT_3D('',#10617,#10618,#10619);
#10621=PLANE('',#10620);
#10623=ORIENTED_EDGE('',*,*,#10622,.T.);
#10625=ORIENTED_EDGE('',*,*,#10624,.T.);
#10626=ORIENTED_EDGE('',*,*,#10608,.F.);
#10627=ORIENTED_EDGE('',*,*,#10353,.T.);
#10628=EDGE_LOOP('',(#10623,#10625,#10626,#10627));
#10629=FACE_OUTER_BOUND('',#10628,.F.);
#10631=CARTESIAN_POINT('',(-1.725E1,6.312544344659E0,-2.E1));
#10632=DIRECTION('',(7.659742160926E-1,-6.428712937139E-1,0.E0));
#10633=DIRECTION('',(6.428712937139E-1,7.659742160926E-1,0.E0));
#10634=AXIS2_PLACEMENT_3D('',#10631,#10632,#10633);
#10635=PLANE('',#10634);
#10637=ORIENTED_EDGE('',*,*,#10636,.F.);
#10639=ORIENTED_EDGE('',*,*,#10638,.T.);
#10640=ORIENTED_EDGE('',*,*,#10622,.F.);
#10641=ORIENTED_EDGE('',*,*,#10351,.T.);
#10642=EDGE_LOOP('',(#10637,#10639,#10640,#10641));
#10643=FACE_OUTER_BOUND('',#10642,.F.);
#10645=CARTESIAN_POINT('',(-1.709420770334E1,6.498169186635E0,-2.E1));
#10646=DIRECTION('',(0.E0,-1.E0,0.E0));
#10647=DIRECTION('',(1.E0,0.E0,0.E0));
#10648=AXIS2_PLACEMENT_3D('',#10645,#10646,#10647);
#10649=PLANE('',#10648);
#10651=ORIENTED_EDGE('',*,*,#10650,.T.);
#10653=ORIENTED_EDGE('',*,*,#10652,.T.);
#10654=ORIENTED_EDGE('',*,*,#10636,.T.);
#10655=ORIENTED_EDGE('',*,*,#10349,.T.);
#10656=EDGE_LOOP('',(#10651,#10653,#10654,#10655));
#10657=FACE_OUTER_BOUND('',#10656,.F.);
#10659=CARTESIAN_POINT('',(-1.693841540668E1,6.498169186635E0,-2.E1));
#10660=DIRECTION('',(-1.E0,0.E0,0.E0));
#10661=DIRECTION('',(0.E0,-1.E0,0.E0));
#10662=AXIS2_PLACEMENT_3D('',#10659,#10660,#10661);
#10663=PLANE('',#10662);
#10664=ORIENTED_EDGE('',*,*,#10583,.T.);
#10666=ORIENTED_EDGE('',*,*,#10665,.T.);
#10667=ORIENTED_EDGE('',*,*,#10650,.F.);
#10668=ORIENTED_EDGE('',*,*,#10347,.T.);
#10669=EDGE_LOOP('',(#10664,#10666,#10667,#10668));
#10670=FACE_OUTER_BOUND('',#10669,.F.);
#10672=CARTESIAN_POINT('',(0.E0,0.E0,-1.98E1));
#10673=DIRECTION('',(0.E0,0.E0,1.E0));
#10674=DIRECTION('',(1.E0,0.E0,0.E0));
#10675=AXIS2_PLACEMENT_3D('',#10672,#10673,#10674);
#10676=PLANE('',#10675);
#10677=ORIENTED_EDGE('',*,*,#10638,.F.);
#10678=ORIENTED_EDGE('',*,*,#10652,.F.);
#10679=ORIENTED_EDGE('',*,*,#10665,.F.);
#10680=ORIENTED_EDGE('',*,*,#10581,.F.);
#10681=ORIENTED_EDGE('',*,*,#10596,.F.);
#10682=ORIENTED_EDGE('',*,*,#10610,.F.);
#10683=ORIENTED_EDGE('',*,*,#10624,.F.);
#10684=EDGE_LOOP('',(#10677,#10678,#10679,#10680,#10681,#10682,#10683));
#10685=FACE_OUTER_BOUND('',#10684,.F.);
#10687=CARTESIAN_POINT('',(0.E0,0.E0,-1.98E1));
#10688=DIRECTION('',(0.E0,0.E0,1.E0));
#10689=DIRECTION('',(1.E0,0.E0,0.E0));
#10690=AXIS2_PLACEMENT_3D('',#10687,#10688,#10689);
#10691=PLANE('',#10690);
#10693=ORIENTED_EDGE('',*,*,#10692,.F.);
#10695=ORIENTED_EDGE('',*,*,#10694,.F.);
#10697=ORIENTED_EDGE('',*,*,#10696,.F.);
#10699=ORIENTED_EDGE('',*,*,#10698,.F.);
#10701=ORIENTED_EDGE('',*,*,#10700,.F.);
#10703=ORIENTED_EDGE('',*,*,#10702,.F.);
#10705=ORIENTED_EDGE('',*,*,#10704,.F.);
#10707=ORIENTED_EDGE('',*,*,#10706,.F.);
#10709=ORIENTED_EDGE('',*,*,#10708,.F.);
#10711=ORIENTED_EDGE('',*,*,#10710,.F.);
#10713=ORIENTED_EDGE('',*,*,#10712,.F.);
#10715=ORIENTED_EDGE('',*,*,#10714,.F.);
#10717=ORIENTED_EDGE('',*,*,#10716,.F.);
#10719=ORIENTED_EDGE('',*,*,#10718,.F.);
#10721=ORIENTED_EDGE('',*,*,#10720,.F.);
#10723=ORIENTED_EDGE('',*,*,#10722,.F.);
#10725=ORIENTED_EDGE('',*,*,#10724,.F.);
#10727=ORIENTED_EDGE('',*,*,#10726,.F.);
#10729=ORIENTED_EDGE('',*,*,#10728,.F.);
#10731=ORIENTED_EDGE('',*,*,#10730,.F.);
#10733=ORIENTED_EDGE('',*,*,#10732,.F.);
#10735=ORIENTED_EDGE('',*,*,#10734,.F.);
#10737=ORIENTED_EDGE('',*,*,#10736,.F.);
#10739=ORIENTED_EDGE('',*,*,#10738,.F.);
#10741=ORIENTED_EDGE('',*,*,#10740,.F.);
#10743=ORIENTED_EDGE('',*,*,#10742,.F.);
#10745=ORIENTED_EDGE('',*,*,#10744,.F.);
#10747=ORIENTED_EDGE('',*,*,#10746,.F.);
#10749=ORIENTED_EDGE('',*,*,#10748,.F.);
#10751=ORIENTED_EDGE('',*,*,#10750,.F.);
#10753=ORIENTED_EDGE('',*,*,#10752,.F.);
#10755=ORIENTED_EDGE('',*,*,#10754,.F.);
#10757=ORIENTED_EDGE('',*,*,#10756,.F.);
#10759=ORIENTED_EDGE('',*,*,#10758,.F.);
#10761=ORIENTED_EDGE('',*,*,#10760,.F.);
#10763=ORIENTED_EDGE('',*,*,#10762,.F.);
#10765=ORIENTED_EDGE('',*,*,#10764,.F.);
#10767=ORIENTED_EDGE('',*,*,#10766,.F.);
#10769=ORIENTED_EDGE('',*,*,#10768,.F.);
#10771=ORIENTED_EDGE('',*,*,#10770,.F.);
#10773=ORIENTED_EDGE('',*,*,#10772,.F.);
#10775=ORIENTED_EDGE('',*,*,#10774,.F.);
#10777=ORIENTED_EDGE('',*,*,#10776,.F.);
#10779=ORIENTED_EDGE('',*,*,#10778,.F.);
#10781=ORIENTED_EDGE('',*,*,#10780,.F.);
#10783=ORIENTED_EDGE('',*,*,#10782,.F.);
#10785=ORIENTED_EDGE('',*,*,#10784,.F.);
#10787=ORIENTED_EDGE('',*,*,#10786,.F.);
#10789=ORIENTED_EDGE('',*,*,#10788,.F.);
#10791=ORIENTED_EDGE('',*,*,#10790,.F.);
#10793=ORIENTED_EDGE('',*,*,#10792,.F.);
#10795=ORIENTED_EDGE('',*,*,#10794,.F.);
#10797=ORIENTED_EDGE('',*,*,#10796,.F.);
#10799=ORIENTED_EDGE('',*,*,#10798,.F.);
#10801=ORIENTED_EDGE('',*,*,#10800,.F.);
#10803=ORIENTED_EDGE('',*,*,#10802,.F.);
#10805=ORIENTED_EDGE('',*,*,#10804,.F.);
#10806=EDGE_LOOP('',(#10693,#10695,#10697,#10699,#10701,#10703,#10705,#10707,
#10709,#10711,#10713,#10715,#10717,#10719,#10721,#10723,#10725,#10727,#10729,
#10731,#10733,#10735,#10737,#10739,#10741,#10743,#10745,#10747,#10749,#10751,
#10753,#10755,#10757,#10759,#10761,#10763,#10765,#10767,#10769,#10771,#10773,
#10775,#10777,#10779,#10781,#10783,#10785,#10787,#10789,#10791,#10793,#10795,
#10797,#10799,#10801,#10803,#10805));
#10807=FACE_OUTER_BOUND('',#10806,.F.);
#10809=CARTESIAN_POINT('',(0.E0,0.E0,-1.98E1));
#10810=DIRECTION('',(0.E0,0.E0,1.E0));
#10811=DIRECTION('',(1.E0,0.E0,0.E0));
#10812=AXIS2_PLACEMENT_3D('',#10809,#10810,#10811);
#10813=PLANE('',#10812);
#10815=ORIENTED_EDGE('',*,*,#10814,.F.);
#10817=ORIENTED_EDGE('',*,*,#10816,.F.);
#10819=ORIENTED_EDGE('',*,*,#10818,.F.);
#10821=ORIENTED_EDGE('',*,*,#10820,.F.);
#10823=ORIENTED_EDGE('',*,*,#10822,.F.);
#10825=ORIENTED_EDGE('',*,*,#10824,.F.);
#10827=ORIENTED_EDGE('',*,*,#10826,.F.);
#10829=ORIENTED_EDGE('',*,*,#10828,.F.);
#10831=ORIENTED_EDGE('',*,*,#10830,.F.);
#10833=ORIENTED_EDGE('',*,*,#10832,.F.);
#10835=ORIENTED_EDGE('',*,*,#10834,.F.);
#10837=ORIENTED_EDGE('',*,*,#10836,.F.);
#10839=ORIENTED_EDGE('',*,*,#10838,.F.);
#10841=ORIENTED_EDGE('',*,*,#10840,.F.);
#10843=ORIENTED_EDGE('',*,*,#10842,.F.);
#10845=ORIENTED_EDGE('',*,*,#10844,.F.);
#10847=ORIENTED_EDGE('',*,*,#10846,.F.);
#10849=ORIENTED_EDGE('',*,*,#10848,.F.);
#10851=ORIENTED_EDGE('',*,*,#10850,.F.);
#10853=ORIENTED_EDGE('',*,*,#10852,.F.);
#10855=ORIENTED_EDGE('',*,*,#10854,.F.);
#10857=ORIENTED_EDGE('',*,*,#10856,.F.);
#10859=ORIENTED_EDGE('',*,*,#10858,.F.);
#10861=ORIENTED_EDGE('',*,*,#10860,.F.);
#10863=ORIENTED_EDGE('',*,*,#10862,.F.);
#10865=ORIENTED_EDGE('',*,*,#10864,.F.);
#10867=ORIENTED_EDGE('',*,*,#10866,.F.);
#10869=ORIENTED_EDGE('',*,*,#10868,.F.);
#10870=EDGE_LOOP('',(#10815,#10817,#10819,#10821,#10823,#10825,#10827,#10829,
#10831,#10833,#10835,#10837,#10839,#10841,#10843,#10845,#10847,#10849,#10851,
#10853,#10855,#10857,#10859,#10861,#10863,#10865,#10867,#10869));
#10871=FACE_OUTER_BOUND('',#10870,.F.);
#10873=CARTESIAN_POINT('',(1.755792296659E1,-6.006808805390E0,-2.E1));
#10874=DIRECTION('',(1.E0,0.E0,0.E0));
#10875=DIRECTION('',(0.E0,1.E0,0.E0));
#10876=AXIS2_PLACEMENT_3D('',#10873,#10874,#10875);
#10877=PLANE('',#10876);
#10879=ORIENTED_EDGE('',*,*,#10878,.F.);
#10880=ORIENTED_EDGE('',*,*,#10692,.T.);
#10882=ORIENTED_EDGE('',*,*,#10881,.F.);
#10883=ORIENTED_EDGE('',*,*,#10497,.T.);
#10884=EDGE_LOOP('',(#10879,#10880,#10882,#10883));
#10885=FACE_OUTER_BOUND('',#10884,.F.);
#10887=CARTESIAN_POINT('',(1.755792296659E1,-5.900737467118E0,-2.E1));
#10888=DIRECTION('',(0.E0,-1.E0,0.E0));
#10889=DIRECTION('',(1.E0,0.E0,0.E0));
#10890=AXIS2_PLACEMENT_3D('',#10887,#10888,#10889);
#10891=PLANE('',#10890);
#10893=ORIENTED_EDGE('',*,*,#10892,.T.);
#10894=ORIENTED_EDGE('',*,*,#10694,.T.);
#10895=ORIENTED_EDGE('',*,*,#10878,.T.);
#10896=ORIENTED_EDGE('',*,*,#10495,.T.);
#10897=EDGE_LOOP('',(#10893,#10894,#10895,#10896));
#10898=FACE_OUTER_BOUND('',#10897,.F.);
#10900=CARTESIAN_POINT('',(1.766178454722E1,-5.900737467118E0,-2.E1));
#10901=DIRECTION('',(3.222637633772E-1,-9.466499177700E-1,0.E0));
#10902=DIRECTION('',(9.466499177700E-1,3.222637633772E-1,0.E0));
#10903=AXIS2_PLACEMENT_3D('',#10900,#10901,#10902);
#10904=PLANE('',#10903);
#10906=ORIENTED_EDGE('',*,*,#10905,.T.);
#10907=ORIENTED_EDGE('',*,*,#10696,.T.);
#10908=ORIENTED_EDGE('',*,*,#10892,.F.);
#10909=ORIENTED_EDGE('',*,*,#10493,.T.);
#10910=EDGE_LOOP('',(#10906,#10907,#10908,#10909));
#10911=FACE_OUTER_BOUND('',#10910,.F.);
#10913=CARTESIAN_POINT('',(1.781757684388E1,-5.847701797982E0,-2.E1));
#10914=DIRECTION('',(7.145107183351E-1,-6.996244945571E-1,0.E0));
#10915=DIRECTION('',(6.996244945571E-1,7.145107183351E-1,0.E0));
#10916=AXIS2_PLACEMENT_3D('',#10913,#10914,#10915);
#10917=PLANE('',#10916);
#10919=ORIENTED_EDGE('',*,*,#10918,.T.);
#10920=ORIENTED_EDGE('',*,*,#10698,.T.);
#10921=ORIENTED_EDGE('',*,*,#10905,.F.);
#10922=ORIENTED_EDGE('',*,*,#10491,.T.);
#10923=EDGE_LOOP('',(#10919,#10920,#10921,#10922));
#10924=FACE_OUTER_BOUND('',#10923,.F.);
#10926=CARTESIAN_POINT('',(1.786950755991E1,-5.794666128846E0,-2.E1));
#10927=DIRECTION('',(8.981382627794E-1,-4.397131575602E-1,0.E0));
#10928=DIRECTION('',(4.397131575602E-1,8.981382627794E-1,0.E0));
#10929=AXIS2_PLACEMENT_3D('',#10926,#10927,#10928);
#10930=PLANE('',#10929);
#10932=ORIENTED_EDGE('',*,*,#10931,.T.);
#10933=ORIENTED_EDGE('',*,*,#10700,.T.);
#10934=ORIENTED_EDGE('',*,*,#10918,.F.);
#10935=ORIENTED_EDGE('',*,*,#10489,.T.);
#10936=EDGE_LOOP('',(#10932,#10933,#10934,#10935));
#10937=FACE_OUTER_BOUND('',#10936,.F.);
#10939=CARTESIAN_POINT('',(1.792143827593E1,-5.688594790574E0,-2.E1));
#10940=DIRECTION('',(1.E0,0.E0,0.E0));
#10941=DIRECTION('',(0.E0,1.E0,0.E0));
#10942=AXIS2_PLACEMENT_3D('',#10939,#10940,#10941);
#10943=PLANE('',#10942);
#10945=ORIENTED_EDGE('',*,*,#10944,.T.);
#10946=ORIENTED_EDGE('',*,*,#10702,.T.);
#10947=ORIENTED_EDGE('',*,*,#10931,.F.);
#10948=ORIENTED_EDGE('',*,*,#10487,.T.);
#10949=EDGE_LOOP('',(#10945,#10946,#10947,#10948));
#10950=FACE_OUTER_BOUND('',#10949,.F.);
#10952=CARTESIAN_POINT('',(1.792143827593E1,-5.635559047151E0,-2.E1));
#10953=DIRECTION('',(8.373793591563E-1,5.466221810895E-1,0.E0));
#10954=DIRECTION('',(-5.466221810895E-1,8.373793591563E-1,0.E0));
#10955=AXIS2_PLACEMENT_3D('',#10952,#10953,#10954);
#10956=PLANE('',#10955);
#10958=ORIENTED_EDGE('',*,*,#10957,.T.);
#10959=ORIENTED_EDGE('',*,*,#10704,.T.);
#10960=ORIENTED_EDGE('',*,*,#10944,.F.);
#10961=ORIENTED_EDGE('',*,*,#10485,.T.);
#10962=EDGE_LOOP('',(#10958,#10959,#10960,#10961));
#10963=FACE_OUTER_BOUND('',#10962,.F.);
#10965=CARTESIAN_POINT('',(1.786950755991E1,-5.556005543447E0,-2.E1));
#10966=DIRECTION('',(5.627909312417E-1,8.265992787996E-1,0.E0));
#10967=DIRECTION('',(-8.265992787996E-1,5.627909312417E-1,0.E0));
#10968=AXIS2_PLACEMENT_3D('',#10965,#10966,#10967);
#10969=PLANE('',#10968);
#10971=ORIENTED_EDGE('',*,*,#10970,.T.);
#10972=ORIENTED_EDGE('',*,*,#10706,.T.);
#10973=ORIENTED_EDGE('',*,*,#10957,.F.);
#10974=ORIENTED_EDGE('',*,*,#10483,.T.);
#10975=EDGE_LOOP('',(#10971,#10972,#10973,#10974));
#10976=FACE_OUTER_BOUND('',#10975,.F.);
#10978=CARTESIAN_POINT('',(1.779161141158E1,-5.502969874311E0,-2.E1));
#10979=DIRECTION('',(2.001234283435E-1,9.797706943097E-1,0.E0));
#10980=DIRECTION('',(-9.797706943097E-1,2.001234283435E-1,0.E0));
#10981=AXIS2_PLACEMENT_3D('',#10978,#10979,#10980);
#10982=PLANE('',#10981);
#10984=ORIENTED_EDGE('',*,*,#10983,.T.);
#10985=ORIENTED_EDGE('',*,*,#10708,.T.);
#10986=ORIENTED_EDGE('',*,*,#10970,.F.);
#10987=ORIENTED_EDGE('',*,*,#10481,.T.);
#10988=EDGE_LOOP('',(#10984,#10985,#10986,#10987));
#10989=FACE_OUTER_BOUND('',#10988,.F.);
#10991=CARTESIAN_POINT('',(1.766178454722E1,-5.476452039743E0,-2.E1));
#10992=DIRECTION('',(0.E0,1.E0,0.E0));
#10993=DIRECTION('',(-1.E0,0.E0,0.E0));
#10994=AXIS2_PLACEMENT_3D('',#10991,#10992,#10993);
#10995=PLANE('',#10994);
#10997=ORIENTED_EDGE('',*,*,#10996,.T.);
#10998=ORIENTED_EDGE('',*,*,#10710,.T.);
#10999=ORIENTED_EDGE('',*,*,#10983,.F.);
#11000=ORIENTED_EDGE('',*,*,#10479,.T.);
#11001=EDGE_LOOP('',(#10997,#10998,#10999,#11000));
#11002=FACE_OUTER_BOUND('',#11001,.F.);
#11004=CARTESIAN_POINT('',(1.755792296659E1,-5.476452039743E0,-2.E1));
#11005=DIRECTION('',(-2.001234283435E-1,9.797706943097E-1,0.E0));
#11006=DIRECTION('',(-9.797706943097E-1,-2.001234283435E-1,0.E0));
#11007=AXIS2_PLACEMENT_3D('',#11004,#11005,#11006);
#11008=PLANE('',#11007);
#11010=ORIENTED_EDGE('',*,*,#11009,.T.);
#11011=ORIENTED_EDGE('',*,*,#10712,.T.);
#11012=ORIENTED_EDGE('',*,*,#10996,.F.);
#11013=ORIENTED_EDGE('',*,*,#10477,.T.);
#11014=EDGE_LOOP('',(#11010,#11011,#11012,#11013));
#11015=FACE_OUTER_BOUND('',#11014,.F.);
#11017=CARTESIAN_POINT('',(1.742809610223E1,-5.502969874311E0,-2.E1));
#11018=DIRECTION('',(-5.627909312417E-1,8.265992787996E-1,0.E0));
#11019=DIRECTION('',(-8.265992787996E-1,-5.627909312417E-1,0.E0));
#11020=AXIS2_PLACEMENT_3D('',#11017,#11018,#11019);
#11021=PLANE('',#11020);
#11023=ORIENTED_EDGE('',*,*,#11022,.T.);
#11024=ORIENTED_EDGE('',*,*,#10714,.T.);
#11025=ORIENTED_EDGE('',*,*,#11009,.F.);
#11026=ORIENTED_EDGE('',*,*,#10475,.T.);
#11027=EDGE_LOOP('',(#11023,#11024,#11025,#11026));
#11028=FACE_OUTER_BOUND('',#11027,.F.);
#11030=CARTESIAN_POINT('',(1.735019995390E1,-5.556005543447E0,-2.E1));
#11031=DIRECTION('',(-8.373786433120E-1,5.466232777014E-1,0.E0));
#11032=DIRECTION('',(-5.466232777014E-1,-8.373786433120E-1,0.E0));
#11033=AXIS2_PLACEMENT_3D('',#11030,#11031,#11032);
#11034=PLANE('',#11033);
#11036=ORIENTED_EDGE('',*,*,#11035,.T.);
#11037=ORIENTED_EDGE('',*,*,#10716,.T.);
#11038=ORIENTED_EDGE('',*,*,#11022,.F.);
#11039=ORIENTED_EDGE('',*,*,#10473,.T.);
#11040=EDGE_LOOP('',(#11036,#11037,#11038,#11039));
#11041=FACE_OUTER_BOUND('',#11040,.F.);
#11043=CARTESIAN_POINT('',(1.729826908930E1,-5.635559047151E0,-2.E1));
#11044=DIRECTION('',(0.E0,1.E0,0.E0));
#11045=DIRECTION('',(-1.E0,0.E0,0.E0));
#11046=AXIS2_PLACEMENT_3D('',#11043,#11044,#11045);
#11047=PLANE('',#11046);
#11049=ORIENTED_EDGE('',*,*,#11048,.T.);
#11050=ORIENTED_EDGE('',*,*,#10718,.T.);
#11051=ORIENTED_EDGE('',*,*,#11035,.F.);
#11052=ORIENTED_EDGE('',*,*,#10471,.T.);
#11053=EDGE_LOOP('',(#11049,#11050,#11051,#11052));
#11054=FACE_OUTER_BOUND('',#11053,.F.);
#11056=CARTESIAN_POINT('',(1.716844222494E1,-5.635559047151E0,-2.E1));
#11057=DIRECTION('',(9.713212062349E-1,-2.377711385310E-1,0.E0));
#11058=DIRECTION('',(2.377711385310E-1,9.713212062349E-1,0.E0));
#11059=AXIS2_PLACEMENT_3D('',#11056,#11057,#11058);
#11060=PLANE('',#11059);
#11062=ORIENTED_EDGE('',*,*,#11061,.T.);
#11063=ORIENTED_EDGE('',*,*,#10720,.T.);
#11064=ORIENTED_EDGE('',*,*,#11048,.F.);
#11065=ORIENTED_EDGE('',*,*,#10469,.T.);
#11066=EDGE_LOOP('',(#11062,#11063,#11064,#11065));
#11067=FACE_OUTER_BOUND('',#11066,.F.);
#11069=CARTESIAN_POINT('',(1.719440758296E1,-5.529487708879E0,-2.E1));
#11070=DIRECTION('',(7.145104681851E-1,-6.996247500295E-1,0.E0));
#11071=DIRECTION('',(6.996247500295E-1,7.145104681851E-1,0.E0));
#11072=AXIS2_PLACEMENT_3D('',#11069,#11070,#11071);
#11073=PLANE('',#11072);
#11075=ORIENTED_EDGE('',*,*,#11074,.T.);
#11076=ORIENTED_EDGE('',*,*,#10722,.T.);
#11077=ORIENTED_EDGE('',*,*,#11061,.F.);
#11078=ORIENTED_EDGE('',*,*,#10467,.T.);
#11079=EDGE_LOOP('',(#11075,#11076,#11077,#11078));
#11080=FACE_OUTER_BOUND('',#11079,.F.);
#11082=CARTESIAN_POINT('',(1.729826908930E1,-5.423416370607E0,-2.E1));
#11083=DIRECTION('',(4.547769415434E-1,-8.906053746977E-1,0.E0));
#11084=DIRECTION('',(8.906053746977E-1,4.547769415434E-1,0.E0));
#11085=AXIS2_PLACEMENT_3D('',#11082,#11083,#11084);
#11086=PLANE('',#11085);
#11088=ORIENTED_EDGE('',*,*,#11087,.T.);
#11089=ORIENTED_EDGE('',*,*,#10724,.T.);
#11090=ORIENTED_EDGE('',*,*,#11074,.F.);
#11091=ORIENTED_EDGE('',*,*,#10465,.T.);
#11092=EDGE_LOOP('',(#11088,#11089,#11090,#11091));
#11093=FACE_OUTER_BOUND('',#11092,.F.);
#11095=CARTESIAN_POINT('',(1.740213066993E1,-5.370380701471E0,-2.E1));
#11096=DIRECTION('',(1.443681923971E-1,-9.895240396393E-1,0.E0));
#11097=DIRECTION('',(9.895240396393E-1,1.443681923971E-1,0.E0));
#11098=AXIS2_PLACEMENT_3D('',#11095,#11096,#11097);
#11099=PLANE('',#11098);
#11101=ORIENTED_EDGE('',*,*,#11100,.T.);
#11102=ORIENTED_EDGE('',*,*,#10726,.T.);
#11103=ORIENTED_EDGE('',*,*,#11087,.F.);
#11104=ORIENTED_EDGE('',*,*,#10463,.T.);
#11105=EDGE_LOOP('',(#11101,#11102,#11103,#11104));
#11106=FACE_OUTER_BOUND('',#11105,.F.);
#11108=CARTESIAN_POINT('',(1.758388839889E1,-5.343862866903E0,-2.E1));
#11109=DIRECTION('',(0.E0,-1.E0,0.E0));
#11110=DIRECTION('',(1.E0,0.E0,0.E0));
#11111=AXIS2_PLACEMENT_3D('',#11108,#11109,#11110);
#11112=PLANE('',#11111);
#11114=ORIENTED_EDGE('',*,*,#11113,.T.);
#11115=ORIENTED_EDGE('',*,*,#10728,.T.);
#11116=ORIENTED_EDGE('',*,*,#11100,.F.);
#11117=ORIENTED_EDGE('',*,*,#10461,.T.);
#11118=EDGE_LOOP('',(#11114,#11115,#11116,#11117));
#11119=FACE_OUTER_BOUND('',#11118,.F.);
#11121=CARTESIAN_POINT('',(1.763581911492E1,-5.343862866903E0,-2.E1));
#11122=DIRECTION('',(-1.443681923971E-1,-9.895240396393E-1,0.E0));
#11123=DIRECTION('',(9.895240396393E-1,-1.443681923971E-1,0.E0));
#11124=AXIS2_PLACEMENT_3D('',#11121,#11122,#11123);
#11125=PLANE('',#11124);
#11127=ORIENTED_EDGE('',*,*,#11126,.T.);
#11128=ORIENTED_EDGE('',*,*,#10730,.T.);
#11129=ORIENTED_EDGE('',*,*,#11113,.F.);
#11130=ORIENTED_EDGE('',*,*,#10459,.T.);
#11131=EDGE_LOOP('',(#11127,#11128,#11129,#11130));
#11132=FACE_OUTER_BOUND('',#11131,.F.);
#11134=CARTESIAN_POINT('',(1.781757684388E1,-5.370380701471E0,-2.E1));
#11135=DIRECTION('',(-4.547774575564E-1,-8.906051112017E-1,0.E0));
#11136=DIRECTION('',(8.906051112017E-1,-4.547774575564E-1,0.E0));
#11137=AXIS2_PLACEMENT_3D('',#11134,#11135,#11136);
#11138=PLANE('',#11137);
#11140=ORIENTED_EDGE('',*,*,#11139,.T.);
#11141=ORIENTED_EDGE('',*,*,#10732,.T.);
#11142=ORIENTED_EDGE('',*,*,#11126,.F.);
#11143=ORIENTED_EDGE('',*,*,#10457,.T.);
#11144=EDGE_LOOP('',(#11140,#11141,#11142,#11143));
#11145=FACE_OUTER_BOUND('',#11144,.F.);
#11147=CARTESIAN_POINT('',(1.792143827593E1,-5.423416370607E0,-2.E1));
#11148=DIRECTION('',(-7.145102180353E-1,-6.996250055017E-1,0.E0));
#11149=DIRECTION('',(6.996250055017E-1,-7.145102180353E-1,0.E0));
#11150=AXIS2_PLACEMENT_3D('',#11147,#11148,#11149);
#11151=PLANE('',#11150);
#11153=ORIENTED_EDGE('',*,*,#11152,.T.);
#11154=ORIENTED_EDGE('',*,*,#10734,.T.);
#11155=ORIENTED_EDGE('',*,*,#11139,.F.);
#11156=ORIENTED_EDGE('',*,*,#10455,.T.);
#11157=EDGE_LOOP('',(#11153,#11154,#11155,#11156));
#11158=FACE_OUTER_BOUND('',#11157,.F.);
#11160=CARTESIAN_POINT('',(1.802529985656E1,-5.529487708879E0,-2.E1));
#11161=DIRECTION('',(-9.713210491251E-1,-2.377717803411E-1,0.E0));
#11162=DIRECTION('',(2.377717803411E-1,-9.713210491251E-1,0.E0));
#11163=AXIS2_PLACEMENT_3D('',#11160,#11161,#11162);
#11164=PLANE('',#11163);
#11166=ORIENTED_EDGE('',*,*,#11165,.T.);
#11167=ORIENTED_EDGE('',*,*,#10736,.T.);
#11168=ORIENTED_EDGE('',*,*,#11152,.F.);
#11169=ORIENTED_EDGE('',*,*,#10453,.T.);
#11170=EDGE_LOOP('',(#11166,#11167,#11168,#11169));
#11171=FACE_OUTER_BOUND('',#11170,.F.);
#11173=CARTESIAN_POINT('',(1.805126528887E1,-5.635559047151E0,-2.E1));
#11174=DIRECTION('',(-1.E0,0.E0,0.E0));
#11175=DIRECTION('',(0.E0,-1.E0,0.E0));
#11176=AXIS2_PLACEMENT_3D('',#11173,#11174,#11175);
#11177=PLANE('',#11176);
#11179=ORIENTED_EDGE('',*,*,#11178,.T.);
#11180=ORIENTED_EDGE('',*,*,#10738,.T.);
#11181=ORIENTED_EDGE('',*,*,#11165,.F.);
#11182=ORIENTED_EDGE('',*,*,#10451,.T.);
#11183=EDGE_LOOP('',(#11179,#11180,#11181,#11182));
#11184=FACE_OUTER_BOUND('',#11183,.F.);
#11186=CARTESIAN_POINT('',(1.805126528887E1,-5.688594790574E0,-2.E1));
#11187=DIRECTION('',(-9.713210491251E-1,2.377717803411E-1,0.E0));
#11188=DIRECTION('',(-2.377717803411E-1,-9.713210491251E-1,0.E0));
#11189=AXIS2_PLACEMENT_3D('',#11186,#11187,#11188);
#11190=PLANE('',#11189);
#11192=ORIENTED_EDGE('',*,*,#11191,.T.);
#11193=ORIENTED_EDGE('',*,*,#10740,.T.);
#11194=ORIENTED_EDGE('',*,*,#11178,.F.);
#11195=ORIENTED_EDGE('',*,*,#10449,.T.);
#11196=EDGE_LOOP('',(#11192,#11193,#11194,#11195));
#11197=FACE_OUTER_BOUND('',#11196,.F.);
#11199=CARTESIAN_POINT('',(1.802529985656E1,-5.794666128846E0,-2.E1));
#11200=DIRECTION('',(-8.373793591563E-1,5.466221810895E-1,0.E0));
#11201=DIRECTION('',(-5.466221810895E-1,-8.373793591563E-1,0.E0));
#11202=AXIS2_PLACEMENT_3D('',#11199,#11200,#11201);
#11203=PLANE('',#11202);
#11205=ORIENTED_EDGE('',*,*,#11204,.T.);
#11206=ORIENTED_EDGE('',*,*,#10742,.T.);
#11207=ORIENTED_EDGE('',*,*,#11191,.F.);
#11208=ORIENTED_EDGE('',*,*,#10447,.T.);
#11209=EDGE_LOOP('',(#11205,#11206,#11207,#11208));
#11210=FACE_OUTER_BOUND('',#11209,.F.);
#11212=CARTESIAN_POINT('',(1.797336914054E1,-5.874219632550E0,-2.E1));
#11213=DIRECTION('',(-6.080766493621E-1,7.938783209665E-1,0.E0));
#11214=DIRECTION('',(-7.938783209665E-1,-6.080766493621E-1,0.E0));
#11215=AXIS2_PLACEMENT_3D('',#11212,#11213,#11214);
#11216=PLANE('',#11215);
#11218=ORIENTED_EDGE('',*,*,#11217,.T.);
#11219=ORIENTED_EDGE('',*,*,#10744,.T.);
#11220=ORIENTED_EDGE('',*,*,#11204,.F.);
#11221=ORIENTED_EDGE('',*,*,#10445,.T.);
#11222=EDGE_LOOP('',(#11218,#11219,#11220,#11221));
#11223=FACE_OUTER_BOUND('',#11222,.F.);
#11225=CARTESIAN_POINT('',(1.786950755991E1,-5.953773136254E0,-2.E1));
#11226=DIRECTION('',(-3.781727181043E-1,-9.257350567423E-1,0.E0));
#11227=DIRECTION('',(9.257350567423E-1,-3.781727181043E-1,0.E0));
#11228=AXIS2_PLACEMENT_3D('',#11225,#11226,#11227);
#11229=PLANE('',#11228);
#11231=ORIENTED_EDGE('',*,*,#11230,.T.);
#11232=ORIENTED_EDGE('',*,*,#10746,.T.);
#11233=ORIENTED_EDGE('',*,*,#11217,.F.);
#11234=ORIENTED_EDGE('',*,*,#10443,.T.);
#11235=EDGE_LOOP('',(#11231,#11232,#11233,#11234));
#11236=FACE_OUTER_BOUND('',#11235,.F.);
#11238=CARTESIAN_POINT('',(1.799933442426E1,-6.006808805390E0,-2.E1));
#11239=DIRECTION('',(-8.373786433120E-1,-5.466232777014E-1,0.E0));
#11240=DIRECTION('',(5.466232777014E-1,-8.373786433120E-1,0.E0));
#11241=AXIS2_PLACEMENT_3D('',#11238,#11239,#11240);
#11242=PLANE('',#11241);
#11244=ORIENTED_EDGE('',*,*,#11243,.T.);
#11245=ORIENTED_EDGE('',*,*,#10748,.T.);
#11246=ORIENTED_EDGE('',*,*,#11230,.F.);
#11247=ORIENTED_EDGE('',*,*,#10441,.T.);
#11248=EDGE_LOOP('',(#11244,#11245,#11246,#11247));
#11249=FACE_OUTER_BOUND('',#11248,.F.);
#11251=CARTESIAN_POINT('',(1.805126528887E1,-6.086362309094E0,-2.E1));
#11252=DIRECTION('',(-9.713213825738E-1,-2.377704181660E-1,0.E0));
#11253=DIRECTION('',(2.377704181660E-1,-9.713213825738E-1,0.E0));
#11254=AXIS2_PLACEMENT_3D('',#11251,#11252,#11253);
#11255=PLANE('',#11254);
#11257=ORIENTED_EDGE('',*,*,#11256,.T.);
#11258=ORIENTED_EDGE('',*,*,#10750,.T.);
#11259=ORIENTED_EDGE('',*,*,#11243,.F.);
#11260=ORIENTED_EDGE('',*,*,#10439,.T.);
#11261=EDGE_LOOP('',(#11257,#11258,#11259,#11260));
#11262=FACE_OUTER_BOUND('',#11261,.F.);
#11264=CARTESIAN_POINT('',(1.807723057259E1,-6.192433684510E0,-2.E1));
#11265=DIRECTION('',(-1.E0,0.E0,0.E0));
#11266=DIRECTION('',(0.E0,-1.E0,0.E0));
#11267=AXIS2_PLACEMENT_3D('',#11264,#11265,#11266);
#11268=PLANE('',#11267);
#11270=ORIENTED_EDGE('',*,*,#11269,.T.);
#11271=ORIENTED_EDGE('',*,*,#10752,.T.);
#11272=ORIENTED_EDGE('',*,*,#11256,.F.);
#11273=ORIENTED_EDGE('',*,*,#10437,.T.);
#11274=EDGE_LOOP('',(#11270,#11271,#11272,#11273));
#11275=FACE_OUTER_BOUND('',#11274,.F.);
#11277=CARTESIAN_POINT('',(1.807723057259E1,-6.298505022782E0,-2.E1));
#11278=DIRECTION('',(-9.506455626052E-1,3.102789298341E-1,0.E0));
#11279=DIRECTION('',(-3.102789298341E-1,-9.506455626052E-1,0.E0));
#11280=AXIS2_PLACEMENT_3D('',#11277,#11278,#11279);
#11281=PLANE('',#11280);
#11283=ORIENTED_EDGE('',*,*,#11282,.T.);
#11284=ORIENTED_EDGE('',*,*,#10754,.T.);
#11285=ORIENTED_EDGE('',*,*,#11269,.F.);
#11286=ORIENTED_EDGE('',*,*,#10435,.T.);
#11287=EDGE_LOOP('',(#11283,#11284,#11285,#11286));
#11288=FACE_OUTER_BOUND('',#11287,.F.);
#11290=CARTESIAN_POINT('',(1.805126528887E1,-6.378058545058E0,-2.E1));
#11291=DIRECTION('',(-8.373786433120E-1,5.466232777014E-1,0.E0));
#11292=DIRECTION('',(-5.466232777014E-1,-8.373786433120E-1,0.E0));
#11293=AXIS2_PLACEMENT_3D('',#11290,#11291,#11292);
#11294=PLANE('',#11293);
#11296=ORIENTED_EDGE('',*,*,#11295,.T.);
#11297=ORIENTED_EDGE('',*,*,#10756,.T.);
#11298=ORIENTED_EDGE('',*,*,#11282,.F.);
#11299=ORIENTED_EDGE('',*,*,#10433,.T.);
#11300=EDGE_LOOP('',(#11296,#11297,#11298,#11299));
#11301=FACE_OUTER_BOUND('',#11300,.F.);
#11303=CARTESIAN_POINT('',(1.799933442426E1,-6.457612048762E0,-2.E1));
#11304=DIRECTION('',(-5.627909985696E-1,8.265992329593E-1,0.E0));
#11305=DIRECTION('',(-8.265992329593E-1,-5.627909985696E-1,0.E0));
#11306=AXIS2_PLACEMENT_3D('',#11303,#11304,#11305);
#11307=PLANE('',#11306);
#11309=ORIENTED_EDGE('',*,*,#11308,.T.);
#11310=ORIENTED_EDGE('',*,*,#10758,.T.);
#11311=ORIENTED_EDGE('',*,*,#11295,.F.);
#11312=ORIENTED_EDGE('',*,*,#10431,.T.);
#11313=EDGE_LOOP('',(#11309,#11310,#11311,#11312));
#11314=FACE_OUTER_BOUND('',#11313,.F.);
#11316=CARTESIAN_POINT('',(1.792143827593E1,-6.510647727184E0,-2.E1));
#11317=DIRECTION('',(-4.547775049247E-1,8.906050870136E-1,0.E0));
#11318=DIRECTION('',(-8.906050870136E-1,-4.547775049247E-1,0.E0));
#11319=AXIS2_PLACEMENT_3D('',#11316,#11317,#11318);
#11320=PLANE('',#11319);
#11322=ORIENTED_EDGE('',*,*,#11321,.T.);
#11323=ORIENTED_EDGE('',*,*,#10760,.T.);
#11324=ORIENTED_EDGE('',*,*,#11308,.F.);
#11325=ORIENTED_EDGE('',*,*,#10543,.T.);
#11326=EDGE_LOOP('',(#11322,#11323,#11324,#11325));
#11327=FACE_OUTER_BOUND('',#11326,.F.);
#11329=CARTESIAN_POINT('',(1.781757684388E1,-6.563683403284E0,-2.E1));
#11330=DIRECTION('',(-2.473831271694E-1,9.689177407767E-1,0.E0));
#11331=DIRECTION('',(-9.689177407767E-1,-2.473831271694E-1,0.E0));
#11332=AXIS2_PLACEMENT_3D('',#11329,#11330,#11331);
#11333=PLANE('',#11332);
#11335=ORIENTED_EDGE('',*,*,#11334,.T.);
#11336=ORIENTED_EDGE('',*,*,#10762,.T.);
#11337=ORIENTED_EDGE('',*,*,#11321,.F.);
#11338=ORIENTED_EDGE('',*,*,#10541,.T.);
#11339=EDGE_LOOP('',(#11335,#11336,#11337,#11338));
#11340=FACE_OUTER_BOUND('',#11339,.F.);
#11342=CARTESIAN_POINT('',(1.771371526325E1,-6.590201240174E0,-2.E1));
#11343=DIRECTION('',(0.E0,1.E0,0.E0));
#11344=DIRECTION('',(-1.E0,0.E0,0.E0));
#11345=AXIS2_PLACEMENT_3D('',#11342,#11343,#11344);
#11346=PLANE('',#11345);
#11348=ORIENTED_EDGE('',*,*,#11347,.T.);
#11349=ORIENTED_EDGE('',*,*,#10764,.T.);
#11350=ORIENTED_EDGE('',*,*,#11334,.F.);
#11351=ORIENTED_EDGE('',*,*,#10539,.T.);
#11352=EDGE_LOOP('',(#11348,#11349,#11350,#11351));
#11353=FACE_OUTER_BOUND('',#11352,.F.);
#11355=CARTESIAN_POINT('',(1.750599225056E1,-6.590201240174E0,-2.E1));
#11356=DIRECTION('',(2.473831271694E-1,9.689177407767E-1,0.E0));
#11357=DIRECTION('',(-9.689177407767E-1,2.473831271694E-1,0.E0));
#11358=AXIS2_PLACEMENT_3D('',#11355,#11356,#11357);
#11359=PLANE('',#11358);
#11361=ORIENTED_EDGE('',*,*,#11360,.T.);
#11362=ORIENTED_EDGE('',*,*,#10766,.T.);
#11363=ORIENTED_EDGE('',*,*,#11347,.F.);
#11364=ORIENTED_EDGE('',*,*,#10537,.T.);
#11365=EDGE_LOOP('',(#11361,#11362,#11363,#11364));
#11366=FACE_OUTER_BOUND('',#11365,.F.);
#11368=CARTESIAN_POINT('',(1.740213066993E1,-6.563683403284E0,-2.E1));
#11369=DIRECTION('',(4.547769889117E-1,8.906053505096E-1,0.E0));
#11370=DIRECTION('',(-8.906053505096E-1,4.547769889117E-1,0.E0));
#11371=AXIS2_PLACEMENT_3D('',#11368,#11369,#11370);
#11372=PLANE('',#11371);
#11374=ORIENTED_EDGE('',*,*,#11373,.T.);
#11375=ORIENTED_EDGE('',*,*,#10768,.T.);
#11376=ORIENTED_EDGE('',*,*,#11360,.F.);
#11377=ORIENTED_EDGE('',*,*,#10535,.T.);
#11378=EDGE_LOOP('',(#11374,#11375,#11376,#11377));
#11379=FACE_OUTER_BOUND('',#11378,.F.);
#11381=CARTESIAN_POINT('',(1.729826908930E1,-6.510647727184E0,-2.E1));
#11382=DIRECTION('',(5.627913652920E-1,8.265989832759E-1,0.E0));
#11383=DIRECTION('',(-8.265989832759E-1,5.627913652920E-1,0.E0));
#11384=AXIS2_PLACEMENT_3D('',#11381,#11382,#11383);
#11385=PLANE('',#11384);
#11387=ORIENTED_EDGE('',*,*,#11386,.T.);
#11388=ORIENTED_EDGE('',*,*,#10770,.T.);
#11389=ORIENTED_EDGE('',*,*,#11373,.F.);
#11390=ORIENTED_EDGE('',*,*,#10533,.T.);
#11391=EDGE_LOOP('',(#11387,#11388,#11389,#11390));
#11392=FACE_OUTER_BOUND('',#11391,.F.);
#11394=CARTESIAN_POINT('',(1.722037301526E1,-6.457612048762E0,-2.E1));
#11395=DIRECTION('',(8.373790012341E-1,5.466227293958E-1,0.E0));
#11396=DIRECTION('',(-5.466227293958E-1,8.373790012341E-1,0.E0));
#11397=AXIS2_PLACEMENT_3D('',#11394,#11395,#11396);
#11398=PLANE('',#11397);
#11400=ORIENTED_EDGE('',*,*,#11399,.T.);
#11401=ORIENTED_EDGE('',*,*,#10772,.T.);
#11402=ORIENTED_EDGE('',*,*,#11386,.F.);
#11403=ORIENTED_EDGE('',*,*,#10531,.T.);
#11404=EDGE_LOOP('',(#11400,#11401,#11402,#11403));
#11405=FACE_OUTER_BOUND('',#11404,.F.);
#11407=CARTESIAN_POINT('',(1.716844222494E1,-6.378058545058E0,-2.E1));
#11408=DIRECTION('',(9.506453007588E-1,3.102797320889E-1,0.E0));
#11409=DIRECTION('',(-3.102797320889E-1,9.506453007588E-1,0.E0));
#11410=AXIS2_PLACEMENT_3D('',#11407,#11408,#11409);
#11411=PLANE('',#11410);
#11413=ORIENTED_EDGE('',*,*,#11412,.T.);
#11414=ORIENTED_EDGE('',*,*,#10774,.T.);
#11415=ORIENTED_EDGE('',*,*,#11399,.F.);
#11416=ORIENTED_EDGE('',*,*,#10529,.T.);
#11417=EDGE_LOOP('',(#11413,#11414,#11415,#11416));
#11418=FACE_OUTER_BOUND('',#11417,.F.);
#11420=CARTESIAN_POINT('',(1.714247686693E1,-6.298505022782E0,-2.E1));
#11421=DIRECTION('',(0.E0,-1.E0,0.E0));
#11422=DIRECTION('',(1.E0,0.E0,0.E0));
#11423=AXIS2_PLACEMENT_3D('',#11420,#11421,#11422);
#11424=PLANE('',#11423);
#11426=ORIENTED_EDGE('',*,*,#11425,.T.);
#11427=ORIENTED_EDGE('',*,*,#10776,.T.);
#11428=ORIENTED_EDGE('',*,*,#11412,.F.);
#11429=ORIENTED_EDGE('',*,*,#10527,.T.);
#11430=EDGE_LOOP('',(#11426,#11427,#11428,#11429));
#11431=FACE_OUTER_BOUND('',#11430,.F.);
#11433=CARTESIAN_POINT('',(1.727230380557E1,-6.298505022782E0,-2.E1));
#11434=DIRECTION('',(-8.981387596046E-1,-4.397121427660E-1,0.E0));
#11435=DIRECTION('',(4.397121427660E-1,-8.981387596046E-1,0.E0));
#11436=AXIS2_PLACEMENT_3D('',#11433,#11434,#11435);
#11437=PLANE('',#11436);
#11439=ORIENTED_EDGE('',*,*,#11438,.T.);
#11440=ORIENTED_EDGE('',*,*,#10778,.T.);
#11441=ORIENTED_EDGE('',*,*,#11425,.F.);
#11442=ORIENTED_EDGE('',*,*,#10525,.T.);
#11443=EDGE_LOOP('',(#11439,#11440,#11441,#11442));
#11444=FACE_OUTER_BOUND('',#11443,.F.);
#11446=CARTESIAN_POINT('',(1.729826908930E1,-6.351540691918E0,-2.E1));
#11447=DIRECTION('',(-7.145098402051E-1,-6.996253913703E-1,0.E0));
#11448=DIRECTION('',(6.996253913703E-1,-7.145098402051E-1,0.E0));
#11449=AXIS2_PLACEMENT_3D('',#11446,#11447,#11448);
#11450=PLANE('',#11449);
#11452=ORIENTED_EDGE('',*,*,#11451,.T.);
#11453=ORIENTED_EDGE('',*,*,#10780,.T.);
#11454=ORIENTED_EDGE('',*,*,#11438,.F.);
#11455=ORIENTED_EDGE('',*,*,#10523,.T.);
#11456=EDGE_LOOP('',(#11452,#11453,#11454,#11455));
#11457=FACE_OUTER_BOUND('',#11456,.F.);
#11459=CARTESIAN_POINT('',(1.735019995390E1,-6.404576379626E0,-2.E1));
#11460=DIRECTION('',(-4.547774575564E-1,-8.906051112017E-1,0.E0));
#11461=DIRECTION('',(8.906051112017E-1,-4.547774575564E-1,0.E0));
#11462=AXIS2_PLACEMENT_3D('',#11459,#11460,#11461);
#11463=PLANE('',#11462);
#11465=ORIENTED_EDGE('',*,*,#11464,.T.);
#11466=ORIENTED_EDGE('',*,*,#10782,.T.);
#11467=ORIENTED_EDGE('',*,*,#11451,.F.);
#11468=ORIENTED_EDGE('',*,*,#10521,.T.);
#11469=EDGE_LOOP('',(#11465,#11466,#11467,#11468));
#11470=FACE_OUTER_BOUND('',#11469,.F.);
#11472=CARTESIAN_POINT('',(1.740213066993E1,-6.431094214194E0,-2.E1));
#11473=DIRECTION('',(-2.001234283435E-1,-9.797706943097E-1,0.E0));
#11474=DIRECTION('',(9.797706943097E-1,-2.001234283435E-1,0.E0));
#11475=AXIS2_PLACEMENT_3D('',#11472,#11473,#11474);
#11476=PLANE('',#11475);
#11478=ORIENTED_EDGE('',*,*,#11477,.T.);
#11479=ORIENTED_EDGE('',*,*,#10784,.T.);
#11480=ORIENTED_EDGE('',*,*,#11464,.F.);
#11481=ORIENTED_EDGE('',*,*,#10519,.T.);
#11482=EDGE_LOOP('',(#11478,#11479,#11480,#11481));
#11483=FACE_OUTER_BOUND('',#11482,.F.);
#11485=CARTESIAN_POINT('',(1.753195753429E1,-6.457612048762E0,-2.E1));
#11486=DIRECTION('',(0.E0,-1.E0,0.E0));
#11487=DIRECTION('',(1.E0,0.E0,0.E0));
#11488=AXIS2_PLACEMENT_3D('',#11485,#11486,#11487);
#11489=PLANE('',#11488);
#11491=ORIENTED_EDGE('',*,*,#11490,.T.);
#11492=ORIENTED_EDGE('',*,*,#10786,.T.);
#11493=ORIENTED_EDGE('',*,*,#11477,.F.);
#11494=ORIENTED_EDGE('',*,*,#10517,.T.);
#11495=EDGE_LOOP('',(#11491,#11492,#11493,#11494));
#11496=FACE_OUTER_BOUND('',#11495,.F.);
#11498=CARTESIAN_POINT('',(1.768774983095E1,-6.457612048762E0,-2.E1));
#11499=DIRECTION('',(2.001232084928E-1,-9.797707392153E-1,0.E0));
#11500=DIRECTION('',(9.797707392153E-1,2.001232084928E-1,0.E0));
#11501=AXIS2_PLACEMENT_3D('',#11498,#11499,#11500);
#11502=PLANE('',#11501);
#11504=ORIENTED_EDGE('',*,*,#11503,.T.);
#11505=ORIENTED_EDGE('',*,*,#10788,.T.);
#11506=ORIENTED_EDGE('',*,*,#11490,.F.);
#11507=ORIENTED_EDGE('',*,*,#10515,.T.);
#11508=EDGE_LOOP('',(#11504,#11505,#11506,#11507));
#11509=FACE_OUTER_BOUND('',#11508,.F.);
#11511=CARTESIAN_POINT('',(1.781757684388E1,-6.431094214194E0,-2.E1));
#11512=DIRECTION('',(4.547774575564E-1,-8.906051112017E-1,0.E0));
#11513=DIRECTION('',(8.906051112017E-1,4.547774575564E-1,0.E0));
#11514=AXIS2_PLACEMENT_3D('',#11511,#11512,#11513);
#11515=PLANE('',#11514);
#11517=ORIENTED_EDGE('',*,*,#11516,.T.);
#11518=ORIENTED_EDGE('',*,*,#10790,.T.);
#11519=ORIENTED_EDGE('',*,*,#11503,.F.);
#11520=ORIENTED_EDGE('',*,*,#10513,.T.);
#11521=EDGE_LOOP('',(#11517,#11518,#11519,#11520));
#11522=FACE_OUTER_BOUND('',#11521,.F.);
#11524=CARTESIAN_POINT('',(1.786950755991E1,-6.404576379626E0,-2.E1));
#11525=DIRECTION('',(7.145108408043E-1,-6.996243694821E-1,0.E0));
#11526=DIRECTION('',(6.996243694821E-1,7.145108408043E-1,0.E0));
#11527=AXIS2_PLACEMENT_3D('',#11524,#11525,#11526);
#11528=PLANE('',#11527);
#11530=ORIENTED_EDGE('',*,*,#11529,.T.);
#11531=ORIENTED_EDGE('',*,*,#10792,.T.);
#11532=ORIENTED_EDGE('',*,*,#11516,.F.);
#11533=ORIENTED_EDGE('',*,*,#10511,.T.);
#11534=EDGE_LOOP('',(#11530,#11531,#11532,#11533));
#11535=FACE_OUTER_BOUND('',#11534,.F.);
#11537=CARTESIAN_POINT('',(1.792143827593E1,-6.351540691918E0,-2.E1));
#11538=DIRECTION('',(8.981377659536E-1,-4.397141723527E-1,0.E0));
#11539=DIRECTION('',(4.397141723527E-1,8.981377659536E-1,0.E0));
#11540=AXIS2_PLACEMENT_3D('',#11537,#11538,#11539);
#11541=PLANE('',#11540);
#11543=ORIENTED_EDGE('',*,*,#11542,.T.);
#11544=ORIENTED_EDGE('',*,*,#10794,.T.);
#11545=ORIENTED_EDGE('',*,*,#11529,.F.);
#11546=ORIENTED_EDGE('',*,*,#10509,.T.);
#11547=EDGE_LOOP('',(#11543,#11544,#11545,#11546));
#11548=FACE_OUTER_BOUND('',#11547,.F.);
#11550=CARTESIAN_POINT('',(1.794740370824E1,-6.298505022782E0,-2.E1));
#11551=DIRECTION('',(1.E0,0.E0,0.E0));
#11552=DIRECTION('',(0.E0,1.E0,0.E0));
#11553=AXIS2_PLACEMENT_3D('',#11550,#11551,#11552);
#11554=PLANE('',#11553);
#11556=ORIENTED_EDGE('',*,*,#11555,.T.);
#11557=ORIENTED_EDGE('',*,*,#10796,.T.);
#11558=ORIENTED_EDGE('',*,*,#11542,.F.);
#11559=ORIENTED_EDGE('',*,*,#10507,.T.);
#11560=EDGE_LOOP('',(#11556,#11557,#11558,#11559));
#11561=FACE_OUTER_BOUND('',#11560,.F.);
#11563=CARTESIAN_POINT('',(1.794740370824E1,-6.192433684510E0,-2.E1));
#11564=DIRECTION('',(8.981383235887E-1,4.397130333538E-1,0.E0));
#11565=DIRECTION('',(-4.397130333538E-1,8.981383235887E-1,0.E0));
#11566=AXIS2_PLACEMENT_3D('',#11563,#11564,#11565);
#11567=PLANE('',#11566);
#11569=ORIENTED_EDGE('',*,*,#11568,.T.);
#11570=ORIENTED_EDGE('',*,*,#10798,.T.);
#11571=ORIENTED_EDGE('',*,*,#11555,.F.);
#11572=ORIENTED_EDGE('',*,*,#10505,.T.);
#11573=EDGE_LOOP('',(#11569,#11570,#11571,#11572));
#11574=FACE_OUTER_BOUND('',#11573,.F.);
#11576=CARTESIAN_POINT('',(1.789547299221E1,-6.086362309094E0,-2.E1));
#11577=DIRECTION('',(5.627909312417E-1,8.265992787996E-1,0.E0));
#11578=DIRECTION('',(-8.265992787996E-1,5.627909312417E-1,0.E0));
#11579=AXIS2_PLACEMENT_3D('',#11576,#11577,#11578);
#11580=PLANE('',#11579);
#11582=ORIENTED_EDGE('',*,*,#11581,.T.);
#11583=ORIENTED_EDGE('',*,*,#10800,.T.);
#11584=ORIENTED_EDGE('',*,*,#11568,.F.);
#11585=ORIENTED_EDGE('',*,*,#10503,.T.);
#11586=EDGE_LOOP('',(#11582,#11583,#11584,#11585));
#11587=FACE_OUTER_BOUND('',#11586,.F.);
#11589=CARTESIAN_POINT('',(1.781757684388E1,-6.033326639958E0,-2.E1));
#11590=DIRECTION('',(1.677993286083E-1,9.858211730931E-1,0.E0));
#11591=DIRECTION('',(-9.858211730931E-1,1.677993286083E-1,0.E0));
#11592=AXIS2_PLACEMENT_3D('',#11589,#11590,#11591);
#11593=PLANE('',#11592);
#11595=ORIENTED_EDGE('',*,*,#11594,.T.);
#11596=ORIENTED_EDGE('',*,*,#10802,.T.);
#11597=ORIENTED_EDGE('',*,*,#11581,.F.);
#11598=ORIENTED_EDGE('',*,*,#10501,.T.);
#11599=EDGE_LOOP('',(#11595,#11596,#11597,#11598));
#11600=FACE_OUTER_BOUND('',#11599,.F.);
#11602=CARTESIAN_POINT('',(1.766178454722E1,-6.006808805390E0,-2.E1));
#11603=DIRECTION('',(0.E0,1.E0,0.E0));
#11604=DIRECTION('',(-1.E0,0.E0,0.E0));
#11605=AXIS2_PLACEMENT_3D('',#11602,#11603,#11604);
#11606=PLANE('',#11605);
#11607=ORIENTED_EDGE('',*,*,#10881,.T.);
#11608=ORIENTED_EDGE('',*,*,#10804,.T.);
#11609=ORIENTED_EDGE('',*,*,#11594,.F.);
#11610=ORIENTED_EDGE('',*,*,#10499,.T.);
#11611=EDGE_LOOP('',(#11607,#11608,#11609,#11610));
#11612=FACE_OUTER_BOUND('',#11611,.F.);
#11614=CARTESIAN_POINT('',(1.620772306840E1,-5.556005543447E0,-2.E1));
#11615=DIRECTION('',(-8.373790907147E-1,5.466225923193E-1,0.E0));
#11616=DIRECTION('',(-5.466225923193E-1,-8.373790907147E-1,0.E0));
#11617=AXIS2_PLACEMENT_3D('',#11614,#11615,#11616);
#11618=PLANE('',#11617);
#11620=ORIENTED_EDGE('',*,*,#11619,.F.);
#11621=ORIENTED_EDGE('',*,*,#10814,.T.);
#11623=ORIENTED_EDGE('',*,*,#11622,.F.);
#11624=ORIENTED_EDGE('',*,*,#10411,.T.);
#11625=EDGE_LOOP('',(#11620,#11621,#11623,#11624));
#11626=FACE_OUTER_BOUND('',#11625,.F.);
#11628=CARTESIAN_POINT('',(1.615579229666E1,-5.635559047151E0,-2.E1));
#11629=DIRECTION('',(0.E0,1.E0,0.E0));
#11630=DIRECTION('',(-1.E0,0.E0,0.E0));
#11631=AXIS2_PLACEMENT_3D('',#11628,#11629,#11630);
#11632=PLANE('',#11631);
#11634=ORIENTED_EDGE('',*,*,#11633,.T.);
#11635=ORIENTED_EDGE('',*,*,#10816,.T.);
#11636=ORIENTED_EDGE('',*,*,#11619,.T.);
#11637=ORIENTED_EDGE('',*,*,#10409,.T.);
#11638=EDGE_LOOP('',(#11634,#11635,#11636,#11637));
#11639=FACE_OUTER_BOUND('',#11638,.F.);
#11641=CARTESIAN_POINT('',(1.602596538355E1,-5.635559047151E0,-2.E1));
#11642=DIRECTION('',(9.713211522285E-1,-2.377713591533E-1,0.E0));
#11643=DIRECTION('',(2.377713591533E-1,9.713211522285E-1,0.E0));
#11644=AXIS2_PLACEMENT_3D('',#11641,#11642,#11643);
#11645=PLANE('',#11644);
#11647=ORIENTED_EDGE('',*,*,#11646,.T.);
#11648=ORIENTED_EDGE('',*,*,#10818,.T.);
#11649=ORIENTED_EDGE('',*,*,#11633,.F.);
#11650=ORIENTED_EDGE('',*,*,#10407,.T.);
#11651=EDGE_LOOP('',(#11647,#11648,#11649,#11650));
#11652=FACE_OUTER_BOUND('',#11651,.F.);
#11654=CARTESIAN_POINT('',(1.605193076710E1,-5.529487708879E0,-2.E1));
#11655=DIRECTION('',(7.145103900133E-1,-6.996248298646E-1,0.E0));
#11656=DIRECTION('',(6.996248298646E-1,7.145103900133E-1,0.E0));
#11657=AXIS2_PLACEMENT_3D('',#11654,#11655,#11656);
#11658=PLANE('',#11657);
#11660=ORIENTED_EDGE('',*,*,#11659,.T.);
#11661=ORIENTED_EDGE('',*,*,#10820,.T.);
#11662=ORIENTED_EDGE('',*,*,#11646,.F.);
#11663=ORIENTED_EDGE('',*,*,#10405,.T.);
#11664=EDGE_LOOP('',(#11660,#11661,#11662,#11663));
#11665=FACE_OUTER_BOUND('',#11664,.F.);
#11667=CARTESIAN_POINT('',(1.615579229666E1,-5.423416370607E0,-2.E1));
#11668=DIRECTION('',(4.547771350481E-1,-8.906052758868E-1,0.E0));
#11669=DIRECTION('',(8.906052758868E-1,4.547771350481E-1,0.E0));
#11670=AXIS2_PLACEMENT_3D('',#11667,#11668,#11669);
#11671=PLANE('',#11670);
#11673=ORIENTED_EDGE('',*,*,#11672,.T.);
#11674=ORIENTED_EDGE('',*,*,#10822,.T.);
#11675=ORIENTED_EDGE('',*,*,#11659,.F.);
#11676=ORIENTED_EDGE('',*,*,#10403,.T.);
#11677=EDGE_LOOP('',(#11673,#11674,#11675,#11676));
#11678=FACE_OUTER_BOUND('',#11677,.F.);
#11680=CARTESIAN_POINT('',(1.625965382157E1,-5.370380701471E0,-2.E1));
#11681=DIRECTION('',(1.443682357291E-1,-9.895240333173E-1,0.E0));
#11682=DIRECTION('',(9.895240333173E-1,1.443682357291E-1,0.E0));
#11683=AXIS2_PLACEMENT_3D('',#11680,#11681,#11682);
#11684=PLANE('',#11683);
#11686=ORIENTED_EDGE('',*,*,#11685,.T.);
#11687=ORIENTED_EDGE('',*,*,#10824,.T.);
#11688=ORIENTED_EDGE('',*,*,#11672,.F.);
#11689=ORIENTED_EDGE('',*,*,#10401,.T.);
#11690=EDGE_LOOP('',(#11686,#11687,#11688,#11689));
#11691=FACE_OUTER_BOUND('',#11690,.F.);
#11693=CARTESIAN_POINT('',(1.644141149482E1,-5.343862866903E0,-2.E1));
#11694=DIRECTION('',(0.E0,-1.E0,0.E0));
#11695=DIRECTION('',(1.E0,0.E0,0.E0));
#11696=AXIS2_PLACEMENT_3D('',#11693,#11694,#11695);
#11697=PLANE('',#11696);
#11699=ORIENTED_EDGE('',*,*,#11698,.T.);
#11700=ORIENTED_EDGE('',*,*,#10826,.T.);
#11701=ORIENTED_EDGE('',*,*,#11685,.F.);
#11702=ORIENTED_EDGE('',*,*,#10399,.T.);
#11703=EDGE_LOOP('',(#11699,#11700,#11701,#11702));
#11704=FACE_OUTER_BOUND('',#11703,.F.);
#11706=CARTESIAN_POINT('',(1.654527303831E1,-5.343862866903E0,-2.E1));
#11707=DIRECTION('',(-1.677993286083E-1,-9.858211730931E-1,0.E0));
#11708=DIRECTION('',(9.858211730931E-1,-1.677993286083E-1,0.E0));
#11709=AXIS2_PLACEMENT_3D('',#11706,#11707,#11708);
#11710=PLANE('',#11709);
#11712=ORIENTED_EDGE('',*,*,#11711,.T.);
#11713=ORIENTED_EDGE('',*,*,#10828,.T.);
#11714=ORIENTED_EDGE('',*,*,#11698,.F.);
#11715=ORIENTED_EDGE('',*,*,#10397,.T.);
#11716=EDGE_LOOP('',(#11712,#11713,#11714,#11715));
#11717=FACE_OUTER_BOUND('',#11716,.F.);
#11719=CARTESIAN_POINT('',(1.670106533496E1,-5.370380701471E0,-2.E1));
#11720=DIRECTION('',(-4.547771995497E-1,-8.906052429498E-1,0.E0));
#11721=DIRECTION('',(8.906052429498E-1,-4.547771995497E-1,0.E0));
#11722=AXIS2_PLACEMENT_3D('',#11719,#11720,#11721);
#11723=PLANE('',#11722);
#11725=ORIENTED_EDGE('',*,*,#11724,.T.);
#11726=ORIENTED_EDGE('',*,*,#10830,.T.);
#11727=ORIENTED_EDGE('',*,*,#11711,.F.);
#11728=ORIENTED_EDGE('',*,*,#10395,.T.);
#11729=EDGE_LOOP('',(#11725,#11726,#11727,#11728));
#11730=FACE_OUTER_BOUND('',#11729,.F.);
#11732=CARTESIAN_POINT('',(1.680492684131E1,-5.423416370607E0,-2.E1));
#11733=DIRECTION('',(-7.145102180353E-1,-6.996250055017E-1,0.E0));
#11734=DIRECTION('',(6.996250055017E-1,-7.145102180353E-1,0.E0));
#11735=AXIS2_PLACEMENT_3D('',#11732,#11733,#11734);
#11736=PLANE('',#11735);
#11738=ORIENTED_EDGE('',*,*,#11737,.T.);
#11739=ORIENTED_EDGE('',*,*,#10832,.T.);
#11740=ORIENTED_EDGE('',*,*,#11724,.F.);
#11741=ORIENTED_EDGE('',*,*,#10393,.T.);
#11742=EDGE_LOOP('',(#11738,#11739,#11740,#11741));
#11743=FACE_OUTER_BOUND('',#11742,.F.);
#11745=CARTESIAN_POINT('',(1.690878842194E1,-5.529487708879E0,-2.E1));
#11746=DIRECTION('',(-9.713212062349E-1,-2.377711385310E-1,0.E0));
#11747=DIRECTION('',(2.377711385310E-1,-9.713212062349E-1,0.E0));
#11748=AXIS2_PLACEMENT_3D('',#11745,#11746,#11747);
#11749=PLANE('',#11748);
#11751=ORIENTED_EDGE('',*,*,#11750,.T.);
#11752=ORIENTED_EDGE('',*,*,#10834,.T.);
#11753=ORIENTED_EDGE('',*,*,#11737,.F.);
#11754=ORIENTED_EDGE('',*,*,#10391,.T.);
#11755=EDGE_LOOP('',(#11751,#11752,#11753,#11754));
#11756=FACE_OUTER_BOUND('',#11755,.F.);
#11758=CARTESIAN_POINT('',(1.693475377995E1,-5.635559047151E0,-2.E1));
#11759=DIRECTION('',(-1.E0,0.E0,0.E0));
#11760=DIRECTION('',(0.E0,-1.E0,0.E0));
#11761=AXIS2_PLACEMENT_3D('',#11758,#11759,#11760);
#11762=PLANE('',#11761);
#11764=ORIENTED_EDGE('',*,*,#11763,.T.);
#11765=ORIENTED_EDGE('',*,*,#10836,.T.);
#11766=ORIENTED_EDGE('',*,*,#11750,.F.);
#11767=ORIENTED_EDGE('',*,*,#10389,.T.);
#11768=EDGE_LOOP('',(#11764,#11765,#11766,#11767));
#11769=FACE_OUTER_BOUND('',#11768,.F.);
#11771=CARTESIAN_POINT('',(1.693475377995E1,-5.688594790574E0,-2.E1));
#11772=DIRECTION('',(-9.713212062349E-1,2.377711385310E-1,0.E0));
#11773=DIRECTION('',(-2.377711385310E-1,-9.713212062349E-1,0.E0));
#11774=AXIS2_PLACEMENT_3D('',#11771,#11772,#11773);
#11775=PLANE('',#11774);
#11777=ORIENTED_EDGE('',*,*,#11776,.T.);
#11778=ORIENTED_EDGE('',*,*,#10838,.T.);
#11779=ORIENTED_EDGE('',*,*,#11763,.F.);
#11780=ORIENTED_EDGE('',*,*,#10387,.T.);
#11781=EDGE_LOOP('',(#11777,#11778,#11779,#11780));
#11782=FACE_OUTER_BOUND('',#11781,.F.);
#11784=CARTESIAN_POINT('',(1.690878842194E1,-5.794666128846E0,-2.E1));
#11785=DIRECTION('',(-8.373790012341E-1,5.466227293958E-1,0.E0));
#11786=DIRECTION('',(-5.466227293958E-1,-8.373790012341E-1,0.E0));
#11787=AXIS2_PLACEMENT_3D('',#11784,#11785,#11786);
#11788=PLANE('',#11787);
#11790=ORIENTED_EDGE('',*,*,#11789,.T.);
#11791=ORIENTED_EDGE('',*,*,#10840,.T.);
#11792=ORIENTED_EDGE('',*,*,#11776,.F.);
#11793=ORIENTED_EDGE('',*,*,#10385,.T.);
#11794=EDGE_LOOP('',(#11790,#11791,#11792,#11793));
#11795=FACE_OUTER_BOUND('',#11794,.F.);
#11797=CARTESIAN_POINT('',(1.685685763162E1,-5.874219632550E0,-2.E1));
#11798=DIRECTION('',(-6.684399804373E-1,7.437660872566E-1,0.E0));
#11799=DIRECTION('',(-7.437660872566E-1,-6.684399804373E-1,0.E0));
#11800=AXIS2_PLACEMENT_3D('',#11797,#11798,#11799);
#11801=PLANE('',#11800);
#11803=ORIENTED_EDGE('',*,*,#11802,.T.);
#11804=ORIENTED_EDGE('',*,*,#10842,.T.);
#11805=ORIENTED_EDGE('',*,*,#11789,.F.);
#11806=ORIENTED_EDGE('',*,*,#10383,.T.);
#11807=EDGE_LOOP('',(#11803,#11804,#11805,#11806));
#11808=FACE_OUTER_BOUND('',#11807,.F.);
#11810=CARTESIAN_POINT('',(1.620772306840E1,-6.457612048762E0,-2.E1));
#11811=DIRECTION('',(0.E0,-1.E0,0.E0));
#11812=DIRECTION('',(1.E0,0.E0,0.E0));
#11813=AXIS2_PLACEMENT_3D('',#11810,#11811,#11812);
#11814=PLANE('',#11813);
#11816=ORIENTED_EDGE('',*,*,#11815,.T.);
#11817=ORIENTED_EDGE('',*,*,#10844,.T.);
#11818=ORIENTED_EDGE('',*,*,#11802,.F.);
#11819=ORIENTED_EDGE('',*,*,#10381,.T.);
#11820=EDGE_LOOP('',(#11816,#11817,#11818,#11819));
#11821=FACE_OUTER_BOUND('',#11820,.F.);
#11823=CARTESIAN_POINT('',(1.693475377995E1,-6.457612048762E0,-2.E1));
#11824=DIRECTION('',(-1.E0,0.E0,0.E0));
#11825=DIRECTION('',(0.E0,-1.E0,0.E0));
#11826=AXIS2_PLACEMENT_3D('',#11823,#11824,#11825);
#11827=PLANE('',#11826);
#11829=ORIENTED_EDGE('',*,*,#11828,.T.);
#11830=ORIENTED_EDGE('',*,*,#10846,.T.);
#11831=ORIENTED_EDGE('',*,*,#11815,.F.);
#11832=ORIENTED_EDGE('',*,*,#10379,.T.);
#11833=EDGE_LOOP('',(#11829,#11830,#11831,#11832));
#11834=FACE_OUTER_BOUND('',#11833,.F.);
#11836=CARTESIAN_POINT('',(1.693475377995E1,-6.590201240174E0,-2.E1));
#11837=DIRECTION('',(0.E0,1.E0,0.E0));
#11838=DIRECTION('',(-1.E0,0.E0,0.E0));
#11839=AXIS2_PLACEMENT_3D('',#11836,#11837,#11838);
#11840=PLANE('',#11839);
#11842=ORIENTED_EDGE('',*,*,#11841,.T.);
#11843=ORIENTED_EDGE('',*,*,#10848,.T.);
#11844=ORIENTED_EDGE('',*,*,#11828,.F.);
#11845=ORIENTED_EDGE('',*,*,#10377,.T.);
#11846=EDGE_LOOP('',(#11842,#11843,#11844,#11845));
#11847=FACE_OUTER_BOUND('',#11846,.F.);
#11849=CARTESIAN_POINT('',(1.6E1,-6.590201240174E0,-2.E1));
#11850=DIRECTION('',(1.E0,0.E0,0.E0));
#11851=DIRECTION('',(0.E0,1.E0,0.E0));
#11852=AXIS2_PLACEMENT_3D('',#11849,#11850,#11851);
#11853=PLANE('',#11852);
#11855=ORIENTED_EDGE('',*,*,#11854,.T.);
#11856=ORIENTED_EDGE('',*,*,#10850,.T.);
#11857=ORIENTED_EDGE('',*,*,#11841,.F.);
#11858=ORIENTED_EDGE('',*,*,#10375,.T.);
#11859=EDGE_LOOP('',(#11855,#11856,#11857,#11858));
#11860=FACE_OUTER_BOUND('',#11859,.F.);
#11862=CARTESIAN_POINT('',(1.6E1,-6.457612048762E0,-2.E1));
#11863=DIRECTION('',(6.737899277363E-1,-7.389229549020E-1,0.E0));
#11864=DIRECTION('',(7.389229549020E-1,6.737899277363E-1,0.E0));
#11865=AXIS2_PLACEMENT_3D('',#11862,#11863,#11864);
#11866=PLANE('',#11865);
#11868=ORIENTED_EDGE('',*,*,#11867,.T.);
#11869=ORIENTED_EDGE('',*,*,#10852,.T.);
#11870=ORIENTED_EDGE('',*,*,#11854,.F.);
#11871=ORIENTED_EDGE('',*,*,#10373,.T.);
#11872=EDGE_LOOP('',(#11868,#11869,#11870,#11871));
#11873=FACE_OUTER_BOUND('',#11872,.F.);
#11875=CARTESIAN_POINT('',(1.672703069298E1,-5.794666128846E0,-2.E1));
#11876=DIRECTION('',(8.981380143666E-1,-4.397136649566E-1,0.E0));
#11877=DIRECTION('',(4.397136649566E-1,8.981380143666E-1,0.E0));
#11878=AXIS2_PLACEMENT_3D('',#11875,#11876,#11877);
#11879=PLANE('',#11878);
#11881=ORIENTED_EDGE('',*,*,#11880,.T.);
#11882=ORIENTED_EDGE('',*,*,#10854,.T.);
#11883=ORIENTED_EDGE('',*,*,#11867,.F.);
#11884=ORIENTED_EDGE('',*,*,#10427,.T.);
#11885=EDGE_LOOP('',(#11881,#11882,#11883,#11884));
#11886=FACE_OUTER_BOUND('',#11885,.F.);
#11888=CARTESIAN_POINT('',(1.677896148329E1,-5.688594790574E0,-2.E1));
#11889=DIRECTION('',(1.E0,0.E0,0.E0));
#11890=DIRECTION('',(0.E0,1.E0,0.E0));
#11891=AXIS2_PLACEMENT_3D('',#11888,#11889,#11890);
#11892=PLANE('',#11891);
#11894=ORIENTED_EDGE('',*,*,#11893,.T.);
#11895=ORIENTED_EDGE('',*,*,#10856,.T.);
#11896=ORIENTED_EDGE('',*,*,#11880,.F.);
#11897=ORIENTED_EDGE('',*,*,#10425,.T.);
#11898=EDGE_LOOP('',(#11894,#11895,#11896,#11897));
#11899=FACE_OUTER_BOUND('',#11898,.F.);
#11901=CARTESIAN_POINT('',(1.677896148329E1,-5.635559047151E0,-2.E1));
#11902=DIRECTION('',(8.373790012341E-1,5.466227293958E-1,0.E0));
#11903=DIRECTION('',(-5.466227293958E-1,8.373790012341E-1,0.E0));
#11904=AXIS2_PLACEMENT_3D('',#11901,#11902,#11903);
#11905=PLANE('',#11904);
#11907=ORIENTED_EDGE('',*,*,#11906,.T.);
#11908=ORIENTED_EDGE('',*,*,#10858,.T.);
#11909=ORIENTED_EDGE('',*,*,#11893,.F.);
#11910=ORIENTED_EDGE('',*,*,#10423,.T.);
#11911=EDGE_LOOP('',(#11907,#11908,#11909,#11910));
#11912=FACE_OUTER_BOUND('',#11911,.F.);
#11914=CARTESIAN_POINT('',(1.672703069298E1,-5.556005543447E0,-2.E1));
#11915=DIRECTION('',(5.627909312417E-1,8.265992787996E-1,0.E0));
#11916=DIRECTION('',(-8.265992787996E-1,5.627909312417E-1,0.E0));
#11917=AXIS2_PLACEMENT_3D('',#11914,#11915,#11916);
#11918=PLANE('',#11917);
#11920=ORIENTED_EDGE('',*,*,#11919,.T.);
#11921=ORIENTED_EDGE('',*,*,#10860,.T.);
#11922=ORIENTED_EDGE('',*,*,#11906,.F.);
#11923=ORIENTED_EDGE('',*,*,#10421,.T.);
#11924=EDGE_LOOP('',(#11920,#11921,#11922,#11923));
#11925=FACE_OUTER_BOUND('',#11924,.F.);
#11927=CARTESIAN_POINT('',(1.664913454465E1,-5.502969874311E0,-2.E1));
#11928=DIRECTION('',(2.001233733807E-1,9.797707055361E-1,0.E0));
#11929=DIRECTION('',(-9.797707055361E-1,2.001233733807E-1,0.E0));
#11930=AXIS2_PLACEMENT_3D('',#11927,#11928,#11929);
#11931=PLANE('',#11930);
#11933=ORIENTED_EDGE('',*,*,#11932,.T.);
#11934=ORIENTED_EDGE('',*,*,#10862,.T.);
#11935=ORIENTED_EDGE('',*,*,#11919,.F.);
#11936=ORIENTED_EDGE('',*,*,#10419,.T.);
#11937=EDGE_LOOP('',(#11933,#11934,#11935,#11936));
#11938=FACE_OUTER_BOUND('',#11937,.F.);
#11940=CARTESIAN_POINT('',(1.651930764315E1,-5.476452039743E0,-2.E1));
#11941=DIRECTION('',(0.E0,1.E0,0.E0));
#11942=DIRECTION('',(-1.E0,0.E0,0.E0));
#11943=AXIS2_PLACEMENT_3D('',#11940,#11941,#11942);
#11944=PLANE('',#11943);
#11946=ORIENTED_EDGE('',*,*,#11945,.T.);
#11947=ORIENTED_EDGE('',*,*,#10864,.T.);
#11948=ORIENTED_EDGE('',*,*,#11932,.F.);
#11949=ORIENTED_EDGE('',*,*,#10417,.T.);
#11950=EDGE_LOOP('',(#11946,#11947,#11948,#11949));
#11951=FACE_OUTER_BOUND('',#11950,.F.);
#11953=CARTESIAN_POINT('',(1.641544613680E1,-5.476452039743E0,-2.E1));
#11954=DIRECTION('',(-2.001233458994E-1,9.797707111493E-1,0.E0));
#11955=DIRECTION('',(-9.797707111493E-1,-2.001233458994E-1,0.E0));
#11956=AXIS2_PLACEMENT_3D('',#11953,#11954,#11955);
#11957=PLANE('',#11956);
#11959=ORIENTED_EDGE('',*,*,#11958,.T.);
#11960=ORIENTED_EDGE('',*,*,#10866,.T.);
#11961=ORIENTED_EDGE('',*,*,#11945,.F.);
#11962=ORIENTED_EDGE('',*,*,#10415,.T.);
#11963=EDGE_LOOP('',(#11959,#11960,#11961,#11962));
#11964=FACE_OUTER_BOUND('',#11963,.F.);
#11966=CARTESIAN_POINT('',(1.628561921673E1,-5.502969874311E0,-2.E1));
#11967=DIRECTION('',(-5.627909312417E-1,8.265992787996E-1,0.E0));
#11968=DIRECTION('',(-8.265992787996E-1,-5.627909312417E-1,0.E0));
#11969=AXIS2_PLACEMENT_3D('',#11966,#11967,#11968);
#11970=PLANE('',#11969);
#11971=ORIENTED_EDGE('',*,*,#11622,.T.);
#11972=ORIENTED_EDGE('',*,*,#10868,.T.);
#11973=ORIENTED_EDGE('',*,*,#11958,.F.);
#11974=ORIENTED_EDGE('',*,*,#10413,.T.);
#11975=EDGE_LOOP('',(#11971,#11972,#11973,#11974));
#11976=FACE_OUTER_BOUND('',#11975,.F.);
#11978=CARTESIAN_POINT('',(-1.4E1,4.000000000001E0,-2.E1));
#11979=DIRECTION('',(0.E0,0.E0,1.E0));
#11980=DIRECTION('',(1.E0,0.E0,0.E0));
#11981=AXIS2_PLACEMENT_3D('',#11978,#11979,#11980);
#11982=CYLINDRICAL_SURFACE('',#11981,6.5E-1);
#11983=ORIENTED_EDGE('',*,*,#10163,.F.);
#11985=ORIENTED_EDGE('',*,*,#11984,.T.);
#11987=ORIENTED_EDGE('',*,*,#11986,.T.);
#11989=ORIENTED_EDGE('',*,*,#11988,.F.);
#11990=EDGE_LOOP('',(#11983,#11985,#11987,#11989));
#11991=FACE_OUTER_BOUND('',#11990,.F.);
#11993=CARTESIAN_POINT('',(-1.4E1,4.000000000001E0,-2.E1));
#11994=DIRECTION('',(0.E0,0.E0,1.E0));
#11995=DIRECTION('',(1.E0,0.E0,0.E0));
#11996=AXIS2_PLACEMENT_3D('',#11993,#11994,#11995);
#11997=CYLINDRICAL_SURFACE('',#11996,6.5E-1);
#11998=ORIENTED_EDGE('',*,*,#10165,.F.);
#11999=ORIENTED_EDGE('',*,*,#11988,.T.);
#12001=ORIENTED_EDGE('',*,*,#12000,.T.);
#12002=ORIENTED_EDGE('',*,*,#11984,.F.);
#12003=EDGE_LOOP('',(#11998,#11999,#12001,#12002));
#12004=FACE_OUTER_BOUND('',#12003,.F.);
#12006=CARTESIAN_POINT('',(0.E0,0.E0,-1.2475E1));
#12007=DIRECTION('',(0.E0,0.E0,1.E0));
#12008=DIRECTION('',(1.E0,0.E0,0.E0));
#12009=AXIS2_PLACEMENT_3D('',#12006,#12007,#12008);
#12010=PLANE('',#12009);
#12011=ORIENTED_EDGE('',*,*,#11986,.F.);
#12012=ORIENTED_EDGE('',*,*,#12000,.F.);
#12013=EDGE_LOOP('',(#12011,#12012));
#12014=FACE_OUTER_BOUND('',#12013,.F.);
#12016=CARTESIAN_POINT('',(0.E0,0.E0,-1.2475E1));
#12017=DIRECTION('',(0.E0,0.E0,1.E0));
#12018=DIRECTION('',(1.E0,0.E0,0.E0));
#12019=AXIS2_PLACEMENT_3D('',#12016,#12017,#12018);
#12020=PLANE('',#12019);
#12022=ORIENTED_EDGE('',*,*,#12021,.F.);
#12024=ORIENTED_EDGE('',*,*,#12023,.F.);
#12025=EDGE_LOOP('',(#12022,#12024));
#12026=FACE_OUTER_BOUND('',#12025,.F.);
#12028=CARTESIAN_POINT('',(0.E0,0.E0,-1.2475E1));
#12029=DIRECTION('',(0.E0,0.E0,1.E0));
#12030=DIRECTION('',(1.E0,0.E0,0.E0));
#12031=AXIS2_PLACEMENT_3D('',#12028,#12029,#12030);
#12032=PLANE('',#12031);
#12034=ORIENTED_EDGE('',*,*,#12033,.F.);
#12036=ORIENTED_EDGE('',*,*,#12035,.F.);
#12037=EDGE_LOOP('',(#12034,#12036));
#12038=FACE_OUTER_BOUND('',#12037,.F.);
#12040=CARTESIAN_POINT('',(0.E0,0.E0,-1.2475E1));
#12041=DIRECTION('',(0.E0,0.E0,1.E0));
#12042=DIRECTION('',(1.E0,0.E0,0.E0));
#12043=AXIS2_PLACEMENT_3D('',#12040,#12041,#12042);
#12044=PLANE('',#12043);
#12046=ORIENTED_EDGE('',*,*,#12045,.F.);
#12048=ORIENTED_EDGE('',*,*,#12047,.F.);
#12049=EDGE_LOOP('',(#12046,#12048));
#12050=FACE_OUTER_BOUND('',#12049,.F.);
#12052=CARTESIAN_POINT('',(0.E0,0.E0,-1.2475E1));
#12053=DIRECTION('',(0.E0,0.E0,1.E0));
#12054=DIRECTION('',(1.E0,0.E0,0.E0));
#12055=AXIS2_PLACEMENT_3D('',#12052,#12053,#12054);
#12056=PLANE('',#12055);
#12058=ORIENTED_EDGE('',*,*,#12057,.F.);
#12060=ORIENTED_EDGE('',*,*,#12059,.F.);
#12061=EDGE_LOOP('',(#12058,#12060));
#12062=FACE_OUTER_BOUND('',#12061,.F.);
#12064=CARTESIAN_POINT('',(0.E0,0.E0,-1.2475E1));
#12065=DIRECTION('',(0.E0,0.E0,1.E0));
#12066=DIRECTION('',(1.E0,0.E0,0.E0));
#12067=AXIS2_PLACEMENT_3D('',#12064,#12065,#12066);
#12068=PLANE('',#12067);
#12070=ORIENTED_EDGE('',*,*,#12069,.F.);
#12072=ORIENTED_EDGE('',*,*,#12071,.F.);
#12073=EDGE_LOOP('',(#12070,#12072));
#12074=FACE_OUTER_BOUND('',#12073,.F.);
#12076=CARTESIAN_POINT('',(0.E0,0.E0,-1.2475E1));
#12077=DIRECTION('',(0.E0,0.E0,1.E0));
#12078=DIRECTION('',(1.E0,0.E0,0.E0));
#12079=AXIS2_PLACEMENT_3D('',#12076,#12077,#12078);
#12080=PLANE('',#12079);
#12082=ORIENTED_EDGE('',*,*,#12081,.F.);
#12084=ORIENTED_EDGE('',*,*,#12083,.F.);
#12085=EDGE_LOOP('',(#12082,#12084));
#12086=FACE_OUTER_BOUND('',#12085,.F.);
#12088=CARTESIAN_POINT('',(0.E0,0.E0,-1.2475E1));
#12089=DIRECTION('',(0.E0,0.E0,1.E0));
#12090=DIRECTION('',(1.E0,0.E0,0.E0));
#12091=AXIS2_PLACEMENT_3D('',#12088,#12089,#12090);
#12092=PLANE('',#12091);
#12094=ORIENTED_EDGE('',*,*,#12093,.F.);
#12096=ORIENTED_EDGE('',*,*,#12095,.F.);
#12097=EDGE_LOOP('',(#12094,#12096));
#12098=FACE_OUTER_BOUND('',#12097,.F.);
#12100=CARTESIAN_POINT('',(0.E0,0.E0,-1.2475E1));
#12101=DIRECTION('',(0.E0,0.E0,1.E0));
#12102=DIRECTION('',(1.E0,0.E0,0.E0));
#12103=AXIS2_PLACEMENT_3D('',#12100,#12101,#12102);
#12104=PLANE('',#12103);
#12106=ORIENTED_EDGE('',*,*,#12105,.F.);
#12108=ORIENTED_EDGE('',*,*,#12107,.F.);
#12109=EDGE_LOOP('',(#12106,#12108));
#12110=FACE_OUTER_BOUND('',#12109,.F.);
#12112=CARTESIAN_POINT('',(0.E0,0.E0,-1.2475E1));
#12113=DIRECTION('',(0.E0,0.E0,1.E0));
#12114=DIRECTION('',(1.E0,0.E0,0.E0));
#12115=AXIS2_PLACEMENT_3D('',#12112,#12113,#12114);
#12116=PLANE('',#12115);
#12118=ORIENTED_EDGE('',*,*,#12117,.F.);
#12120=ORIENTED_EDGE('',*,*,#12119,.F.);
#12121=EDGE_LOOP('',(#12118,#12120));
#12122=FACE_OUTER_BOUND('',#12121,.F.);
#12124=CARTESIAN_POINT('',(0.E0,0.E0,-1.2475E1));
#12125=DIRECTION('',(0.E0,0.E0,1.E0));
#12126=DIRECTION('',(1.E0,0.E0,0.E0));
#12127=AXIS2_PLACEMENT_3D('',#12124,#12125,#12126);
#12128=PLANE('',#12127);
#12130=ORIENTED_EDGE('',*,*,#12129,.F.);
#12132=ORIENTED_EDGE('',*,*,#12131,.F.);
#12133=EDGE_LOOP('',(#12130,#12132));
#12134=FACE_OUTER_BOUND('',#12133,.F.);
#12136=CARTESIAN_POINT('',(0.E0,0.E0,-1.2475E1));
#12137=DIRECTION('',(0.E0,0.E0,1.E0));
#12138=DIRECTION('',(1.E0,0.E0,0.E0));
#12139=AXIS2_PLACEMENT_3D('',#12136,#12137,#12138);
#12140=PLANE('',#12139);
#12142=ORIENTED_EDGE('',*,*,#12141,.F.);
#12144=ORIENTED_EDGE('',*,*,#12143,.F.);
#12145=EDGE_LOOP('',(#12142,#12144));
#12146=FACE_OUTER_BOUND('',#12145,.F.);
#12148=CARTESIAN_POINT('',(0.E0,0.E0,-1.2475E1));
#12149=DIRECTION('',(0.E0,0.E0,1.E0));
#12150=DIRECTION('',(1.E0,0.E0,0.E0));
#12151=AXIS2_PLACEMENT_3D('',#12148,#12149,#12150);
#12152=PLANE('',#12151);
#12154=ORIENTED_EDGE('',*,*,#12153,.F.);
#12156=ORIENTED_EDGE('',*,*,#12155,.F.);
#12157=EDGE_LOOP('',(#12154,#12156));
#12158=FACE_OUTER_BOUND('',#12157,.F.);
#12160=CARTESIAN_POINT('',(0.E0,0.E0,-1.2475E1));
#12161=DIRECTION('',(0.E0,0.E0,1.E0));
#12162=DIRECTION('',(1.E0,0.E0,0.E0));
#12163=AXIS2_PLACEMENT_3D('',#12160,#12161,#12162);
#12164=PLANE('',#12163);
#12166=ORIENTED_EDGE('',*,*,#12165,.F.);
#12168=ORIENTED_EDGE('',*,*,#12167,.F.);
#12169=EDGE_LOOP('',(#12166,#12168));
#12170=FACE_OUTER_BOUND('',#12169,.F.);
#12172=CARTESIAN_POINT('',(0.E0,0.E0,-1.2475E1));
#12173=DIRECTION('',(0.E0,0.E0,1.E0));
#12174=DIRECTION('',(1.E0,0.E0,0.E0));
#12175=AXIS2_PLACEMENT_3D('',#12172,#12173,#12174);
#12176=PLANE('',#12175);
#12178=ORIENTED_EDGE('',*,*,#12177,.F.);
#12180=ORIENTED_EDGE('',*,*,#12179,.F.);
#12181=EDGE_LOOP('',(#12178,#12180));
#12182=FACE_OUTER_BOUND('',#12181,.F.);
#12184=CARTESIAN_POINT('',(0.E0,0.E0,-1.2475E1));
#12185=DIRECTION('',(0.E0,0.E0,1.E0));
#12186=DIRECTION('',(1.E0,0.E0,0.E0));
#12187=AXIS2_PLACEMENT_3D('',#12184,#12185,#12186);
#12188=PLANE('',#12187);
#12190=ORIENTED_EDGE('',*,*,#12189,.F.);
#12192=ORIENTED_EDGE('',*,*,#12191,.F.);
#12193=EDGE_LOOP('',(#12190,#12192));
#12194=FACE_OUTER_BOUND('',#12193,.F.);
#12196=CARTESIAN_POINT('',(0.E0,0.E0,-1.2475E1));
#12197=DIRECTION('',(0.E0,0.E0,1.E0));
#12198=DIRECTION('',(1.E0,0.E0,0.E0));
#12199=AXIS2_PLACEMENT_3D('',#12196,#12197,#12198);
#12200=PLANE('',#12199);
#12202=ORIENTED_EDGE('',*,*,#12201,.F.);
#12204=ORIENTED_EDGE('',*,*,#12203,.F.);
#12205=EDGE_LOOP('',(#12202,#12204));
#12206=FACE_OUTER_BOUND('',#12205,.F.);
#12208=CARTESIAN_POINT('',(0.E0,0.E0,-1.2475E1));
#12209=DIRECTION('',(0.E0,0.E0,1.E0));
#12210=DIRECTION('',(1.E0,0.E0,0.E0));
#12211=AXIS2_PLACEMENT_3D('',#12208,#12209,#12210);
#12212=PLANE('',#12211);
#12214=ORIENTED_EDGE('',*,*,#12213,.F.);
#12216=ORIENTED_EDGE('',*,*,#12215,.F.);
#12217=EDGE_LOOP('',(#12214,#12216));
#12218=FACE_OUTER_BOUND('',#12217,.F.);
#12220=CARTESIAN_POINT('',(0.E0,0.E0,-1.2475E1));
#12221=DIRECTION('',(0.E0,0.E0,1.E0));
#12222=DIRECTION('',(1.E0,0.E0,0.E0));
#12223=AXIS2_PLACEMENT_3D('',#12220,#12221,#12222);
#12224=PLANE('',#12223);
#12226=ORIENTED_EDGE('',*,*,#12225,.F.);
#12228=ORIENTED_EDGE('',*,*,#12227,.F.);
#12229=EDGE_LOOP('',(#12226,#12228));
#12230=FACE_OUTER_BOUND('',#12229,.F.);
#12232=CARTESIAN_POINT('',(0.E0,0.E0,-1.2475E1));
#12233=DIRECTION('',(0.E0,0.E0,1.E0));
#12234=DIRECTION('',(1.E0,0.E0,0.E0));
#12235=AXIS2_PLACEMENT_3D('',#12232,#12233,#12234);
#12236=PLANE('',#12235);
#12238=ORIENTED_EDGE('',*,*,#12237,.F.);
#12240=ORIENTED_EDGE('',*,*,#12239,.F.);
#12241=EDGE_LOOP('',(#12238,#12240));
#12242=FACE_OUTER_BOUND('',#12241,.F.);
#12244=CARTESIAN_POINT('',(0.E0,0.E0,-1.2475E1));
#12245=DIRECTION('',(0.E0,0.E0,1.E0));
#12246=DIRECTION('',(1.E0,0.E0,0.E0));
#12247=AXIS2_PLACEMENT_3D('',#12244,#12245,#12246);
#12248=PLANE('',#12247);
#12250=ORIENTED_EDGE('',*,*,#12249,.F.);
#12252=ORIENTED_EDGE('',*,*,#12251,.F.);
#12253=EDGE_LOOP('',(#12250,#12252));
#12254=FACE_OUTER_BOUND('',#12253,.F.);
#12256=CARTESIAN_POINT('',(0.E0,0.E0,-1.2475E1));
#12257=DIRECTION('',(0.E0,0.E0,1.E0));
#12258=DIRECTION('',(1.E0,0.E0,0.E0));
#12259=AXIS2_PLACEMENT_3D('',#12256,#12257,#12258);
#12260=PLANE('',#12259);
#12262=ORIENTED_EDGE('',*,*,#12261,.F.);
#12264=ORIENTED_EDGE('',*,*,#12263,.F.);
#12265=EDGE_LOOP('',(#12262,#12264));
#12266=FACE_OUTER_BOUND('',#12265,.F.);
#12268=CARTESIAN_POINT('',(0.E0,0.E0,-1.2475E1));
#12269=DIRECTION('',(0.E0,0.E0,1.E0));
#12270=DIRECTION('',(1.E0,0.E0,0.E0));
#12271=AXIS2_PLACEMENT_3D('',#12268,#12269,#12270);
#12272=PLANE('',#12271);
#12274=ORIENTED_EDGE('',*,*,#12273,.F.);
#12276=ORIENTED_EDGE('',*,*,#12275,.F.);
#12277=EDGE_LOOP('',(#12274,#12276));
#12278=FACE_OUTER_BOUND('',#12277,.F.);
#12280=CARTESIAN_POINT('',(-1.2E1,1.077689183250E-14,-2.E1));
#12281=DIRECTION('',(0.E0,0.E0,1.E0));
#12282=DIRECTION('',(1.E0,0.E0,0.E0));
#12283=AXIS2_PLACEMENT_3D('',#12280,#12281,#12282);
#12284=CYLINDRICAL_SURFACE('',#12283,6.5E-1);
#12285=ORIENTED_EDGE('',*,*,#10169,.F.);
#12287=ORIENTED_EDGE('',*,*,#12286,.T.);
#12288=ORIENTED_EDGE('',*,*,#12021,.T.);
#12290=ORIENTED_EDGE('',*,*,#12289,.F.);
#12291=EDGE_LOOP('',(#12285,#12287,#12288,#12290));
#12292=FACE_OUTER_BOUND('',#12291,.F.);
#12294=CARTESIAN_POINT('',(-1.2E1,1.077689183250E-14,-2.E1));
#12295=DIRECTION('',(0.E0,0.E0,1.E0));
#12296=DIRECTION('',(1.E0,0.E0,0.E0));
#12297=AXIS2_PLACEMENT_3D('',#12294,#12295,#12296);
#12298=CYLINDRICAL_SURFACE('',#12297,6.5E-1);
#12299=ORIENTED_EDGE('',*,*,#10171,.F.);
#12300=ORIENTED_EDGE('',*,*,#12289,.T.);
#12301=ORIENTED_EDGE('',*,*,#12023,.T.);
#12302=ORIENTED_EDGE('',*,*,#12286,.F.);
#12303=EDGE_LOOP('',(#12299,#12300,#12301,#12302));
#12304=FACE_OUTER_BOUND('',#12303,.F.);
#12306=CARTESIAN_POINT('',(-1.4E1,-4.000000000001E0,-2.E1));
#12307=DIRECTION('',(0.E0,0.E0,1.E0));
#12308=DIRECTION('',(1.E0,0.E0,0.E0));
#12309=AXIS2_PLACEMENT_3D('',#12306,#12307,#12308);
#12310=CYLINDRICAL_SURFACE('',#12309,6.5E-1);
#12311=ORIENTED_EDGE('',*,*,#10175,.F.);
#12313=ORIENTED_EDGE('',*,*,#12312,.T.);
#12314=ORIENTED_EDGE('',*,*,#12033,.T.);
#12316=ORIENTED_EDGE('',*,*,#12315,.F.);
#12317=EDGE_LOOP('',(#12311,#12313,#12314,#12316));
#12318=FACE_OUTER_BOUND('',#12317,.F.);
#12320=CARTESIAN_POINT('',(-1.4E1,-4.000000000001E0,-2.E1));
#12321=DIRECTION('',(0.E0,0.E0,1.E0));
#12322=DIRECTION('',(1.E0,0.E0,0.E0));
#12323=AXIS2_PLACEMENT_3D('',#12320,#12321,#12322);
#12324=CYLINDRICAL_SURFACE('',#12323,6.5E-1);
#12325=ORIENTED_EDGE('',*,*,#10177,.F.);
#12326=ORIENTED_EDGE('',*,*,#12315,.T.);
#12327=ORIENTED_EDGE('',*,*,#12035,.T.);
#12328=ORIENTED_EDGE('',*,*,#12312,.F.);
#12329=EDGE_LOOP('',(#12325,#12326,#12327,#12328));
#12330=FACE_OUTER_BOUND('',#12329,.F.);
#12332=CARTESIAN_POINT('',(-1.E1,-4.000000000001E0,-2.E1));
#12333=DIRECTION('',(0.E0,0.E0,1.E0));
#12334=DIRECTION('',(1.E0,0.E0,0.E0));
#12335=AXIS2_PLACEMENT_3D('',#12332,#12333,#12334);
#12336=CYLINDRICAL_SURFACE('',#12335,6.5E-1);
#12337=ORIENTED_EDGE('',*,*,#10181,.F.);
#12339=ORIENTED_EDGE('',*,*,#12338,.T.);
#12340=ORIENTED_EDGE('',*,*,#12045,.T.);
#12342=ORIENTED_EDGE('',*,*,#12341,.F.);
#12343=EDGE_LOOP('',(#12337,#12339,#12340,#12342));
#12344=FACE_OUTER_BOUND('',#12343,.F.);
#12346=CARTESIAN_POINT('',(-1.E1,-4.000000000001E0,-2.E1));
#12347=DIRECTION('',(0.E0,0.E0,1.E0));
#12348=DIRECTION('',(1.E0,0.E0,0.E0));
#12349=AXIS2_PLACEMENT_3D('',#12346,#12347,#12348);
#12350=CYLINDRICAL_SURFACE('',#12349,6.5E-1);
#12351=ORIENTED_EDGE('',*,*,#10183,.F.);
#12352=ORIENTED_EDGE('',*,*,#12341,.T.);
#12353=ORIENTED_EDGE('',*,*,#12047,.T.);
#12354=ORIENTED_EDGE('',*,*,#12338,.F.);
#12355=EDGE_LOOP('',(#12351,#12352,#12353,#12354));
#12356=FACE_OUTER_BOUND('',#12355,.F.);
#12358=CARTESIAN_POINT('',(-8.E0,1.126675055216E-14,-2.E1));
#12359=DIRECTION('',(0.E0,0.E0,1.E0));
#12360=DIRECTION('',(1.E0,0.E0,0.E0));
#12361=AXIS2_PLACEMENT_3D('',#12358,#12359,#12360);
#12362=CYLINDRICAL_SURFACE('',#12361,6.5E-1);
#12363=ORIENTED_EDGE('',*,*,#10187,.F.);
#12365=ORIENTED_EDGE('',*,*,#12364,.T.);
#12366=ORIENTED_EDGE('',*,*,#12057,.T.);
#12368=ORIENTED_EDGE('',*,*,#12367,.F.);
#12369=EDGE_LOOP('',(#12363,#12365,#12366,#12368));
#12370=FACE_OUTER_BOUND('',#12369,.F.);
#12372=CARTESIAN_POINT('',(-8.E0,1.126675055216E-14,-2.E1));
#12373=DIRECTION('',(0.E0,0.E0,1.E0));
#12374=DIRECTION('',(1.E0,0.E0,0.E0));
#12375=AXIS2_PLACEMENT_3D('',#12372,#12373,#12374);
#12376=CYLINDRICAL_SURFACE('',#12375,6.5E-1);
#12377=ORIENTED_EDGE('',*,*,#10189,.F.);
#12378=ORIENTED_EDGE('',*,*,#12367,.T.);
#12379=ORIENTED_EDGE('',*,*,#12059,.T.);
#12380=ORIENTED_EDGE('',*,*,#12364,.F.);
#12381=EDGE_LOOP('',(#12377,#12378,#12379,#12380));
#12382=FACE_OUTER_BOUND('',#12381,.F.);
#12384=CARTESIAN_POINT('',(-1.E1,4.000000000001E0,-2.E1));
#12385=DIRECTION('',(0.E0,0.E0,1.E0));
#12386=DIRECTION('',(1.E0,0.E0,0.E0));
#12387=AXIS2_PLACEMENT_3D('',#12384,#12385,#12386);
#12388=CYLINDRICAL_SURFACE('',#12387,6.5E-1);
#12389=ORIENTED_EDGE('',*,*,#10193,.F.);
#12391=ORIENTED_EDGE('',*,*,#12390,.T.);
#12392=ORIENTED_EDGE('',*,*,#12069,.T.);
#12394=ORIENTED_EDGE('',*,*,#12393,.F.);
#12395=EDGE_LOOP('',(#12389,#12391,#12392,#12394));
#12396=FACE_OUTER_BOUND('',#12395,.F.);
#12398=CARTESIAN_POINT('',(-1.E1,4.000000000001E0,-2.E1));
#12399=DIRECTION('',(0.E0,0.E0,1.E0));
#12400=DIRECTION('',(1.E0,0.E0,0.E0));
#12401=AXIS2_PLACEMENT_3D('',#12398,#12399,#12400);
#12402=CYLINDRICAL_SURFACE('',#12401,6.5E-1);
#12403=ORIENTED_EDGE('',*,*,#10195,.F.);
#12404=ORIENTED_EDGE('',*,*,#12393,.T.);
#12405=ORIENTED_EDGE('',*,*,#12071,.T.);
#12406=ORIENTED_EDGE('',*,*,#12390,.F.);
#12407=EDGE_LOOP('',(#12403,#12404,#12405,#12406));
#12408=FACE_OUTER_BOUND('',#12407,.F.);
#12410=CARTESIAN_POINT('',(-6.E0,4.000000000001E0,-2.E1));
#12411=DIRECTION('',(0.E0,0.E0,1.E0));
#12412=DIRECTION('',(1.E0,0.E0,0.E0));
#12413=AXIS2_PLACEMENT_3D('',#12410,#12411,#12412);
#12414=CYLINDRICAL_SURFACE('',#12413,6.5E-1);
#12415=ORIENTED_EDGE('',*,*,#10199,.F.);
#12417=ORIENTED_EDGE('',*,*,#12416,.T.);
#12418=ORIENTED_EDGE('',*,*,#12081,.T.);
#12420=ORIENTED_EDGE('',*,*,#12419,.F.);
#12421=EDGE_LOOP('',(#12415,#12417,#12418,#12420));
#12422=FACE_OUTER_BOUND('',#12421,.F.);
#12424=CARTESIAN_POINT('',(-6.E0,4.000000000001E0,-2.E1));
#12425=DIRECTION('',(0.E0,0.E0,1.E0));
#12426=DIRECTION('',(1.E0,0.E0,0.E0));
#12427=AXIS2_PLACEMENT_3D('',#12424,#12425,#12426);
#12428=CYLINDRICAL_SURFACE('',#12427,6.5E-1);
#12429=ORIENTED_EDGE('',*,*,#10201,.F.);
#12430=ORIENTED_EDGE('',*,*,#12419,.T.);
#12431=ORIENTED_EDGE('',*,*,#12083,.T.);
#12432=ORIENTED_EDGE('',*,*,#12416,.F.);
#12433=EDGE_LOOP('',(#12429,#12430,#12431,#12432));
#12434=FACE_OUTER_BOUND('',#12433,.F.);
#12436=CARTESIAN_POINT('',(-4.E0,1.175660927181E-14,-2.E1));
#12437=DIRECTION('',(0.E0,0.E0,1.E0));
#12438=DIRECTION('',(1.E0,0.E0,0.E0));
#12439=AXIS2_PLACEMENT_3D('',#12436,#12437,#12438);
#12440=CYLINDRICAL_SURFACE('',#12439,6.5E-1);
#12441=ORIENTED_EDGE('',*,*,#10205,.F.);
#12443=ORIENTED_EDGE('',*,*,#12442,.T.);
#12444=ORIENTED_EDGE('',*,*,#12093,.T.);
#12446=ORIENTED_EDGE('',*,*,#12445,.F.);
#12447=EDGE_LOOP('',(#12441,#12443,#12444,#12446));
#12448=FACE_OUTER_BOUND('',#12447,.F.);
#12450=CARTESIAN_POINT('',(-4.E0,1.175660927181E-14,-2.E1));
#12451=DIRECTION('',(0.E0,0.E0,1.E0));
#12452=DIRECTION('',(1.E0,0.E0,0.E0));
#12453=AXIS2_PLACEMENT_3D('',#12450,#12451,#12452);
#12454=CYLINDRICAL_SURFACE('',#12453,6.5E-1);
#12455=ORIENTED_EDGE('',*,*,#10207,.F.);
#12456=ORIENTED_EDGE('',*,*,#12445,.T.);
#12457=ORIENTED_EDGE('',*,*,#12095,.T.);
#12458=ORIENTED_EDGE('',*,*,#12442,.F.);
#12459=EDGE_LOOP('',(#12455,#12456,#12457,#12458));
#12460=FACE_OUTER_BOUND('',#12459,.F.);
#12462=CARTESIAN_POINT('',(-6.E0,-4.000000000001E0,-2.E1));
#12463=DIRECTION('',(0.E0,0.E0,1.E0));
#12464=DIRECTION('',(1.E0,0.E0,0.E0));
#12465=AXIS2_PLACEMENT_3D('',#12462,#12463,#12464);
#12466=CYLINDRICAL_SURFACE('',#12465,6.5E-1);
#12467=ORIENTED_EDGE('',*,*,#10211,.F.);
#12469=ORIENTED_EDGE('',*,*,#12468,.T.);
#12470=ORIENTED_EDGE('',*,*,#12105,.T.);
#12472=ORIENTED_EDGE('',*,*,#12471,.F.);
#12473=EDGE_LOOP('',(#12467,#12469,#12470,#12472));
#12474=FACE_OUTER_BOUND('',#12473,.F.);
#12476=CARTESIAN_POINT('',(-6.E0,-4.000000000001E0,-2.E1));
#12477=DIRECTION('',(0.E0,0.E0,1.E0));
#12478=DIRECTION('',(1.E0,0.E0,0.E0));
#12479=AXIS2_PLACEMENT_3D('',#12476,#12477,#12478);
#12480=CYLINDRICAL_SURFACE('',#12479,6.5E-1);
#12481=ORIENTED_EDGE('',*,*,#10213,.F.);
#12482=ORIENTED_EDGE('',*,*,#12471,.T.);
#12483=ORIENTED_EDGE('',*,*,#12107,.T.);
#12484=ORIENTED_EDGE('',*,*,#12468,.F.);
#12485=EDGE_LOOP('',(#12481,#12482,#12483,#12484));
#12486=FACE_OUTER_BOUND('',#12485,.F.);
#12488=CARTESIAN_POINT('',(-2.E0,-4.000000000001E0,-2.E1));
#12489=DIRECTION('',(0.E0,0.E0,1.E0));
#12490=DIRECTION('',(1.E0,0.E0,0.E0));
#12491=AXIS2_PLACEMENT_3D('',#12488,#12489,#12490);
#12492=CYLINDRICAL_SURFACE('',#12491,6.5E-1);
#12493=ORIENTED_EDGE('',*,*,#10217,.F.);
#12495=ORIENTED_EDGE('',*,*,#12494,.T.);
#12496=ORIENTED_EDGE('',*,*,#12117,.T.);
#12498=ORIENTED_EDGE('',*,*,#12497,.F.);
#12499=EDGE_LOOP('',(#12493,#12495,#12496,#12498));
#12500=FACE_OUTER_BOUND('',#12499,.F.);
#12502=CARTESIAN_POINT('',(-2.E0,-4.000000000001E0,-2.E1));
#12503=DIRECTION('',(0.E0,0.E0,1.E0));
#12504=DIRECTION('',(1.E0,0.E0,0.E0));
#12505=AXIS2_PLACEMENT_3D('',#12502,#12503,#12504);
#12506=CYLINDRICAL_SURFACE('',#12505,6.5E-1);
#12507=ORIENTED_EDGE('',*,*,#10219,.F.);
#12508=ORIENTED_EDGE('',*,*,#12497,.T.);
#12509=ORIENTED_EDGE('',*,*,#12119,.T.);
#12510=ORIENTED_EDGE('',*,*,#12494,.F.);
#12511=EDGE_LOOP('',(#12507,#12508,#12509,#12510));
#12512=FACE_OUTER_BOUND('',#12511,.F.);
#12514=CARTESIAN_POINT('',(0.E0,1.224646799147E-14,-2.E1));
#12515=DIRECTION('',(0.E0,0.E0,1.E0));
#12516=DIRECTION('',(1.E0,0.E0,0.E0));
#12517=AXIS2_PLACEMENT_3D('',#12514,#12515,#12516);
#12518=CYLINDRICAL_SURFACE('',#12517,6.5E-1);
#12519=ORIENTED_EDGE('',*,*,#10223,.F.);
#12521=ORIENTED_EDGE('',*,*,#12520,.T.);
#12522=ORIENTED_EDGE('',*,*,#12129,.T.);
#12524=ORIENTED_EDGE('',*,*,#12523,.F.);
#12525=EDGE_LOOP('',(#12519,#12521,#12522,#12524));
#12526=FACE_OUTER_BOUND('',#12525,.F.);
#12528=CARTESIAN_POINT('',(0.E0,1.224646799147E-14,-2.E1));
#12529=DIRECTION('',(0.E0,0.E0,1.E0));
#12530=DIRECTION('',(1.E0,0.E0,0.E0));
#12531=AXIS2_PLACEMENT_3D('',#12528,#12529,#12530);
#12532=CYLINDRICAL_SURFACE('',#12531,6.5E-1);
#12533=ORIENTED_EDGE('',*,*,#10225,.F.);
#12534=ORIENTED_EDGE('',*,*,#12523,.T.);
#12535=ORIENTED_EDGE('',*,*,#12131,.T.);
#12536=ORIENTED_EDGE('',*,*,#12520,.F.);
#12537=EDGE_LOOP('',(#12533,#12534,#12535,#12536));
#12538=FACE_OUTER_BOUND('',#12537,.F.);
#12540=CARTESIAN_POINT('',(-2.E0,4.000000000001E0,-2.E1));
#12541=DIRECTION('',(0.E0,0.E0,1.E0));
#12542=DIRECTION('',(1.E0,0.E0,0.E0));
#12543=AXIS2_PLACEMENT_3D('',#12540,#12541,#12542);
#12544=CYLINDRICAL_SURFACE('',#12543,6.5E-1);
#12545=ORIENTED_EDGE('',*,*,#10229,.F.);
#12547=ORIENTED_EDGE('',*,*,#12546,.T.);
#12548=ORIENTED_EDGE('',*,*,#12141,.T.);
#12550=ORIENTED_EDGE('',*,*,#12549,.F.);
#12551=EDGE_LOOP('',(#12545,#12547,#12548,#12550));
#12552=FACE_OUTER_BOUND('',#12551,.F.);
#12554=CARTESIAN_POINT('',(-2.E0,4.000000000001E0,-2.E1));
#12555=DIRECTION('',(0.E0,0.E0,1.E0));
#12556=DIRECTION('',(1.E0,0.E0,0.E0));
#12557=AXIS2_PLACEMENT_3D('',#12554,#12555,#12556);
#12558=CYLINDRICAL_SURFACE('',#12557,6.5E-1);
#12559=ORIENTED_EDGE('',*,*,#10231,.F.);
#12560=ORIENTED_EDGE('',*,*,#12549,.T.);
#12561=ORIENTED_EDGE('',*,*,#12143,.T.);
#12562=ORIENTED_EDGE('',*,*,#12546,.F.);
#12563=EDGE_LOOP('',(#12559,#12560,#12561,#12562));
#12564=FACE_OUTER_BOUND('',#12563,.F.);
#12566=CARTESIAN_POINT('',(2.E0,4.000000000001E0,-2.E1));
#12567=DIRECTION('',(0.E0,0.E0,1.E0));
#12568=DIRECTION('',(1.E0,0.E0,0.E0));
#12569=AXIS2_PLACEMENT_3D('',#12566,#12567,#12568);
#12570=CYLINDRICAL_SURFACE('',#12569,6.5E-1);
#12571=ORIENTED_EDGE('',*,*,#10235,.F.);
#12573=ORIENTED_EDGE('',*,*,#12572,.T.);
#12574=ORIENTED_EDGE('',*,*,#12153,.T.);
#12576=ORIENTED_EDGE('',*,*,#12575,.F.);
#12577=EDGE_LOOP('',(#12571,#12573,#12574,#12576));
#12578=FACE_OUTER_BOUND('',#12577,.F.);
#12580=CARTESIAN_POINT('',(2.E0,4.000000000001E0,-2.E1));
#12581=DIRECTION('',(0.E0,0.E0,1.E0));
#12582=DIRECTION('',(1.E0,0.E0,0.E0));
#12583=AXIS2_PLACEMENT_3D('',#12580,#12581,#12582);
#12584=CYLINDRICAL_SURFACE('',#12583,6.5E-1);
#12585=ORIENTED_EDGE('',*,*,#10237,.F.);
#12586=ORIENTED_EDGE('',*,*,#12575,.T.);
#12587=ORIENTED_EDGE('',*,*,#12155,.T.);
#12588=ORIENTED_EDGE('',*,*,#12572,.F.);
#12589=EDGE_LOOP('',(#12585,#12586,#12587,#12588));
#12590=FACE_OUTER_BOUND('',#12589,.F.);
#12592=CARTESIAN_POINT('',(4.E0,1.175660927181E-14,-2.E1));
#12593=DIRECTION('',(0.E0,0.E0,1.E0));
#12594=DIRECTION('',(1.E0,0.E0,0.E0));
#12595=AXIS2_PLACEMENT_3D('',#12592,#12593,#12594);
#12596=CYLINDRICAL_SURFACE('',#12595,6.5E-1);
#12597=ORIENTED_EDGE('',*,*,#10241,.F.);
#12599=ORIENTED_EDGE('',*,*,#12598,.T.);
#12600=ORIENTED_EDGE('',*,*,#12165,.T.);
#12602=ORIENTED_EDGE('',*,*,#12601,.F.);
#12603=EDGE_LOOP('',(#12597,#12599,#12600,#12602));
#12604=FACE_OUTER_BOUND('',#12603,.F.);
#12606=CARTESIAN_POINT('',(4.E0,1.175660927181E-14,-2.E1));
#12607=DIRECTION('',(0.E0,0.E0,1.E0));
#12608=DIRECTION('',(1.E0,0.E0,0.E0));
#12609=AXIS2_PLACEMENT_3D('',#12606,#12607,#12608);
#12610=CYLINDRICAL_SURFACE('',#12609,6.5E-1);
#12611=ORIENTED_EDGE('',*,*,#10243,.F.);
#12612=ORIENTED_EDGE('',*,*,#12601,.T.);
#12613=ORIENTED_EDGE('',*,*,#12167,.T.);
#12614=ORIENTED_EDGE('',*,*,#12598,.F.);
#12615=EDGE_LOOP('',(#12611,#12612,#12613,#12614));
#12616=FACE_OUTER_BOUND('',#12615,.F.);
#12618=CARTESIAN_POINT('',(2.E0,-4.000000000001E0,-2.E1));
#12619=DIRECTION('',(0.E0,0.E0,1.E0));
#12620=DIRECTION('',(1.E0,0.E0,0.E0));
#12621=AXIS2_PLACEMENT_3D('',#12618,#12619,#12620);
#12622=CYLINDRICAL_SURFACE('',#12621,6.5E-1);
#12623=ORIENTED_EDGE('',*,*,#10247,.F.);
#12625=ORIENTED_EDGE('',*,*,#12624,.T.);
#12626=ORIENTED_EDGE('',*,*,#12177,.T.);
#12628=ORIENTED_EDGE('',*,*,#12627,.F.);
#12629=EDGE_LOOP('',(#12623,#12625,#12626,#12628));
#12630=FACE_OUTER_BOUND('',#12629,.F.);
#12632=CARTESIAN_POINT('',(2.E0,-4.000000000001E0,-2.E1));
#12633=DIRECTION('',(0.E0,0.E0,1.E0));
#12634=DIRECTION('',(1.E0,0.E0,0.E0));
#12635=AXIS2_PLACEMENT_3D('',#12632,#12633,#12634);
#12636=CYLINDRICAL_SURFACE('',#12635,6.5E-1);
#12637=ORIENTED_EDGE('',*,*,#10249,.F.);
#12638=ORIENTED_EDGE('',*,*,#12627,.T.);
#12639=ORIENTED_EDGE('',*,*,#12179,.T.);
#12640=ORIENTED_EDGE('',*,*,#12624,.F.);
#12641=EDGE_LOOP('',(#12637,#12638,#12639,#12640));
#12642=FACE_OUTER_BOUND('',#12641,.F.);
#12644=CARTESIAN_POINT('',(6.E0,-4.000000000001E0,-2.E1));
#12645=DIRECTION('',(0.E0,0.E0,1.E0));
#12646=DIRECTION('',(1.E0,0.E0,0.E0));
#12647=AXIS2_PLACEMENT_3D('',#12644,#12645,#12646);
#12648=CYLINDRICAL_SURFACE('',#12647,6.5E-1);
#12649=ORIENTED_EDGE('',*,*,#10253,.F.);
#12651=ORIENTED_EDGE('',*,*,#12650,.T.);
#12652=ORIENTED_EDGE('',*,*,#12189,.T.);
#12654=ORIENTED_EDGE('',*,*,#12653,.F.);
#12655=EDGE_LOOP('',(#12649,#12651,#12652,#12654));
#12656=FACE_OUTER_BOUND('',#12655,.F.);
#12658=CARTESIAN_POINT('',(6.E0,-4.000000000001E0,-2.E1));
#12659=DIRECTION('',(0.E0,0.E0,1.E0));
#12660=DIRECTION('',(1.E0,0.E0,0.E0));
#12661=AXIS2_PLACEMENT_3D('',#12658,#12659,#12660);
#12662=CYLINDRICAL_SURFACE('',#12661,6.5E-1);
#12663=ORIENTED_EDGE('',*,*,#10255,.F.);
#12664=ORIENTED_EDGE('',*,*,#12653,.T.);
#12665=ORIENTED_EDGE('',*,*,#12191,.T.);
#12666=ORIENTED_EDGE('',*,*,#12650,.F.);
#12667=EDGE_LOOP('',(#12663,#12664,#12665,#12666));
#12668=FACE_OUTER_BOUND('',#12667,.F.);
#12670=CARTESIAN_POINT('',(8.E0,1.126675055216E-14,-2.E1));
#12671=DIRECTION('',(0.E0,0.E0,1.E0));
#12672=DIRECTION('',(1.E0,0.E0,0.E0));
#12673=AXIS2_PLACEMENT_3D('',#12670,#12671,#12672);
#12674=CYLINDRICAL_SURFACE('',#12673,6.5E-1);
#12675=ORIENTED_EDGE('',*,*,#10259,.F.);
#12677=ORIENTED_EDGE('',*,*,#12676,.T.);
#12678=ORIENTED_EDGE('',*,*,#12201,.T.);
#12680=ORIENTED_EDGE('',*,*,#12679,.F.);
#12681=EDGE_LOOP('',(#12675,#12677,#12678,#12680));
#12682=FACE_OUTER_BOUND('',#12681,.F.);
#12684=CARTESIAN_POINT('',(8.E0,1.126675055216E-14,-2.E1));
#12685=DIRECTION('',(0.E0,0.E0,1.E0));
#12686=DIRECTION('',(1.E0,0.E0,0.E0));
#12687=AXIS2_PLACEMENT_3D('',#12684,#12685,#12686);
#12688=CYLINDRICAL_SURFACE('',#12687,6.5E-1);
#12689=ORIENTED_EDGE('',*,*,#10261,.F.);
#12690=ORIENTED_EDGE('',*,*,#12679,.T.);
#12691=ORIENTED_EDGE('',*,*,#12203,.T.);
#12692=ORIENTED_EDGE('',*,*,#12676,.F.);
#12693=EDGE_LOOP('',(#12689,#12690,#12691,#12692));
#12694=FACE_OUTER_BOUND('',#12693,.F.);
#12696=CARTESIAN_POINT('',(6.E0,4.000000000001E0,-2.E1));
#12697=DIRECTION('',(0.E0,0.E0,1.E0));
#12698=DIRECTION('',(1.E0,0.E0,0.E0));
#12699=AXIS2_PLACEMENT_3D('',#12696,#12697,#12698);
#12700=CYLINDRICAL_SURFACE('',#12699,6.5E-1);
#12701=ORIENTED_EDGE('',*,*,#10265,.F.);
#12703=ORIENTED_EDGE('',*,*,#12702,.T.);
#12704=ORIENTED_EDGE('',*,*,#12213,.T.);
#12706=ORIENTED_EDGE('',*,*,#12705,.F.);
#12707=EDGE_LOOP('',(#12701,#12703,#12704,#12706));
#12708=FACE_OUTER_BOUND('',#12707,.F.);
#12710=CARTESIAN_POINT('',(6.E0,4.000000000001E0,-2.E1));
#12711=DIRECTION('',(0.E0,0.E0,1.E0));
#12712=DIRECTION('',(1.E0,0.E0,0.E0));
#12713=AXIS2_PLACEMENT_3D('',#12710,#12711,#12712);
#12714=CYLINDRICAL_SURFACE('',#12713,6.5E-1);
#12715=ORIENTED_EDGE('',*,*,#10267,.F.);
#12716=ORIENTED_EDGE('',*,*,#12705,.T.);
#12717=ORIENTED_EDGE('',*,*,#12215,.T.);
#12718=ORIENTED_EDGE('',*,*,#12702,.F.);
#12719=EDGE_LOOP('',(#12715,#12716,#12717,#12718));
#12720=FACE_OUTER_BOUND('',#12719,.F.);
#12722=CARTESIAN_POINT('',(1.E1,4.000000000001E0,-2.E1));
#12723=DIRECTION('',(0.E0,0.E0,1.E0));
#12724=DIRECTION('',(1.E0,0.E0,0.E0));
#12725=AXIS2_PLACEMENT_3D('',#12722,#12723,#12724);
#12726=CYLINDRICAL_SURFACE('',#12725,6.5E-1);
#12727=ORIENTED_EDGE('',*,*,#10271,.F.);
#12729=ORIENTED_EDGE('',*,*,#12728,.T.);
#12730=ORIENTED_EDGE('',*,*,#12225,.T.);
#12732=ORIENTED_EDGE('',*,*,#12731,.F.);
#12733=EDGE_LOOP('',(#12727,#12729,#12730,#12732));
#12734=FACE_OUTER_BOUND('',#12733,.F.);
#12736=CARTESIAN_POINT('',(1.E1,4.000000000001E0,-2.E1));
#12737=DIRECTION('',(0.E0,0.E0,1.E0));
#12738=DIRECTION('',(1.E0,0.E0,0.E0));
#12739=AXIS2_PLACEMENT_3D('',#12736,#12737,#12738);
#12740=CYLINDRICAL_SURFACE('',#12739,6.5E-1);
#12741=ORIENTED_EDGE('',*,*,#10273,.F.);
#12742=ORIENTED_EDGE('',*,*,#12731,.T.);
#12743=ORIENTED_EDGE('',*,*,#12227,.T.);
#12744=ORIENTED_EDGE('',*,*,#12728,.F.);
#12745=EDGE_LOOP('',(#12741,#12742,#12743,#12744));
#12746=FACE_OUTER_BOUND('',#12745,.F.);
#12748=CARTESIAN_POINT('',(1.4E1,4.000000000001E0,-2.E1));
#12749=DIRECTION('',(0.E0,0.E0,1.E0));
#12750=DIRECTION('',(1.E0,0.E0,0.E0));
#12751=AXIS2_PLACEMENT_3D('',#12748,#12749,#12750);
#12752=CYLINDRICAL_SURFACE('',#12751,6.5E-1);
#12753=ORIENTED_EDGE('',*,*,#10277,.F.);
#12755=ORIENTED_EDGE('',*,*,#12754,.T.);
#12756=ORIENTED_EDGE('',*,*,#12237,.T.);
#12758=ORIENTED_EDGE('',*,*,#12757,.F.);
#12759=EDGE_LOOP('',(#12753,#12755,#12756,#12758));
#12760=FACE_OUTER_BOUND('',#12759,.F.);
#12762=CARTESIAN_POINT('',(1.4E1,4.000000000001E0,-2.E1));
#12763=DIRECTION('',(0.E0,0.E0,1.E0));
#12764=DIRECTION('',(1.E0,0.E0,0.E0));
#12765=AXIS2_PLACEMENT_3D('',#12762,#12763,#12764);
#12766=CYLINDRICAL_SURFACE('',#12765,6.5E-1);
#12767=ORIENTED_EDGE('',*,*,#10279,.F.);
#12768=ORIENTED_EDGE('',*,*,#12757,.T.);
#12769=ORIENTED_EDGE('',*,*,#12239,.T.);
#12770=ORIENTED_EDGE('',*,*,#12754,.F.);
#12771=EDGE_LOOP('',(#12767,#12768,#12769,#12770));
#12772=FACE_OUTER_BOUND('',#12771,.F.);
#12774=CARTESIAN_POINT('',(1.2E1,1.077689183250E-14,-2.E1));
#12775=DIRECTION('',(0.E0,0.E0,1.E0));
#12776=DIRECTION('',(1.E0,0.E0,0.E0));
#12777=AXIS2_PLACEMENT_3D('',#12774,#12775,#12776);
#12778=CYLINDRICAL_SURFACE('',#12777,6.5E-1);
#12779=ORIENTED_EDGE('',*,*,#10283,.F.);
#12781=ORIENTED_EDGE('',*,*,#12780,.T.);
#12782=ORIENTED_EDGE('',*,*,#12249,.T.);
#12784=ORIENTED_EDGE('',*,*,#12783,.F.);
#12785=EDGE_LOOP('',(#12779,#12781,#12782,#12784));
#12786=FACE_OUTER_BOUND('',#12785,.F.);
#12788=CARTESIAN_POINT('',(1.2E1,1.077689183250E-14,-2.E1));
#12789=DIRECTION('',(0.E0,0.E0,1.E0));
#12790=DIRECTION('',(1.E0,0.E0,0.E0));
#12791=AXIS2_PLACEMENT_3D('',#12788,#12789,#12790);
#12792=CYLINDRICAL_SURFACE('',#12791,6.5E-1);
#12793=ORIENTED_EDGE('',*,*,#10285,.F.);
#12794=ORIENTED_EDGE('',*,*,#12783,.T.);
#12795=ORIENTED_EDGE('',*,*,#12251,.T.);
#12796=ORIENTED_EDGE('',*,*,#12780,.F.);
#12797=EDGE_LOOP('',(#12793,#12794,#12795,#12796));
#12798=FACE_OUTER_BOUND('',#12797,.F.);
#12800=CARTESIAN_POINT('',(1.E1,-4.000000000001E0,-2.E1));
#12801=DIRECTION('',(0.E0,0.E0,1.E0));
#12802=DIRECTION('',(1.E0,0.E0,0.E0));
#12803=AXIS2_PLACEMENT_3D('',#12800,#12801,#12802);
#12804=CYLINDRICAL_SURFACE('',#12803,6.5E-1);
#12805=ORIENTED_EDGE('',*,*,#10289,.F.);
#12807=ORIENTED_EDGE('',*,*,#12806,.T.);
#12808=ORIENTED_EDGE('',*,*,#12261,.T.);
#12810=ORIENTED_EDGE('',*,*,#12809,.F.);
#12811=EDGE_LOOP('',(#12805,#12807,#12808,#12810));
#12812=FACE_OUTER_BOUND('',#12811,.F.);
#12814=CARTESIAN_POINT('',(1.E1,-4.000000000001E0,-2.E1));
#12815=DIRECTION('',(0.E0,0.E0,1.E0));
#12816=DIRECTION('',(1.E0,0.E0,0.E0));
#12817=AXIS2_PLACEMENT_3D('',#12814,#12815,#12816);
#12818=CYLINDRICAL_SURFACE('',#12817,6.5E-1);
#12819=ORIENTED_EDGE('',*,*,#10291,.F.);
#12820=ORIENTED_EDGE('',*,*,#12809,.T.);
#12821=ORIENTED_EDGE('',*,*,#12263,.T.);
#12822=ORIENTED_EDGE('',*,*,#12806,.F.);
#12823=EDGE_LOOP('',(#12819,#12820,#12821,#12822));
#12824=FACE_OUTER_BOUND('',#12823,.F.);
#12826=CARTESIAN_POINT('',(1.4E1,-4.000000000001E0,-2.E1));
#12827=DIRECTION('',(0.E0,0.E0,1.E0));
#12828=DIRECTION('',(1.E0,0.E0,0.E0));
#12829=AXIS2_PLACEMENT_3D('',#12826,#12827,#12828);
#12830=CYLINDRICAL_SURFACE('',#12829,6.5E-1);
#12831=ORIENTED_EDGE('',*,*,#10295,.F.);
#12833=ORIENTED_EDGE('',*,*,#12832,.T.);
#12834=ORIENTED_EDGE('',*,*,#12273,.T.);
#12836=ORIENTED_EDGE('',*,*,#12835,.F.);
#12837=EDGE_LOOP('',(#12831,#12833,#12834,#12836));
#12838=FACE_OUTER_BOUND('',#12837,.F.);
#12840=CARTESIAN_POINT('',(1.4E1,-4.000000000001E0,-2.E1));
#12841=DIRECTION('',(0.E0,0.E0,1.E0));
#12842=DIRECTION('',(1.E0,0.E0,0.E0));
#12843=AXIS2_PLACEMENT_3D('',#12840,#12841,#12842);
#12844=CYLINDRICAL_SURFACE('',#12843,6.5E-1);
#12845=ORIENTED_EDGE('',*,*,#10297,.F.);
#12846=ORIENTED_EDGE('',*,*,#12835,.T.);
#12847=ORIENTED_EDGE('',*,*,#12275,.T.);
#12848=ORIENTED_EDGE('',*,*,#12832,.F.);
#12849=EDGE_LOOP('',(#12845,#12846,#12847,#12848));
#12850=FACE_OUTER_BOUND('',#12849,.F.);
#12852=CARTESIAN_POINT('',(-9.25E0,1.03E1,-2.E1));
#12853=DIRECTION('',(-1.E0,0.E0,0.E0));
#12854=DIRECTION('',(0.E0,-1.E0,0.E0));
#12855=AXIS2_PLACEMENT_3D('',#12852,#12853,#12854);
#12856=PLANE('',#12855);
#12858=ORIENTED_EDGE('',*,*,#12857,.T.);
#12860=ORIENTED_EDGE('',*,*,#12859,.T.);
#12861=ORIENTED_EDGE('',*,*,#10002,.F.);
#12862=ORIENTED_EDGE('',*,*,#9429,.T.);
#12864=ORIENTED_EDGE('',*,*,#12863,.F.);
#12865=EDGE_LOOP('',(#12858,#12860,#12861,#12862,#12864));
#12866=FACE_OUTER_BOUND('',#12865,.F.);
#12868=CARTESIAN_POINT('',(-9.15E0,5.789556E1,-1.01E1));
#12869=DIRECTION('',(0.E0,-1.E0,0.E0));
#12870=DIRECTION('',(0.E0,0.E0,1.E0));
#12871=AXIS2_PLACEMENT_3D('',#12868,#12869,#12870);
#12872=CYLINDRICAL_SURFACE('',#12871,1.E-1);
#12873=ORIENTED_EDGE('',*,*,#9739,.T.);
#12875=ORIENTED_EDGE('',*,*,#12874,.T.);
#12876=ORIENTED_EDGE('',*,*,#12857,.F.);
#12878=ORIENTED_EDGE('',*,*,#12877,.T.);
#12879=EDGE_LOOP('',(#12873,#12875,#12876,#12878));
#12880=FACE_OUTER_BOUND('',#12879,.F.);
#12882=CARTESIAN_POINT('',(-8.75E0,9.1E0,-1.01E1));
#12883=DIRECTION('',(0.E0,0.E0,-1.E0));
#12884=DIRECTION('',(-9.416375194411E-1,3.366285519393E-1,0.E0));
#12885=AXIS2_PLACEMENT_3D('',#12882,#12883,#12884);
#12886=TOROIDAL_SURFACE('',#12885,4.E-1,1.E-1);
#12887=ORIENTED_EDGE('',*,*,#9737,.T.);
#12889=ORIENTED_EDGE('',*,*,#12888,.T.);
#12891=ORIENTED_EDGE('',*,*,#12890,.F.);
#12892=ORIENTED_EDGE('',*,*,#12874,.F.);
#12893=EDGE_LOOP('',(#12887,#12889,#12891,#12892));
#12894=FACE_OUTER_BOUND('',#12893,.F.);
#12896=CARTESIAN_POINT('',(-8.35E0,8.979154967379E0,-1.01E1));
#12897=DIRECTION('',(0.E0,1.E0,0.E0));
#12898=DIRECTION('',(0.E0,0.E0,1.E0));
#12899=AXIS2_PLACEMENT_3D('',#12896,#12897,#12898);
#12900=CYLINDRICAL_SURFACE('',#12899,1.E-1);
#12902=ORIENTED_EDGE('',*,*,#12901,.F.);
#12903=ORIENTED_EDGE('',*,*,#12888,.F.);
#12904=ORIENTED_EDGE('',*,*,#9735,.T.);
#12906=ORIENTED_EDGE('',*,*,#12905,.T.);
#12907=EDGE_LOOP('',(#12902,#12903,#12904,#12906));
#12908=FACE_OUTER_BOUND('',#12907,.F.);
#12910=CARTESIAN_POINT('',(-8.25E0,8.6E0,-2.E1));
#12911=DIRECTION('',(1.E0,0.E0,0.E0));
#12912=DIRECTION('',(0.E0,1.E0,0.E0));
#12913=AXIS2_PLACEMENT_3D('',#12910,#12911,#12912);
#12914=PLANE('',#12913);
#12915=ORIENTED_EDGE('',*,*,#12901,.T.);
#12917=ORIENTED_EDGE('',*,*,#12916,.T.);
#12918=ORIENTED_EDGE('',*,*,#9421,.F.);
#12919=ORIENTED_EDGE('',*,*,#10006,.T.);
#12921=ORIENTED_EDGE('',*,*,#12920,.F.);
#12922=EDGE_LOOP('',(#12915,#12917,#12918,#12919,#12921));
#12923=FACE_OUTER_BOUND('',#12922,.F.);
#12925=CARTESIAN_POINT('',(-8.35E0,1.02E1,-9.9E0));
#12926=DIRECTION('',(-1.E0,0.E0,0.E0));
#12927=DIRECTION('',(-2.664535259100E-14,-5.485369585398E-1,
-8.361263093074E-1));
#12928=AXIS2_PLACEMENT_3D('',#12925,#12926,#12927);
#12929=TOROIDAL_SURFACE('',#12928,2.E-1,1.E-1);
#12930=ORIENTED_EDGE('',*,*,#12916,.F.);
#12931=ORIENTED_EDGE('',*,*,#12905,.F.);
#12933=ORIENTED_EDGE('',*,*,#12932,.F.);
#12934=ORIENTED_EDGE('',*,*,#9423,.F.);
#12935=EDGE_LOOP('',(#12930,#12931,#12933,#12934));
#12936=FACE_OUTER_BOUND('',#12935,.F.);
#12938=CARTESIAN_POINT('',(1.0965888E2,1.02E1,-9.9E0));
#12939=DIRECTION('',(-1.E0,0.E0,0.E0));
#12940=DIRECTION('',(0.E0,1.E0,0.E0));
#12941=AXIS2_PLACEMENT_3D('',#12938,#12939,#12940);
#12942=CYLINDRICAL_SURFACE('',#12941,1.E-1);
#12943=ORIENTED_EDGE('',*,*,#9425,.F.);
#12944=ORIENTED_EDGE('',*,*,#12932,.T.);
#12945=ORIENTED_EDGE('',*,*,#9733,.T.);
#12947=ORIENTED_EDGE('',*,*,#12946,.T.);
#12948=EDGE_LOOP('',(#12943,#12944,#12945,#12947));
#12949=FACE_OUTER_BOUND('',#12948,.F.);
#12951=CARTESIAN_POINT('',(-9.15E0,1.02E1,-9.9E0));
#12952=DIRECTION('',(-1.E0,0.E0,0.E0));
#12953=DIRECTION('',(2.664535259100E-14,-7.564028598729E-1,-6.541060415376E-1));
#12954=AXIS2_PLACEMENT_3D('',#12951,#12952,#12953);
#12955=TOROIDAL_SURFACE('',#12954,2.E-1,1.E-1);
#12956=ORIENTED_EDGE('',*,*,#12863,.T.);
#12957=ORIENTED_EDGE('',*,*,#9427,.F.);
#12958=ORIENTED_EDGE('',*,*,#12946,.F.);
#12959=ORIENTED_EDGE('',*,*,#12877,.F.);
#12960=EDGE_LOOP('',(#12956,#12957,#12958,#12959));
#12961=FACE_OUTER_BOUND('',#12960,.F.);
#12963=CARTESIAN_POINT('',(-8.75E0,9.1E0,4.963457E1));
#12964=DIRECTION('',(0.E0,0.E0,-1.E0));
#12965=DIRECTION('',(-1.E0,0.E0,0.E0));
#12966=AXIS2_PLACEMENT_3D('',#12963,#12964,#12965);
#12967=CYLINDRICAL_SURFACE('',#12966,5.E-1);
#12968=ORIENTED_EDGE('',*,*,#12890,.T.);
#12969=ORIENTED_EDGE('',*,*,#12920,.T.);
#12970=ORIENTED_EDGE('',*,*,#10004,.T.);
#12971=ORIENTED_EDGE('',*,*,#12859,.F.);
#12972=EDGE_LOOP('',(#12968,#12969,#12970,#12971));
#12973=FACE_OUTER_BOUND('',#12972,.F.);
#12975=CARTESIAN_POINT('',(-5.75E0,1.03E1,-2.E1));
#12976=DIRECTION('',(-1.E0,0.E0,0.E0));
#12977=DIRECTION('',(0.E0,-1.E0,0.E0));
#12978=AXIS2_PLACEMENT_3D('',#12975,#12976,#12977);
#12979=PLANE('',#12978);
#12981=ORIENTED_EDGE('',*,*,#12980,.T.);
#12983=ORIENTED_EDGE('',*,*,#12982,.T.);
#12984=ORIENTED_EDGE('',*,*,#10009,.F.);
#12985=ORIENTED_EDGE('',*,*,#9417,.T.);
#12987=ORIENTED_EDGE('',*,*,#12986,.F.);
#12988=EDGE_LOOP('',(#12981,#12983,#12984,#12985,#12987));
#12989=FACE_OUTER_BOUND('',#12988,.F.);
#12991=CARTESIAN_POINT('',(-5.65E0,5.789556E1,-1.01E1));
#12992=DIRECTION('',(0.E0,-1.E0,0.E0));
#12993=DIRECTION('',(0.E0,0.E0,1.E0));
#12994=AXIS2_PLACEMENT_3D('',#12991,#12992,#12993);
#12995=CYLINDRICAL_SURFACE('',#12994,1.E-1);
#12996=ORIENTED_EDGE('',*,*,#9723,.T.);
#12998=ORIENTED_EDGE('',*,*,#12997,.T.);
#12999=ORIENTED_EDGE('',*,*,#12980,.F.);
#13001=ORIENTED_EDGE('',*,*,#13000,.T.);
#13002=EDGE_LOOP('',(#12996,#12998,#12999,#13001));
#13003=FACE_OUTER_BOUND('',#13002,.F.);
#13005=CARTESIAN_POINT('',(-5.25E0,9.1E0,-1.01E1));
#13006=DIRECTION('',(0.E0,0.E0,-1.E0));
#13007=DIRECTION('',(-9.416375194411E-1,3.366285519393E-1,0.E0));
#13008=AXIS2_PLACEMENT_3D('',#13005,#13006,#13007);
#13009=TOROIDAL_SURFACE('',#13008,4.E-1,1.E-1);
#13010=ORIENTED_EDGE('',*,*,#9721,.T.);
#13012=ORIENTED_EDGE('',*,*,#13011,.T.);
#13014=ORIENTED_EDGE('',*,*,#13013,.F.);
#13015=ORIENTED_EDGE('',*,*,#12997,.F.);
#13016=EDGE_LOOP('',(#13010,#13012,#13014,#13015));
#13017=FACE_OUTER_BOUND('',#13016,.F.);
#13019=CARTESIAN_POINT('',(-4.85E0,8.979154967379E0,-1.01E1));
#13020=DIRECTION('',(0.E0,1.E0,0.E0));
#13021=DIRECTION('',(0.E0,0.E0,1.E0));
#13022=AXIS2_PLACEMENT_3D('',#13019,#13020,#13021);
#13023=CYLINDRICAL_SURFACE('',#13022,1.E-1);
#13025=ORIENTED_EDGE('',*,*,#13024,.F.);
#13026=ORIENTED_EDGE('',*,*,#13011,.F.);
#13027=ORIENTED_EDGE('',*,*,#9719,.T.);
#13029=ORIENTED_EDGE('',*,*,#13028,.T.);
#13030=EDGE_LOOP('',(#13025,#13026,#13027,#13029));
#13031=FACE_OUTER_BOUND('',#13030,.F.);
#13033=CARTESIAN_POINT('',(-4.75E0,8.6E0,-2.E1));
#13034=DIRECTION('',(1.E0,0.E0,0.E0));
#13035=DIRECTION('',(0.E0,1.E0,0.E0));
#13036=AXIS2_PLACEMENT_3D('',#13033,#13034,#13035);
#13037=PLANE('',#13036);
#13038=ORIENTED_EDGE('',*,*,#13024,.T.);
#13040=ORIENTED_EDGE('',*,*,#13039,.T.);
#13041=ORIENTED_EDGE('',*,*,#9409,.F.);
#13042=ORIENTED_EDGE('',*,*,#10013,.T.);
#13044=ORIENTED_EDGE('',*,*,#13043,.F.);
#13045=EDGE_LOOP('',(#13038,#13040,#13041,#13042,#13044));
#13046=FACE_OUTER_BOUND('',#13045,.F.);
#13048=CARTESIAN_POINT('',(-4.85E0,1.02E1,-9.9E0));
#13049=DIRECTION('',(-1.E0,0.E0,0.E0));
#13050=DIRECTION('',(-2.664535259100E-14,-5.485369585398E-1,
-8.361263093074E-1));
#13051=AXIS2_PLACEMENT_3D('',#13048,#13049,#13050);
#13052=TOROIDAL_SURFACE('',#13051,2.E-1,1.E-1);
#13053=ORIENTED_EDGE('',*,*,#13039,.F.);
#13054=ORIENTED_EDGE('',*,*,#13028,.F.);
#13056=ORIENTED_EDGE('',*,*,#13055,.F.);
#13057=ORIENTED_EDGE('',*,*,#9411,.F.);
#13058=EDGE_LOOP('',(#13053,#13054,#13056,#13057));
#13059=FACE_OUTER_BOUND('',#13058,.F.);
#13061=CARTESIAN_POINT('',(1.0965888E2,1.02E1,-9.9E0));
#13062=DIRECTION('',(-1.E0,0.E0,0.E0));
#13063=DIRECTION('',(0.E0,1.E0,0.E0));
#13064=AXIS2_PLACEMENT_3D('',#13061,#13062,#13063);
#13065=CYLINDRICAL_SURFACE('',#13064,1.E-1);
#13066=ORIENTED_EDGE('',*,*,#9413,.F.);
#13067=ORIENTED_EDGE('',*,*,#13055,.T.);
#13068=ORIENTED_EDGE('',*,*,#9717,.T.);
#13070=ORIENTED_EDGE('',*,*,#13069,.T.);
#13071=EDGE_LOOP('',(#13066,#13067,#13068,#13070));
#13072=FACE_OUTER_BOUND('',#13071,.F.);
#13074=CARTESIAN_POINT('',(-5.65E0,1.02E1,-9.9E0));
#13075=DIRECTION('',(-1.E0,0.E0,0.E0));
#13076=DIRECTION('',(2.664535259100E-14,-7.564028598729E-1,-6.541060415376E-1));
#13077=AXIS2_PLACEMENT_3D('',#13074,#13075,#13076);
#13078=TOROIDAL_SURFACE('',#13077,2.E-1,1.E-1);
#13079=ORIENTED_EDGE('',*,*,#12986,.T.);
#13080=ORIENTED_EDGE('',*,*,#9415,.F.);
#13081=ORIENTED_EDGE('',*,*,#13069,.F.);
#13082=ORIENTED_EDGE('',*,*,#13000,.F.);
#13083=EDGE_LOOP('',(#13079,#13080,#13081,#13082));
#13084=FACE_OUTER_BOUND('',#13083,.F.);
#13086=CARTESIAN_POINT('',(-5.25E0,9.1E0,4.963457E1));
#13087=DIRECTION('',(0.E0,0.E0,-1.E0));
#13088=DIRECTION('',(-1.E0,0.E0,0.E0));
#13089=AXIS2_PLACEMENT_3D('',#13086,#13087,#13088);
#13090=CYLINDRICAL_SURFACE('',#13089,5.E-1);
#13091=ORIENTED_EDGE('',*,*,#13013,.T.);
#13092=ORIENTED_EDGE('',*,*,#13043,.T.);
#13093=ORIENTED_EDGE('',*,*,#10011,.T.);
#13094=ORIENTED_EDGE('',*,*,#12982,.F.);
#13095=EDGE_LOOP('',(#13091,#13092,#13093,#13094));
#13096=FACE_OUTER_BOUND('',#13095,.F.);
#13098=CARTESIAN_POINT('',(-2.425E0,1.03E1,-2.E1));
#13099=DIRECTION('',(-1.E0,0.E0,0.E0));
#13100=DIRECTION('',(0.E0,-1.E0,0.E0));
#13101=AXIS2_PLACEMENT_3D('',#13098,#13099,#13100);
#13102=PLANE('',#13101);
#13104=ORIENTED_EDGE('',*,*,#13103,.T.);
#13106=ORIENTED_EDGE('',*,*,#13105,.T.);
#13107=ORIENTED_EDGE('',*,*,#10016,.F.);
#13108=ORIENTED_EDGE('',*,*,#9405,.T.);
#13110=ORIENTED_EDGE('',*,*,#13109,.F.);
#13111=EDGE_LOOP('',(#13104,#13106,#13107,#13108,#13110));
#13112=FACE_OUTER_BOUND('',#13111,.F.);
#13114=CARTESIAN_POINT('',(-2.325E0,5.789556E1,-1.01E1));
#13115=DIRECTION('',(0.E0,-1.E0,0.E0));
#13116=DIRECTION('',(0.E0,0.E0,1.E0));
#13117=AXIS2_PLACEMENT_3D('',#13114,#13115,#13116);
#13118=CYLINDRICAL_SURFACE('',#13117,1.E-1);
#13119=ORIENTED_EDGE('',*,*,#9701,.T.);
#13121=ORIENTED_EDGE('',*,*,#13120,.T.);
#13122=ORIENTED_EDGE('',*,*,#13103,.F.);
#13124=ORIENTED_EDGE('',*,*,#13123,.T.);
#13125=EDGE_LOOP('',(#13119,#13121,#13122,#13124));
#13126=FACE_OUTER_BOUND('',#13125,.F.);
#13128=CARTESIAN_POINT('',(-1.75E0,8.075E0,-1.01E1));
#13129=DIRECTION('',(0.E0,0.E0,-1.E0));
#13130=DIRECTION('',(-9.678341914693E-1,2.515889063988E-1,0.E0));
#13131=AXIS2_PLACEMENT_3D('',#13128,#13129,#13130);
#13132=TOROIDAL_SURFACE('',#13131,5.75E-1,1.E-1);
#13133=ORIENTED_EDGE('',*,*,#9707,.T.);
#13135=ORIENTED_EDGE('',*,*,#13134,.T.);
#13137=ORIENTED_EDGE('',*,*,#13136,.F.);
#13138=ORIENTED_EDGE('',*,*,#13120,.F.);
#13139=EDGE_LOOP('',(#13133,#13135,#13137,#13138));
#13140=FACE_OUTER_BOUND('',#13139,.F.);
#13142=CARTESIAN_POINT('',(-1.175E0,7.954154967379E0,-1.01E1));
#13143=DIRECTION('',(0.E0,1.E0,0.E0));
#13144=DIRECTION('',(0.E0,0.E0,1.E0));
#13145=AXIS2_PLACEMENT_3D('',#13142,#13143,#13144);
#13146=CYLINDRICAL_SURFACE('',#13145,1.E-1);
#13148=ORIENTED_EDGE('',*,*,#13147,.F.);
#13149=ORIENTED_EDGE('',*,*,#13134,.F.);
#13150=ORIENTED_EDGE('',*,*,#9705,.T.);
#13152=ORIENTED_EDGE('',*,*,#13151,.T.);
#13153=EDGE_LOOP('',(#13148,#13149,#13150,#13152));
#13154=FACE_OUTER_BOUND('',#13153,.F.);
#13156=CARTESIAN_POINT('',(-1.075E0,7.4E0,-2.E1));
#13157=DIRECTION('',(1.E0,0.E0,0.E0));
#13158=DIRECTION('',(0.E0,1.E0,0.E0));
#13159=AXIS2_PLACEMENT_3D('',#13156,#13157,#13158);
#13160=PLANE('',#13159);
#13161=ORIENTED_EDGE('',*,*,#13147,.T.);
#13163=ORIENTED_EDGE('',*,*,#13162,.T.);
#13164=ORIENTED_EDGE('',*,*,#9397,.F.);
#13165=ORIENTED_EDGE('',*,*,#10020,.T.);
#13167=ORIENTED_EDGE('',*,*,#13166,.F.);
#13168=EDGE_LOOP('',(#13161,#13163,#13164,#13165,#13167));
#13169=FACE_OUTER_BOUND('',#13168,.F.);
#13171=CARTESIAN_POINT('',(-1.175E0,1.02E1,-9.9E0));
#13172=DIRECTION('',(-1.E0,0.E0,0.E0));
#13173=DIRECTION('',(0.E0,-5.485369585398E-1,-8.361263093074E-1));
#13174=AXIS2_PLACEMENT_3D('',#13171,#13172,#13173);
#13175=TOROIDAL_SURFACE('',#13174,2.E-1,1.E-1);
#13176=ORIENTED_EDGE('',*,*,#13162,.F.);
#13177=ORIENTED_EDGE('',*,*,#13151,.F.);
#13179=ORIENTED_EDGE('',*,*,#13178,.F.);
#13180=ORIENTED_EDGE('',*,*,#9399,.F.);
#13181=EDGE_LOOP('',(#13176,#13177,#13179,#13180));
#13182=FACE_OUTER_BOUND('',#13181,.F.);
#13184=CARTESIAN_POINT('',(1.0965888E2,1.02E1,-9.9E0));
#13185=DIRECTION('',(-1.E0,0.E0,0.E0));
#13186=DIRECTION('',(0.E0,1.E0,0.E0));
#13187=AXIS2_PLACEMENT_3D('',#13184,#13185,#13186);
#13188=CYLINDRICAL_SURFACE('',#13187,1.E-1);
#13189=ORIENTED_EDGE('',*,*,#9401,.F.);
#13190=ORIENTED_EDGE('',*,*,#13178,.T.);
#13191=ORIENTED_EDGE('',*,*,#9703,.T.);
#13193=ORIENTED_EDGE('',*,*,#13192,.T.);
#13194=EDGE_LOOP('',(#13189,#13190,#13191,#13193));
#13195=FACE_OUTER_BOUND('',#13194,.F.);
#13197=CARTESIAN_POINT('',(-2.325E0,1.02E1,-9.9E0));
#13198=DIRECTION('',(-1.E0,0.E0,0.E0));
#13199=DIRECTION('',(-3.330669073875E-14,-7.564028598729E-1,
-6.541060415376E-1));
#13200=AXIS2_PLACEMENT_3D('',#13197,#13198,#13199);
#13201=TOROIDAL_SURFACE('',#13200,2.E-1,1.E-1);
#13202=ORIENTED_EDGE('',*,*,#13109,.T.);
#13203=ORIENTED_EDGE('',*,*,#9403,.F.);
#13204=ORIENTED_EDGE('',*,*,#13192,.F.);
#13205=ORIENTED_EDGE('',*,*,#13123,.F.);
#13206=EDGE_LOOP('',(#13202,#13203,#13204,#13205));
#13207=FACE_OUTER_BOUND('',#13206,.F.);
#13209=CARTESIAN_POINT('',(-1.75E0,8.075E0,4.963457E1));
#13210=DIRECTION('',(0.E0,0.E0,-1.E0));
#13211=DIRECTION('',(-1.E0,0.E0,0.E0));
#13212=AXIS2_PLACEMENT_3D('',#13209,#13210,#13211);
#13213=CYLINDRICAL_SURFACE('',#13212,6.75E-1);
#13214=ORIENTED_EDGE('',*,*,#13136,.T.);
#13215=ORIENTED_EDGE('',*,*,#13166,.T.);
#13216=ORIENTED_EDGE('',*,*,#10018,.T.);
#13217=ORIENTED_EDGE('',*,*,#13105,.F.);
#13218=EDGE_LOOP('',(#13214,#13215,#13216,#13217));
#13219=FACE_OUTER_BOUND('',#13218,.F.);
#13221=CARTESIAN_POINT('',(1.25E0,1.03E1,-2.E1));
#13222=DIRECTION('',(-1.E0,0.E0,0.E0));
#13223=DIRECTION('',(0.E0,-1.E0,0.E0));
#13224=AXIS2_PLACEMENT_3D('',#13221,#13222,#13223);
#13225=PLANE('',#13224);
#13227=ORIENTED_EDGE('',*,*,#13226,.T.);
#13229=ORIENTED_EDGE('',*,*,#13228,.T.);
#13230=ORIENTED_EDGE('',*,*,#10023,.F.);
#13231=ORIENTED_EDGE('',*,*,#9393,.T.);
#13233=ORIENTED_EDGE('',*,*,#13232,.F.);
#13234=EDGE_LOOP('',(#13227,#13229,#13230,#13231,#13233));
#13235=FACE_OUTER_BOUND('',#13234,.F.);
#13237=CARTESIAN_POINT('',(1.35E0,5.789556E1,-1.01E1));
#13238=DIRECTION('',(0.E0,-1.E0,0.E0));
#13239=DIRECTION('',(0.E0,0.E0,1.E0));
#13240=AXIS2_PLACEMENT_3D('',#13237,#13238,#13239);
#13241=CYLINDRICAL_SURFACE('',#13240,1.E-1);
#13242=ORIENTED_EDGE('',*,*,#9685,.T.);
#13244=ORIENTED_EDGE('',*,*,#13243,.T.);
#13245=ORIENTED_EDGE('',*,*,#13226,.F.);
#13247=ORIENTED_EDGE('',*,*,#13246,.T.);
#13248=EDGE_LOOP('',(#13242,#13244,#13245,#13247));
#13249=FACE_OUTER_BOUND('',#13248,.F.);
#13251=CARTESIAN_POINT('',(1.75E0,9.1E0,-1.01E1));
#13252=DIRECTION('',(0.E0,0.E0,-1.E0));
#13253=DIRECTION('',(-9.416375194411E-1,3.366285519393E-1,0.E0));
#13254=AXIS2_PLACEMENT_3D('',#13251,#13252,#13253);
#13255=TOROIDAL_SURFACE('',#13254,4.E-1,1.E-1);
#13256=ORIENTED_EDGE('',*,*,#9691,.T.);
#13258=ORIENTED_EDGE('',*,*,#13257,.T.);
#13260=ORIENTED_EDGE('',*,*,#13259,.F.);
#13261=ORIENTED_EDGE('',*,*,#13243,.F.);
#13262=EDGE_LOOP('',(#13256,#13258,#13260,#13261));
#13263=FACE_OUTER_BOUND('',#13262,.F.);
#13265=CARTESIAN_POINT('',(2.15E0,8.979154967379E0,-1.01E1));
#13266=DIRECTION('',(0.E0,1.E0,0.E0));
#13267=DIRECTION('',(0.E0,0.E0,1.E0));
#13268=AXIS2_PLACEMENT_3D('',#13265,#13266,#13267);
#13269=CYLINDRICAL_SURFACE('',#13268,1.E-1);
#13271=ORIENTED_EDGE('',*,*,#13270,.F.);
#13272=ORIENTED_EDGE('',*,*,#13257,.F.);
#13273=ORIENTED_EDGE('',*,*,#9689,.T.);
#13275=ORIENTED_EDGE('',*,*,#13274,.T.);
#13276=EDGE_LOOP('',(#13271,#13272,#13273,#13275));
#13277=FACE_OUTER_BOUND('',#13276,.F.);
#13279=CARTESIAN_POINT('',(2.25E0,8.6E0,-2.E1));
#13280=DIRECTION('',(1.E0,0.E0,0.E0));
#13281=DIRECTION('',(0.E0,1.E0,0.E0));
#13282=AXIS2_PLACEMENT_3D('',#13279,#13280,#13281);
#13283=PLANE('',#13282);
#13284=ORIENTED_EDGE('',*,*,#13270,.T.);
#13286=ORIENTED_EDGE('',*,*,#13285,.T.);
#13287=ORIENTED_EDGE('',*,*,#9385,.F.);
#13288=ORIENTED_EDGE('',*,*,#10027,.T.);
#13290=ORIENTED_EDGE('',*,*,#13289,.F.);
#13291=EDGE_LOOP('',(#13284,#13286,#13287,#13288,#13290));
#13292=FACE_OUTER_BOUND('',#13291,.F.);
#13294=CARTESIAN_POINT('',(2.15E0,1.02E1,-9.9E0));
#13295=DIRECTION('',(-1.E0,0.E0,0.E0));
#13296=DIRECTION('',(-2.886579864025E-14,-5.485369585398E-1,
-8.361263093074E-1));
#13297=AXIS2_PLACEMENT_3D('',#13294,#13295,#13296);
#13298=TOROIDAL_SURFACE('',#13297,2.E-1,1.E-1);
#13299=ORIENTED_EDGE('',*,*,#13285,.F.);
#13300=ORIENTED_EDGE('',*,*,#13274,.F.);
#13302=ORIENTED_EDGE('',*,*,#13301,.F.);
#13303=ORIENTED_EDGE('',*,*,#9387,.F.);
#13304=EDGE_LOOP('',(#13299,#13300,#13302,#13303));
#13305=FACE_OUTER_BOUND('',#13304,.F.);
#13307=CARTESIAN_POINT('',(1.0965888E2,1.02E1,-9.9E0));
#13308=DIRECTION('',(-1.E0,0.E0,0.E0));
#13309=DIRECTION('',(0.E0,1.E0,0.E0));
#13310=AXIS2_PLACEMENT_3D('',#13307,#13308,#13309);
#13311=CYLINDRICAL_SURFACE('',#13310,1.E-1);
#13312=ORIENTED_EDGE('',*,*,#9389,.F.);
#13313=ORIENTED_EDGE('',*,*,#13301,.T.);
#13314=ORIENTED_EDGE('',*,*,#9687,.T.);
#13316=ORIENTED_EDGE('',*,*,#13315,.T.);
#13317=EDGE_LOOP('',(#13312,#13313,#13314,#13316));
#13318=FACE_OUTER_BOUND('',#13317,.F.);
#13320=CARTESIAN_POINT('',(1.35E0,1.02E1,-9.9E0));
#13321=DIRECTION('',(-1.E0,0.E0,0.E0));
#13322=DIRECTION('',(2.886579864025E-14,-7.564028598729E-1,-6.541060415376E-1));
#13323=AXIS2_PLACEMENT_3D('',#13320,#13321,#13322);
#13324=TOROIDAL_SURFACE('',#13323,2.E-1,1.E-1);
#13325=ORIENTED_EDGE('',*,*,#13232,.T.);
#13326=ORIENTED_EDGE('',*,*,#9391,.F.);
#13327=ORIENTED_EDGE('',*,*,#13315,.F.);
#13328=ORIENTED_EDGE('',*,*,#13246,.F.);
#13329=EDGE_LOOP('',(#13325,#13326,#13327,#13328));
#13330=FACE_OUTER_BOUND('',#13329,.F.);
#13332=CARTESIAN_POINT('',(1.75E0,9.1E0,4.963457E1));
#13333=DIRECTION('',(0.E0,0.E0,-1.E0));
#13334=DIRECTION('',(-1.E0,0.E0,0.E0));
#13335=AXIS2_PLACEMENT_3D('',#13332,#13333,#13334);
#13336=CYLINDRICAL_SURFACE('',#13335,5.E-1);
#13337=ORIENTED_EDGE('',*,*,#13259,.T.);
#13338=ORIENTED_EDGE('',*,*,#13289,.T.);
#13339=ORIENTED_EDGE('',*,*,#10025,.T.);
#13340=ORIENTED_EDGE('',*,*,#13228,.F.);
#13341=EDGE_LOOP('',(#13337,#13338,#13339,#13340));
#13342=FACE_OUTER_BOUND('',#13341,.F.);
#13344=CARTESIAN_POINT('',(4.75E0,1.03E1,-2.E1));
#13345=DIRECTION('',(-1.E0,0.E0,0.E0));
#13346=DIRECTION('',(0.E0,-1.E0,0.E0));
#13347=AXIS2_PLACEMENT_3D('',#13344,#13345,#13346);
#13348=PLANE('',#13347);
#13350=ORIENTED_EDGE('',*,*,#13349,.T.);
#13352=ORIENTED_EDGE('',*,*,#13351,.T.);
#13353=ORIENTED_EDGE('',*,*,#10030,.F.);
#13354=ORIENTED_EDGE('',*,*,#9381,.T.);
#13356=ORIENTED_EDGE('',*,*,#13355,.F.);
#13357=EDGE_LOOP('',(#13350,#13352,#13353,#13354,#13356));
#13358=FACE_OUTER_BOUND('',#13357,.F.);
#13360=CARTESIAN_POINT('',(4.85E0,5.789556E1,-1.01E1));
#13361=DIRECTION('',(0.E0,-1.E0,0.E0));
#13362=DIRECTION('',(0.E0,0.E0,1.E0));
#13363=AXIS2_PLACEMENT_3D('',#13360,#13361,#13362);
#13364=CYLINDRICAL_SURFACE('',#13363,1.E-1);
#13365=ORIENTED_EDGE('',*,*,#9675,.T.);
#13367=ORIENTED_EDGE('',*,*,#13366,.T.);
#13368=ORIENTED_EDGE('',*,*,#13349,.F.);
#13370=ORIENTED_EDGE('',*,*,#13369,.T.);
#13371=EDGE_LOOP('',(#13365,#13367,#13368,#13370));
#13372=FACE_OUTER_BOUND('',#13371,.F.);
#13374=CARTESIAN_POINT('',(5.25E0,9.1E0,-1.01E1));
#13375=DIRECTION('',(0.E0,0.E0,-1.E0));
#13376=DIRECTION('',(-9.416375194411E-1,3.366285519393E-1,0.E0));
#13377=AXIS2_PLACEMENT_3D('',#13374,#13375,#13376);
#13378=TOROIDAL_SURFACE('',#13377,4.E-1,1.E-1);
#13379=ORIENTED_EDGE('',*,*,#9673,.T.);
#13381=ORIENTED_EDGE('',*,*,#13380,.T.);
#13383=ORIENTED_EDGE('',*,*,#13382,.F.);
#13384=ORIENTED_EDGE('',*,*,#13366,.F.);
#13385=EDGE_LOOP('',(#13379,#13381,#13383,#13384));
#13386=FACE_OUTER_BOUND('',#13385,.F.);
#13388=CARTESIAN_POINT('',(5.65E0,8.979154967379E0,-1.01E1));
#13389=DIRECTION('',(0.E0,1.E0,0.E0));
#13390=DIRECTION('',(0.E0,0.E0,1.E0));
#13391=AXIS2_PLACEMENT_3D('',#13388,#13389,#13390);
#13392=CYLINDRICAL_SURFACE('',#13391,1.E-1);
#13394=ORIENTED_EDGE('',*,*,#13393,.F.);
#13395=ORIENTED_EDGE('',*,*,#13380,.F.);
#13396=ORIENTED_EDGE('',*,*,#9671,.T.);
#13398=ORIENTED_EDGE('',*,*,#13397,.T.);
#13399=EDGE_LOOP('',(#13394,#13395,#13396,#13398));
#13400=FACE_OUTER_BOUND('',#13399,.F.);
#13402=CARTESIAN_POINT('',(5.75E0,8.6E0,-2.E1));
#13403=DIRECTION('',(1.E0,0.E0,0.E0));
#13404=DIRECTION('',(0.E0,1.E0,0.E0));
#13405=AXIS2_PLACEMENT_3D('',#13402,#13403,#13404);
#13406=PLANE('',#13405);
#13407=ORIENTED_EDGE('',*,*,#13393,.T.);
#13409=ORIENTED_EDGE('',*,*,#13408,.T.);
#13410=ORIENTED_EDGE('',*,*,#9373,.F.);
#13411=ORIENTED_EDGE('',*,*,#10034,.T.);
#13413=ORIENTED_EDGE('',*,*,#13412,.F.);
#13414=EDGE_LOOP('',(#13407,#13409,#13410,#13411,#13413));
#13415=FACE_OUTER_BOUND('',#13414,.F.);
#13417=CARTESIAN_POINT('',(5.65E0,1.02E1,-9.9E0));
#13418=DIRECTION('',(-1.E0,0.E0,0.E0));
#13419=DIRECTION('',(-2.664535259100E-14,-5.485369585398E-1,
-8.361263093074E-1));
#13420=AXIS2_PLACEMENT_3D('',#13417,#13418,#13419);
#13421=TOROIDAL_SURFACE('',#13420,2.E-1,1.E-1);
#13422=ORIENTED_EDGE('',*,*,#13408,.F.);
#13423=ORIENTED_EDGE('',*,*,#13397,.F.);
#13425=ORIENTED_EDGE('',*,*,#13424,.F.);
#13426=ORIENTED_EDGE('',*,*,#9375,.F.);
#13427=EDGE_LOOP('',(#13422,#13423,#13425,#13426));
#13428=FACE_OUTER_BOUND('',#13427,.F.);
#13430=CARTESIAN_POINT('',(1.0965888E2,1.02E1,-9.9E0));
#13431=DIRECTION('',(-1.E0,0.E0,0.E0));
#13432=DIRECTION('',(0.E0,1.E0,0.E0));
#13433=AXIS2_PLACEMENT_3D('',#13430,#13431,#13432);
#13434=CYLINDRICAL_SURFACE('',#13433,1.E-1);
#13435=ORIENTED_EDGE('',*,*,#9377,.F.);
#13436=ORIENTED_EDGE('',*,*,#13424,.T.);
#13437=ORIENTED_EDGE('',*,*,#9669,.T.);
#13439=ORIENTED_EDGE('',*,*,#13438,.T.);
#13440=EDGE_LOOP('',(#13435,#13436,#13437,#13439));
#13441=FACE_OUTER_BOUND('',#13440,.F.);
#13443=CARTESIAN_POINT('',(4.85E0,1.02E1,-9.9E0));
#13444=DIRECTION('',(-1.E0,0.E0,0.E0));
#13445=DIRECTION('',(2.664535259100E-14,-7.564028598729E-1,-6.541060415376E-1));
#13446=AXIS2_PLACEMENT_3D('',#13443,#13444,#13445);
#13447=TOROIDAL_SURFACE('',#13446,2.E-1,1.E-1);
#13448=ORIENTED_EDGE('',*,*,#13355,.T.);
#13449=ORIENTED_EDGE('',*,*,#9379,.F.);
#13450=ORIENTED_EDGE('',*,*,#13438,.F.);
#13451=ORIENTED_EDGE('',*,*,#13369,.F.);
#13452=EDGE_LOOP('',(#13448,#13449,#13450,#13451));
#13453=FACE_OUTER_BOUND('',#13452,.F.);
#13455=CARTESIAN_POINT('',(5.25E0,9.1E0,4.963457E1));
#13456=DIRECTION('',(0.E0,0.E0,-1.E0));
#13457=DIRECTION('',(-1.E0,0.E0,0.E0));
#13458=AXIS2_PLACEMENT_3D('',#13455,#13456,#13457);
#13459=CYLINDRICAL_SURFACE('',#13458,5.E-1);
#13460=ORIENTED_EDGE('',*,*,#13382,.T.);
#13461=ORIENTED_EDGE('',*,*,#13412,.T.);
#13462=ORIENTED_EDGE('',*,*,#10032,.T.);
#13463=ORIENTED_EDGE('',*,*,#13351,.F.);
#13464=EDGE_LOOP('',(#13460,#13461,#13462,#13463));
#13465=FACE_OUTER_BOUND('',#13464,.F.);
#13467=CARTESIAN_POINT('',(8.25E0,1.03E1,-2.E1));
#13468=DIRECTION('',(-1.E0,0.E0,0.E0));
#13469=DIRECTION('',(0.E0,-1.E0,0.E0));
#13470=AXIS2_PLACEMENT_3D('',#13467,#13468,#13469);
#13471=PLANE('',#13470);
#13473=ORIENTED_EDGE('',*,*,#13472,.T.);
#13475=ORIENTED_EDGE('',*,*,#13474,.T.);
#13476=ORIENTED_EDGE('',*,*,#10037,.F.);
#13477=ORIENTED_EDGE('',*,*,#9369,.T.);
#13479=ORIENTED_EDGE('',*,*,#13478,.F.);
#13480=EDGE_LOOP('',(#13473,#13475,#13476,#13477,#13479));
#13481=FACE_OUTER_BOUND('',#13480,.F.);
#13483=CARTESIAN_POINT('',(8.35E0,5.789556E1,-1.01E1));
#13484=DIRECTION('',(0.E0,-1.E0,0.E0));
#13485=DIRECTION('',(0.E0,0.E0,1.E0));
#13486=AXIS2_PLACEMENT_3D('',#13483,#13484,#13485);
#13487=CYLINDRICAL_SURFACE('',#13486,1.E-1);
#13488=ORIENTED_EDGE('',*,*,#9659,.T.);
#13490=ORIENTED_EDGE('',*,*,#13489,.T.);
#13491=ORIENTED_EDGE('',*,*,#13472,.F.);
#13493=ORIENTED_EDGE('',*,*,#13492,.T.);
#13494=EDGE_LOOP('',(#13488,#13490,#13491,#13493));
#13495=FACE_OUTER_BOUND('',#13494,.F.);
#13497=CARTESIAN_POINT('',(8.75E0,9.1E0,-1.01E1));
#13498=DIRECTION('',(0.E0,0.E0,-1.E0));
#13499=DIRECTION('',(-9.416375194411E-1,3.366285519393E-1,0.E0));
#13500=AXIS2_PLACEMENT_3D('',#13497,#13498,#13499);
#13501=TOROIDAL_SURFACE('',#13500,4.E-1,1.E-1);
#13502=ORIENTED_EDGE('',*,*,#9657,.T.);
#13504=ORIENTED_EDGE('',*,*,#13503,.T.);
#13506=ORIENTED_EDGE('',*,*,#13505,.F.);
#13507=ORIENTED_EDGE('',*,*,#13489,.F.);
#13508=EDGE_LOOP('',(#13502,#13504,#13506,#13507));
#13509=FACE_OUTER_BOUND('',#13508,.F.);
#13511=CARTESIAN_POINT('',(9.15E0,8.979154967379E0,-1.01E1));
#13512=DIRECTION('',(0.E0,1.E0,0.E0));
#13513=DIRECTION('',(0.E0,0.E0,1.E0));
#13514=AXIS2_PLACEMENT_3D('',#13511,#13512,#13513);
#13515=CYLINDRICAL_SURFACE('',#13514,1.E-1);
#13517=ORIENTED_EDGE('',*,*,#13516,.F.);
#13518=ORIENTED_EDGE('',*,*,#13503,.F.);
#13519=ORIENTED_EDGE('',*,*,#9655,.T.);
#13521=ORIENTED_EDGE('',*,*,#13520,.T.);
#13522=EDGE_LOOP('',(#13517,#13518,#13519,#13521));
#13523=FACE_OUTER_BOUND('',#13522,.F.);
#13525=CARTESIAN_POINT('',(9.25E0,8.6E0,-2.E1));
#13526=DIRECTION('',(1.E0,0.E0,0.E0));
#13527=DIRECTION('',(0.E0,1.E0,0.E0));
#13528=AXIS2_PLACEMENT_3D('',#13525,#13526,#13527);
#13529=PLANE('',#13528);
#13530=ORIENTED_EDGE('',*,*,#13516,.T.);
#13532=ORIENTED_EDGE('',*,*,#13531,.T.);
#13533=ORIENTED_EDGE('',*,*,#9361,.F.);
#13534=ORIENTED_EDGE('',*,*,#10041,.T.);
#13536=ORIENTED_EDGE('',*,*,#13535,.F.);
#13537=EDGE_LOOP('',(#13530,#13532,#13533,#13534,#13536));
#13538=FACE_OUTER_BOUND('',#13537,.F.);
#13540=CARTESIAN_POINT('',(9.15E0,1.02E1,-9.9E0));
#13541=DIRECTION('',(-1.E0,0.E0,0.E0));
#13542=DIRECTION('',(-2.664535259100E-14,-5.485369585398E-1,
-8.361263093074E-1));
#13543=AXIS2_PLACEMENT_3D('',#13540,#13541,#13542);
#13544=TOROIDAL_SURFACE('',#13543,2.E-1,1.E-1);
#13545=ORIENTED_EDGE('',*,*,#13531,.F.);
#13546=ORIENTED_EDGE('',*,*,#13520,.F.);
#13548=ORIENTED_EDGE('',*,*,#13547,.F.);
#13549=ORIENTED_EDGE('',*,*,#9363,.F.);
#13550=EDGE_LOOP('',(#13545,#13546,#13548,#13549));
#13551=FACE_OUTER_BOUND('',#13550,.F.);
#13553=CARTESIAN_POINT('',(1.0965888E2,1.02E1,-9.9E0));
#13554=DIRECTION('',(-1.E0,0.E0,0.E0));
#13555=DIRECTION('',(0.E0,1.E0,0.E0));
#13556=AXIS2_PLACEMENT_3D('',#13553,#13554,#13555);
#13557=CYLINDRICAL_SURFACE('',#13556,1.E-1);
#13558=ORIENTED_EDGE('',*,*,#9365,.F.);
#13559=ORIENTED_EDGE('',*,*,#13547,.T.);
#13560=ORIENTED_EDGE('',*,*,#9653,.T.);
#13562=ORIENTED_EDGE('',*,*,#13561,.T.);
#13563=EDGE_LOOP('',(#13558,#13559,#13560,#13562));
#13564=FACE_OUTER_BOUND('',#13563,.F.);
#13566=CARTESIAN_POINT('',(8.35E0,1.02E1,-9.9E0));
#13567=DIRECTION('',(-1.E0,0.E0,0.E0));
#13568=DIRECTION('',(2.664535259100E-14,-7.564028598729E-1,-6.541060415376E-1));
#13569=AXIS2_PLACEMENT_3D('',#13566,#13567,#13568);
#13570=TOROIDAL_SURFACE('',#13569,2.E-1,1.E-1);
#13571=ORIENTED_EDGE('',*,*,#13478,.T.);
#13572=ORIENTED_EDGE('',*,*,#9367,.F.);
#13573=ORIENTED_EDGE('',*,*,#13561,.F.);
#13574=ORIENTED_EDGE('',*,*,#13492,.F.);
#13575=EDGE_LOOP('',(#13571,#13572,#13573,#13574));
#13576=FACE_OUTER_BOUND('',#13575,.F.);
#13578=CARTESIAN_POINT('',(8.75E0,9.1E0,4.963457E1));
#13579=DIRECTION('',(0.E0,0.E0,-1.E0));
#13580=DIRECTION('',(-1.E0,0.E0,0.E0));
#13581=AXIS2_PLACEMENT_3D('',#13578,#13579,#13580);
#13582=CYLINDRICAL_SURFACE('',#13581,5.E-1);
#13583=ORIENTED_EDGE('',*,*,#13505,.T.);
#13584=ORIENTED_EDGE('',*,*,#13535,.T.);
#13585=ORIENTED_EDGE('',*,*,#10039,.T.);
#13586=ORIENTED_EDGE('',*,*,#13474,.F.);
#13587=EDGE_LOOP('',(#13583,#13584,#13585,#13586));
#13588=FACE_OUTER_BOUND('',#13587,.F.);
#13590=CARTESIAN_POINT('',(1.225E1,9.1E0,4.963457E1));
#13591=DIRECTION('',(0.E0,0.E0,-1.E0));
#13592=DIRECTION('',(-1.E0,0.E0,0.E0));
#13593=AXIS2_PLACEMENT_3D('',#13590,#13591,#13592);
#13594=CYLINDRICAL_SURFACE('',#13593,5.E-1);
#13596=ORIENTED_EDGE('',*,*,#13595,.T.);
#13598=ORIENTED_EDGE('',*,*,#13597,.T.);
#13599=ORIENTED_EDGE('',*,*,#10045,.T.);
#13600=ORIENTED_EDGE('',*,*,#9482,.F.);
#13601=EDGE_LOOP('',(#13596,#13598,#13599,#13600));
#13602=FACE_OUTER_BOUND('',#13601,.F.);
#13604=CARTESIAN_POINT('',(1.225E1,9.1E0,-1.01E1));
#13605=DIRECTION('',(0.E0,0.E0,-1.E0));
#13606=DIRECTION('',(-9.416375194411E-1,3.366285519393E-1,0.E0));
#13607=AXIS2_PLACEMENT_3D('',#13604,#13605,#13606);
#13608=TOROIDAL_SURFACE('',#13607,4.E-1,1.E-1);
#13609=ORIENTED_EDGE('',*,*,#9642,.T.);
#13611=ORIENTED_EDGE('',*,*,#13610,.T.);
#13612=ORIENTED_EDGE('',*,*,#13595,.F.);
#13613=ORIENTED_EDGE('',*,*,#9498,.F.);
#13614=EDGE_LOOP('',(#13609,#13611,#13612,#13613));
#13615=FACE_OUTER_BOUND('',#13614,.F.);
#13617=CARTESIAN_POINT('',(1.265E1,8.979154967379E0,-1.01E1));
#13618=DIRECTION('',(0.E0,1.E0,0.E0));
#13619=DIRECTION('',(0.E0,0.E0,1.E0));
#13620=AXIS2_PLACEMENT_3D('',#13617,#13618,#13619);
#13621=CYLINDRICAL_SURFACE('',#13620,1.E-1);
#13623=ORIENTED_EDGE('',*,*,#13622,.F.);
#13624=ORIENTED_EDGE('',*,*,#13610,.F.);
#13625=ORIENTED_EDGE('',*,*,#9640,.T.);
#13627=ORIENTED_EDGE('',*,*,#13626,.T.);
#13628=EDGE_LOOP('',(#13623,#13624,#13625,#13627));
#13629=FACE_OUTER_BOUND('',#13628,.F.);
#13631=CARTESIAN_POINT('',(1.275E1,8.6E0,-2.E1));
#13632=DIRECTION('',(1.E0,0.E0,0.E0));
#13633=DIRECTION('',(0.E0,1.E0,0.E0));
#13634=AXIS2_PLACEMENT_3D('',#13631,#13632,#13633);
#13635=PLANE('',#13634);
#13636=ORIENTED_EDGE('',*,*,#13622,.T.);
#13638=ORIENTED_EDGE('',*,*,#13637,.T.);
#13639=ORIENTED_EDGE('',*,*,#9451,.F.);
#13640=ORIENTED_EDGE('',*,*,#10047,.T.);
#13641=ORIENTED_EDGE('',*,*,#13597,.F.);
#13642=EDGE_LOOP('',(#13636,#13638,#13639,#13640,#13641));
#13643=FACE_OUTER_BOUND('',#13642,.F.);
#13645=CARTESIAN_POINT('',(1.265E1,1.02E1,-9.9E0));
#13646=DIRECTION('',(-1.E0,0.E0,0.E0));
#13647=DIRECTION('',(-2.664535259100E-14,-5.485369585398E-1,
-8.361263093074E-1));
#13648=AXIS2_PLACEMENT_3D('',#13645,#13646,#13647);
#13649=TOROIDAL_SURFACE('',#13648,2.E-1,1.E-1);
#13650=ORIENTED_EDGE('',*,*,#13637,.F.);
#13651=ORIENTED_EDGE('',*,*,#13626,.F.);
#13653=ORIENTED_EDGE('',*,*,#13652,.F.);
#13654=ORIENTED_EDGE('',*,*,#9453,.F.);
#13655=EDGE_LOOP('',(#13650,#13651,#13653,#13654));
#13656=FACE_OUTER_BOUND('',#13655,.F.);
#13658=CARTESIAN_POINT('',(1.0965888E2,1.02E1,-9.9E0));
#13659=DIRECTION('',(-1.E0,0.E0,0.E0));
#13660=DIRECTION('',(0.E0,1.E0,0.E0));
#13661=AXIS2_PLACEMENT_3D('',#13658,#13659,#13660);
#13662=CYLINDRICAL_SURFACE('',#13661,1.E-1);
#13663=ORIENTED_EDGE('',*,*,#9455,.F.);
#13664=ORIENTED_EDGE('',*,*,#13652,.T.);
#13665=ORIENTED_EDGE('',*,*,#9638,.T.);
#13666=ORIENTED_EDGE('',*,*,#9468,.T.);
#13667=EDGE_LOOP('',(#13663,#13664,#13665,#13666));
#13668=FACE_OUTER_BOUND('',#13667,.F.);
#13670=CARTESIAN_POINT('',(1.55E1,5.6E0,0.E0));
#13671=DIRECTION('',(0.E0,0.E0,1.E0));
#13672=DIRECTION('',(1.E0,0.E0,0.E0));
#13673=AXIS2_PLACEMENT_3D('',#13670,#13671,#13672);
#13674=CYLINDRICAL_SURFACE('',#13673,4.7E0);
#13675=ORIENTED_EDGE('',*,*,#9246,.F.);
#13677=ORIENTED_EDGE('',*,*,#13676,.T.);
#13678=ORIENTED_EDGE('',*,*,#10050,.T.);
#13679=ORIENTED_EDGE('',*,*,#9447,.F.);
#13680=EDGE_LOOP('',(#13675,#13677,#13678,#13679));
#13681=FACE_OUTER_BOUND('',#13680,.F.);
#13683=CARTESIAN_POINT('',(2.02E1,-5.6E0,0.E0));
#13684=DIRECTION('',(1.E0,0.E0,0.E0));
#13685=DIRECTION('',(0.E0,1.E0,0.E0));
#13686=AXIS2_PLACEMENT_3D('',#13683,#13684,#13685);
#13687=PLANE('',#13686);
#13689=ORIENTED_EDGE('',*,*,#13688,.T.);
#13691=ORIENTED_EDGE('',*,*,#13690,.F.);
#13692=ORIENTED_EDGE('',*,*,#10052,.T.);
#13693=ORIENTED_EDGE('',*,*,#13676,.F.);
#13694=ORIENTED_EDGE('',*,*,#9260,.F.);
#13696=ORIENTED_EDGE('',*,*,#13695,.T.);
#13697=ORIENTED_EDGE('',*,*,#10068,.T.);
#13699=ORIENTED_EDGE('',*,*,#13698,.T.);
#13701=ORIENTED_EDGE('',*,*,#13700,.T.);
#13703=ORIENTED_EDGE('',*,*,#13702,.T.);
#13705=ORIENTED_EDGE('',*,*,#13704,.T.);
#13707=ORIENTED_EDGE('',*,*,#13706,.F.);
#13708=ORIENTED_EDGE('',*,*,#10060,.T.);
#13710=ORIENTED_EDGE('',*,*,#13709,.T.);
#13712=ORIENTED_EDGE('',*,*,#13711,.T.);
#13714=ORIENTED_EDGE('',*,*,#13713,.T.);
#13715=EDGE_LOOP('',(#13689,#13691,#13692,#13693,#13694,#13696,#13697,#13699,
#13701,#13703,#13705,#13707,#13708,#13710,#13712,#13714));
#13716=FACE_OUTER_BOUND('',#13715,.F.);
#13718=CARTESIAN_POINT('',(2.01E1,5.1E0,-9.9E0));
#13719=DIRECTION('',(0.E0,1.E0,0.E0));
#13720=DIRECTION('',(-7.564028598729E-1,0.E0,-6.541060415376E-1));
#13721=AXIS2_PLACEMENT_3D('',#13718,#13719,#13720);
#13722=TOROIDAL_SURFACE('',#13721,2.E-1,1.E-1);
#13724=ORIENTED_EDGE('',*,*,#13723,.T.);
#13725=ORIENTED_EDGE('',*,*,#13688,.F.);
#13727=ORIENTED_EDGE('',*,*,#13726,.F.);
#13729=ORIENTED_EDGE('',*,*,#13728,.F.);
#13730=EDGE_LOOP('',(#13724,#13725,#13727,#13729));
#13731=FACE_OUTER_BOUND('',#13730,.F.);
#13733=CARTESIAN_POINT('',(2.02E1,5.2E0,-2.E1));
#13734=DIRECTION('',(0.E0,1.E0,0.E0));
#13735=DIRECTION('',(-1.E0,0.E0,0.E0));
#13736=AXIS2_PLACEMENT_3D('',#13733,#13734,#13735);
#13737=PLANE('',#13736);
#13739=ORIENTED_EDGE('',*,*,#13738,.T.);
#13741=ORIENTED_EDGE('',*,*,#13740,.F.);
#13742=ORIENTED_EDGE('',*,*,#10054,.F.);
#13743=ORIENTED_EDGE('',*,*,#13690,.T.);
#13744=ORIENTED_EDGE('',*,*,#13723,.F.);
#13745=EDGE_LOOP('',(#13739,#13741,#13742,#13743,#13744));
#13746=FACE_OUTER_BOUND('',#13745,.F.);
#13748=CARTESIAN_POINT('',(1.0965888E2,5.1E0,-1.01E1));
#13749=DIRECTION('',(-1.E0,0.E0,0.E0));
#13750=DIRECTION('',(0.E0,0.E0,1.E0));
#13751=AXIS2_PLACEMENT_3D('',#13748,#13749,#13750);
#13752=CYLINDRICAL_SURFACE('',#13751,1.E-1);
#13754=ORIENTED_EDGE('',*,*,#13753,.T.);
#13756=ORIENTED_EDGE('',*,*,#13755,.T.);
#13757=ORIENTED_EDGE('',*,*,#13738,.F.);
#13758=ORIENTED_EDGE('',*,*,#13728,.T.);
#13759=EDGE_LOOP('',(#13754,#13756,#13757,#13758));
#13760=FACE_OUTER_BOUND('',#13759,.F.);
#13762=CARTESIAN_POINT('',(0.E0,0.E0,-1.E1));
#13763=DIRECTION('',(0.E0,0.E0,1.E0));
#13764=DIRECTION('',(1.E0,0.E0,0.E0));
#13765=AXIS2_PLACEMENT_3D('',#13762,#13763,#13764);
#13766=PLANE('',#13765);
#13768=ORIENTED_EDGE('',*,*,#13767,.F.);
#13770=ORIENTED_EDGE('',*,*,#13769,.F.);
#13772=ORIENTED_EDGE('',*,*,#13771,.F.);
#13774=ORIENTED_EDGE('',*,*,#13773,.F.);
#13775=EDGE_LOOP('',(#13768,#13770,#13772,#13774));
#13776=FACE_OUTER_BOUND('',#13775,.F.);
#13778=CARTESIAN_POINT('',(0.E0,0.E0,-1.E1));
#13779=DIRECTION('',(0.E0,0.E0,1.E0));
#13780=DIRECTION('',(1.E0,0.E0,0.E0));
#13781=AXIS2_PLACEMENT_3D('',#13778,#13779,#13780);
#13782=PLANE('',#13781);
#13784=ORIENTED_EDGE('',*,*,#13783,.F.);
#13786=ORIENTED_EDGE('',*,*,#13785,.F.);
#13788=ORIENTED_EDGE('',*,*,#13787,.F.);
#13790=ORIENTED_EDGE('',*,*,#13789,.F.);
#13791=EDGE_LOOP('',(#13784,#13786,#13788,#13790));
#13792=FACE_OUTER_BOUND('',#13791,.F.);
#13794=CARTESIAN_POINT('',(0.E0,0.E0,-1.E1));
#13795=DIRECTION('',(0.E0,0.E0,1.E0));
#13796=DIRECTION('',(1.E0,0.E0,0.E0));
#13797=AXIS2_PLACEMENT_3D('',#13794,#13795,#13796);
#13798=PLANE('',#13797);
#13799=ORIENTED_EDGE('',*,*,#13753,.F.);
#13801=ORIENTED_EDGE('',*,*,#13800,.F.);
#13803=ORIENTED_EDGE('',*,*,#13802,.F.);
#13805=ORIENTED_EDGE('',*,*,#13804,.F.);
#13806=EDGE_LOOP('',(#13799,#13801,#13803,#13805));
#13807=FACE_OUTER_BOUND('',#13806,.F.);
#13809=CARTESIAN_POINT('',(0.E0,0.E0,-1.E1));
#13810=DIRECTION('',(0.E0,0.E0,1.E0));
#13811=DIRECTION('',(1.E0,0.E0,0.E0));
#13812=AXIS2_PLACEMENT_3D('',#13809,#13810,#13811);
#13813=PLANE('',#13812);
#13815=ORIENTED_EDGE('',*,*,#13814,.F.);
#13817=ORIENTED_EDGE('',*,*,#13816,.F.);
#13819=ORIENTED_EDGE('',*,*,#13818,.F.);
#13821=ORIENTED_EDGE('',*,*,#13820,.F.);
#13822=EDGE_LOOP('',(#13815,#13817,#13819,#13821));
#13823=FACE_OUTER_BOUND('',#13822,.F.);
#13825=CARTESIAN_POINT('',(-1.0965888E2,4.3E0,-1.01E1));
#13826=DIRECTION('',(1.E0,0.E0,0.E0));
#13827=DIRECTION('',(0.E0,0.E0,1.E0));
#13828=AXIS2_PLACEMENT_3D('',#13825,#13826,#13827);
#13829=CYLINDRICAL_SURFACE('',#13828,1.E-1);
#13831=ORIENTED_EDGE('',*,*,#13830,.T.);
#13832=ORIENTED_EDGE('',*,*,#13767,.T.);
#13834=ORIENTED_EDGE('',*,*,#13833,.T.);
#13836=ORIENTED_EDGE('',*,*,#13835,.F.);
#13837=EDGE_LOOP('',(#13831,#13832,#13834,#13836));
#13838=FACE_OUTER_BOUND('',#13837,.F.);
#13840=CARTESIAN_POINT('',(-2.01E1,4.3E0,-9.9E0));
#13841=DIRECTION('',(0.E0,-1.E0,0.E0));
#13842=DIRECTION('',(7.564028598729E-1,0.E0,-6.541060415376E-1));
#13843=AXIS2_PLACEMENT_3D('',#13840,#13841,#13842);
#13844=TOROIDAL_SURFACE('',#13843,2.E-1,1.E-1);
#13846=ORIENTED_EDGE('',*,*,#13845,.F.);
#13847=ORIENTED_EDGE('',*,*,#13830,.F.);
#13849=ORIENTED_EDGE('',*,*,#13848,.T.);
#13851=ORIENTED_EDGE('',*,*,#13850,.F.);
#13852=EDGE_LOOP('',(#13846,#13847,#13849,#13851));
#13853=FACE_OUTER_BOUND('',#13852,.F.);
#13855=CARTESIAN_POINT('',(-2.01E1,5.789556E1,-9.9E0));
#13856=DIRECTION('',(0.E0,-1.E0,0.E0));
#13857=DIRECTION('',(-1.E0,0.E0,0.E0));
#13858=AXIS2_PLACEMENT_3D('',#13855,#13856,#13857);
#13859=CYLINDRICAL_SURFACE('',#13858,1.E-1);
#13861=ORIENTED_EDGE('',*,*,#13860,.T.);
#13862=ORIENTED_EDGE('',*,*,#13769,.T.);
#13863=ORIENTED_EDGE('',*,*,#13845,.T.);
#13865=ORIENTED_EDGE('',*,*,#13864,.F.);
#13866=EDGE_LOOP('',(#13861,#13862,#13863,#13865));
#13867=FACE_OUTER_BOUND('',#13866,.F.);
#13869=CARTESIAN_POINT('',(-2.01E1,5.1E0,-9.9E0));
#13870=DIRECTION('',(0.E0,-1.E0,0.E0));
#13871=DIRECTION('',(5.485369585398E-1,0.E0,-8.361263093073E-1));
#13872=AXIS2_PLACEMENT_3D('',#13869,#13870,#13871);
#13873=TOROIDAL_SURFACE('',#13872,2.E-1,1.E-1);
#13874=ORIENTED_EDGE('',*,*,#13860,.F.);
#13876=ORIENTED_EDGE('',*,*,#13875,.F.);
#13878=ORIENTED_EDGE('',*,*,#13877,.F.);
#13880=ORIENTED_EDGE('',*,*,#13879,.F.);
#13881=EDGE_LOOP('',(#13874,#13876,#13878,#13880));
#13882=FACE_OUTER_BOUND('',#13881,.F.);
#13884=CARTESIAN_POINT('',(-2.02E1,5.6E0,0.E0));
#13885=DIRECTION('',(-1.E0,0.E0,0.E0));
#13886=DIRECTION('',(0.E0,-1.E0,0.E0));
#13887=AXIS2_PLACEMENT_3D('',#13884,#13885,#13886);
#13888=PLANE('',#13887);
#13889=ORIENTED_EDGE('',*,*,#13850,.T.);
#13891=ORIENTED_EDGE('',*,*,#13890,.F.);
#13892=ORIENTED_EDGE('',*,*,#10136,.T.);
#13894=ORIENTED_EDGE('',*,*,#13893,.T.);
#13896=ORIENTED_EDGE('',*,*,#13895,.T.);
#13898=ORIENTED_EDGE('',*,*,#13897,.T.);
#13900=ORIENTED_EDGE('',*,*,#13899,.T.);
#13902=ORIENTED_EDGE('',*,*,#13901,.F.);
#13903=ORIENTED_EDGE('',*,*,#10128,.T.);
#13905=ORIENTED_EDGE('',*,*,#13904,.F.);
#13906=ORIENTED_EDGE('',*,*,#9316,.F.);
#13907=ORIENTED_EDGE('',*,*,#9345,.T.);
#13908=ORIENTED_EDGE('',*,*,#10144,.T.);
#13910=ORIENTED_EDGE('',*,*,#13909,.T.);
#13911=ORIENTED_EDGE('',*,*,#13875,.T.);
#13912=ORIENTED_EDGE('',*,*,#13864,.T.);
#13913=EDGE_LOOP('',(#13889,#13891,#13892,#13894,#13896,#13898,#13900,#13902,
#13903,#13905,#13906,#13907,#13908,#13910,#13911,#13912));
#13914=FACE_OUTER_BOUND('',#13913,.F.);
#13916=CARTESIAN_POINT('',(-2.02E1,4.2E0,-2.E1));
#13917=DIRECTION('',(0.E0,-1.E0,0.E0));
#13918=DIRECTION('',(1.E0,0.E0,0.E0));
#13919=AXIS2_PLACEMENT_3D('',#13916,#13917,#13918);
#13920=PLANE('',#13919);
#13921=ORIENTED_EDGE('',*,*,#13835,.T.);
#13923=ORIENTED_EDGE('',*,*,#13922,.F.);
#13924=ORIENTED_EDGE('',*,*,#10138,.F.);
#13925=ORIENTED_EDGE('',*,*,#13890,.T.);
#13926=ORIENTED_EDGE('',*,*,#13848,.F.);
#13927=EDGE_LOOP('',(#13921,#13923,#13924,#13925,#13926));
#13928=FACE_OUTER_BOUND('',#13927,.F.);
#13930=CARTESIAN_POINT('',(-1.9E1,4.7E0,-2.E1));
#13931=DIRECTION('',(0.E0,0.E0,1.E0));
#13932=DIRECTION('',(1.E0,0.E0,0.E0));
#13933=AXIS2_PLACEMENT_3D('',#13930,#13931,#13932);
#13934=CYLINDRICAL_SURFACE('',#13933,5.E-1);
#13936=ORIENTED_EDGE('',*,*,#13935,.T.);
#13938=ORIENTED_EDGE('',*,*,#13937,.F.);
#13939=ORIENTED_EDGE('',*,*,#10140,.F.);
#13940=ORIENTED_EDGE('',*,*,#13922,.T.);
#13941=EDGE_LOOP('',(#13936,#13938,#13939,#13940));
#13942=FACE_OUTER_BOUND('',#13941,.F.);
#13944=CARTESIAN_POINT('',(-1.9E1,4.7E0,-1.01E1));
#13945=DIRECTION('',(0.E0,0.E0,1.E0));
#13946=DIRECTION('',(-2.340250861855E-1,-9.722305585795E-1,0.E0));
#13947=AXIS2_PLACEMENT_3D('',#13944,#13945,#13946);
#13948=TOROIDAL_SURFACE('',#13947,4.E-1,1.E-1);
#13949=ORIENTED_EDGE('',*,*,#13773,.T.);
#13951=ORIENTED_EDGE('',*,*,#13950,.T.);
#13952=ORIENTED_EDGE('',*,*,#13935,.F.);
#13953=ORIENTED_EDGE('',*,*,#13833,.F.);
#13954=EDGE_LOOP('',(#13949,#13951,#13952,#13953));
#13955=FACE_OUTER_BOUND('',#13954,.F.);
#13957=CARTESIAN_POINT('',(-1.888189215651E1,5.1E0,-1.01E1));
#13958=DIRECTION('',(-1.E0,0.E0,0.E0));
#13959=DIRECTION('',(0.E0,0.E0,1.E0));
#13960=AXIS2_PLACEMENT_3D('',#13957,#13958,#13959);
#13961=CYLINDRICAL_SURFACE('',#13960,1.E-1);
#13962=ORIENTED_EDGE('',*,*,#13879,.T.);
#13964=ORIENTED_EDGE('',*,*,#13963,.F.);
#13965=ORIENTED_EDGE('',*,*,#13950,.F.);
#13966=ORIENTED_EDGE('',*,*,#13771,.T.);
#13967=EDGE_LOOP('',(#13962,#13964,#13965,#13966));
#13968=FACE_OUTER_BOUND('',#13967,.F.);
#13970=CARTESIAN_POINT('',(-1.9E1,5.2E0,-2.E1));
#13971=DIRECTION('',(0.E0,1.E0,0.E0));
#13972=DIRECTION('',(-1.E0,0.E0,0.E0));
#13973=AXIS2_PLACEMENT_3D('',#13970,#13971,#13972);
#13974=PLANE('',#13973);
#13975=ORIENTED_EDGE('',*,*,#13963,.T.);
#13976=ORIENTED_EDGE('',*,*,#13877,.T.);
#13977=ORIENTED_EDGE('',*,*,#13909,.F.);
#13978=ORIENTED_EDGE('',*,*,#10142,.T.);
#13979=ORIENTED_EDGE('',*,*,#13937,.T.);
#13980=EDGE_LOOP('',(#13975,#13976,#13977,#13978,#13979));
#13981=FACE_OUTER_BOUND('',#13980,.F.);
#13983=CARTESIAN_POINT('',(-1.9E1,-4.2E0,-2.E1));
#13984=DIRECTION('',(0.E0,1.E0,0.E0));
#13985=DIRECTION('',(-1.E0,0.E0,0.E0));
#13986=AXIS2_PLACEMENT_3D('',#13983,#13984,#13985);
#13987=PLANE('',#13986);
#13989=ORIENTED_EDGE('',*,*,#13988,.T.);
#13991=ORIENTED_EDGE('',*,*,#13990,.T.);
#13992=ORIENTED_EDGE('',*,*,#13893,.F.);
#13993=ORIENTED_EDGE('',*,*,#10134,.T.);
#13995=ORIENTED_EDGE('',*,*,#13994,.T.);
#13996=EDGE_LOOP('',(#13989,#13991,#13992,#13993,#13995));
#13997=FACE_OUTER_BOUND('',#13996,.F.);
#13999=CARTESIAN_POINT('',(-1.888189215651E1,-4.3E0,-1.01E1));
#14000=DIRECTION('',(-1.E0,0.E0,0.E0));
#14001=DIRECTION('',(0.E0,0.E0,1.E0));
#14002=AXIS2_PLACEMENT_3D('',#13999,#14000,#14001);
#14003=CYLINDRICAL_SURFACE('',#14002,1.E-1);
#14004=ORIENTED_EDGE('',*,*,#13988,.F.);
#14006=ORIENTED_EDGE('',*,*,#14005,.F.);
#14007=ORIENTED_EDGE('',*,*,#13787,.T.);
#14009=ORIENTED_EDGE('',*,*,#14008,.T.);
#14010=EDGE_LOOP('',(#14004,#14006,#14007,#14009));
#14011=FACE_OUTER_BOUND('',#14010,.F.);
#14013=CARTESIAN_POINT('',(-1.9E1,-4.7E0,-1.01E1));
#14014=DIRECTION('',(0.E0,0.E0,1.E0));
#14015=DIRECTION('',(-2.340250861855E-1,-9.722305585795E-1,0.E0));
#14016=AXIS2_PLACEMENT_3D('',#14013,#14014,#14015);
#14017=TOROIDAL_SURFACE('',#14016,4.E-1,1.E-1);
#14018=ORIENTED_EDGE('',*,*,#13789,.T.);
#14019=ORIENTED_EDGE('',*,*,#14005,.T.);
#14021=ORIENTED_EDGE('',*,*,#14020,.F.);
#14023=ORIENTED_EDGE('',*,*,#14022,.F.);
#14024=EDGE_LOOP('',(#14018,#14019,#14021,#14023));
#14025=FACE_OUTER_BOUND('',#14024,.F.);
#14027=CARTESIAN_POINT('',(-1.9E1,-4.7E0,-2.E1));
#14028=DIRECTION('',(0.E0,0.E0,1.E0));
#14029=DIRECTION('',(1.E0,0.E0,0.E0));
#14030=AXIS2_PLACEMENT_3D('',#14027,#14028,#14029);
#14031=CYLINDRICAL_SURFACE('',#14030,5.E-1);
#14032=ORIENTED_EDGE('',*,*,#14020,.T.);
#14033=ORIENTED_EDGE('',*,*,#13994,.F.);
#14034=ORIENTED_EDGE('',*,*,#10132,.F.);
#14036=ORIENTED_EDGE('',*,*,#14035,.T.);
#14037=EDGE_LOOP('',(#14032,#14033,#14034,#14036));
#14038=FACE_OUTER_BOUND('',#14037,.F.);
#14040=CARTESIAN_POINT('',(-2.02E1,-5.2E0,-2.E1));
#14041=DIRECTION('',(0.E0,-1.E0,0.E0));
#14042=DIRECTION('',(1.E0,0.E0,0.E0));
#14043=AXIS2_PLACEMENT_3D('',#14040,#14041,#14042);
#14044=PLANE('',#14043);
#14046=ORIENTED_EDGE('',*,*,#14045,.T.);
#14047=ORIENTED_EDGE('',*,*,#14035,.F.);
#14048=ORIENTED_EDGE('',*,*,#10130,.F.);
#14049=ORIENTED_EDGE('',*,*,#13901,.T.);
#14051=ORIENTED_EDGE('',*,*,#14050,.F.);
#14052=EDGE_LOOP('',(#14046,#14047,#14048,#14049,#14051));
#14053=FACE_OUTER_BOUND('',#14052,.F.);
#14055=CARTESIAN_POINT('',(-1.0965888E2,-5.1E0,-1.01E1));
#14056=DIRECTION('',(1.E0,0.E0,0.E0));
#14057=DIRECTION('',(0.E0,0.E0,1.E0));
#14058=AXIS2_PLACEMENT_3D('',#14055,#14056,#14057);
#14059=CYLINDRICAL_SURFACE('',#14058,1.E-1);
#14060=ORIENTED_EDGE('',*,*,#13783,.T.);
#14061=ORIENTED_EDGE('',*,*,#14022,.T.);
#14062=ORIENTED_EDGE('',*,*,#14045,.F.);
#14064=ORIENTED_EDGE('',*,*,#14063,.T.);
#14065=EDGE_LOOP('',(#14060,#14061,#14062,#14064));
#14066=FACE_OUTER_BOUND('',#14065,.F.);
#14068=CARTESIAN_POINT('',(-2.01E1,-5.1E0,-9.9E0));
#14069=DIRECTION('',(0.E0,-1.E0,0.E0));
#14070=DIRECTION('',(7.564028598729E-1,0.E0,-6.541060415376E-1));
#14071=AXIS2_PLACEMENT_3D('',#14068,#14069,#14070);
#14072=TOROIDAL_SURFACE('',#14071,2.E-1,1.E-1);
#14073=ORIENTED_EDGE('',*,*,#14050,.T.);
#14074=ORIENTED_EDGE('',*,*,#13899,.F.);
#14076=ORIENTED_EDGE('',*,*,#14075,.F.);
#14077=ORIENTED_EDGE('',*,*,#14063,.F.);
#14078=EDGE_LOOP('',(#14073,#14074,#14076,#14077));
#14079=FACE_OUTER_BOUND('',#14078,.F.);
#14081=CARTESIAN_POINT('',(-2.01E1,5.789556E1,-9.9E0));
#14082=DIRECTION('',(0.E0,-1.E0,0.E0));
#14083=DIRECTION('',(-1.E0,0.E0,0.E0));
#14084=AXIS2_PLACEMENT_3D('',#14081,#14082,#14083);
#14085=CYLINDRICAL_SURFACE('',#14084,1.E-1);
#14086=ORIENTED_EDGE('',*,*,#13897,.F.);
#14088=ORIENTED_EDGE('',*,*,#14087,.T.);
#14089=ORIENTED_EDGE('',*,*,#13785,.T.);
#14090=ORIENTED_EDGE('',*,*,#14075,.T.);
#14091=EDGE_LOOP('',(#14086,#14088,#14089,#14090));
#14092=FACE_OUTER_BOUND('',#14091,.F.);
#14094=CARTESIAN_POINT('',(-2.01E1,-4.3E0,-9.9E0));
#14095=DIRECTION('',(0.E0,-1.E0,0.E0));
#14096=DIRECTION('',(5.485369585398E-1,0.E0,-8.361263093073E-1));
#14097=AXIS2_PLACEMENT_3D('',#14094,#14095,#14096);
#14098=TOROIDAL_SURFACE('',#14097,2.E-1,1.E-1);
#14099=ORIENTED_EDGE('',*,*,#13990,.F.);
#14100=ORIENTED_EDGE('',*,*,#14008,.F.);
#14101=ORIENTED_EDGE('',*,*,#14087,.F.);
#14102=ORIENTED_EDGE('',*,*,#13895,.F.);
#14103=EDGE_LOOP('',(#14099,#14100,#14101,#14102));
#14104=FACE_OUTER_BOUND('',#14103,.F.);
#14106=CARTESIAN_POINT('',(-1.55E1,-5.6E0,0.E0));
#14107=DIRECTION('',(0.E0,0.E0,1.E0));
#14108=DIRECTION('',(1.E0,0.E0,0.E0));
#14109=AXIS2_PLACEMENT_3D('',#14106,#14107,#14108);
#14110=CYLINDRICAL_SURFACE('',#14109,4.7E0);
#14111=ORIENTED_EDGE('',*,*,#9302,.F.);
#14112=ORIENTED_EDGE('',*,*,#13904,.T.);
#14113=ORIENTED_EDGE('',*,*,#10126,.T.);
#14114=ORIENTED_EDGE('',*,*,#9946,.F.);
#14115=EDGE_LOOP('',(#14111,#14112,#14113,#14114));
#14116=FACE_OUTER_BOUND('',#14115,.F.);
#14118=CARTESIAN_POINT('',(2.01E1,-5.789556E1,-9.9E0));
#14119=DIRECTION('',(0.E0,1.E0,0.E0));
#14120=DIRECTION('',(1.E0,0.E0,0.E0));
#14121=AXIS2_PLACEMENT_3D('',#14118,#14119,#14120);
#14122=CYLINDRICAL_SURFACE('',#14121,1.E-1);
#14123=ORIENTED_EDGE('',*,*,#13713,.F.);
#14125=ORIENTED_EDGE('',*,*,#14124,.T.);
#14126=ORIENTED_EDGE('',*,*,#13800,.T.);
#14127=ORIENTED_EDGE('',*,*,#13726,.T.);
#14128=EDGE_LOOP('',(#14123,#14125,#14126,#14127));
#14129=FACE_OUTER_BOUND('',#14128,.F.);
#14131=CARTESIAN_POINT('',(2.01E1,4.3E0,-9.9E0));
#14132=DIRECTION('',(0.E0,1.E0,0.E0));
#14133=DIRECTION('',(-5.485369585398E-1,0.E0,-8.361263093073E-1));
#14134=AXIS2_PLACEMENT_3D('',#14131,#14132,#14133);
#14135=TOROIDAL_SURFACE('',#14134,2.E-1,1.E-1);
#14137=ORIENTED_EDGE('',*,*,#14136,.F.);
#14139=ORIENTED_EDGE('',*,*,#14138,.F.);
#14140=ORIENTED_EDGE('',*,*,#14124,.F.);
#14141=ORIENTED_EDGE('',*,*,#13711,.F.);
#14142=EDGE_LOOP('',(#14137,#14139,#14140,#14141));
#14143=FACE_OUTER_BOUND('',#14142,.F.);
#14145=CARTESIAN_POINT('',(1.9E1,4.2E0,-2.E1));
#14146=DIRECTION('',(0.E0,-1.E0,0.E0));
#14147=DIRECTION('',(1.E0,0.E0,0.E0));
#14148=AXIS2_PLACEMENT_3D('',#14145,#14146,#14147);
#14149=PLANE('',#14148);
#14151=ORIENTED_EDGE('',*,*,#14150,.T.);
#14152=ORIENTED_EDGE('',*,*,#14136,.T.);
#14153=ORIENTED_EDGE('',*,*,#13709,.F.);
#14154=ORIENTED_EDGE('',*,*,#10058,.T.);
#14156=ORIENTED_EDGE('',*,*,#14155,.T.);
#14157=EDGE_LOOP('',(#14151,#14152,#14153,#14154,#14156));
#14158=FACE_OUTER_BOUND('',#14157,.F.);
#14160=CARTESIAN_POINT('',(1.888189215651E1,4.3E0,-1.01E1));
#14161=DIRECTION('',(1.E0,0.E0,0.E0));
#14162=DIRECTION('',(0.E0,0.E0,1.E0));
#14163=AXIS2_PLACEMENT_3D('',#14160,#14161,#14162);
#14164=CYLINDRICAL_SURFACE('',#14163,1.E-1);
#14165=ORIENTED_EDGE('',*,*,#14150,.F.);
#14167=ORIENTED_EDGE('',*,*,#14166,.F.);
#14168=ORIENTED_EDGE('',*,*,#13802,.T.);
#14169=ORIENTED_EDGE('',*,*,#14138,.T.);
#14170=EDGE_LOOP('',(#14165,#14167,#14168,#14169));
#14171=FACE_OUTER_BOUND('',#14170,.F.);
#14173=CARTESIAN_POINT('',(1.9E1,4.7E0,-1.01E1));
#14174=DIRECTION('',(0.E0,0.E0,1.E0));
#14175=DIRECTION('',(2.340250861855E-1,9.722305585795E-1,0.E0));
#14176=AXIS2_PLACEMENT_3D('',#14173,#14174,#14175);
#14177=TOROIDAL_SURFACE('',#14176,4.E-1,1.E-1);
#14178=ORIENTED_EDGE('',*,*,#13804,.T.);
#14179=ORIENTED_EDGE('',*,*,#14166,.T.);
#14181=ORIENTED_EDGE('',*,*,#14180,.F.);
#14182=ORIENTED_EDGE('',*,*,#13755,.F.);
#14183=EDGE_LOOP('',(#14178,#14179,#14181,#14182));
#14184=FACE_OUTER_BOUND('',#14183,.F.);
#14186=CARTESIAN_POINT('',(1.9E1,4.7E0,-2.E1));
#14187=DIRECTION('',(0.E0,0.E0,1.E0));
#14188=DIRECTION('',(1.E0,0.E0,0.E0));
#14189=AXIS2_PLACEMENT_3D('',#14186,#14187,#14188);
#14190=CYLINDRICAL_SURFACE('',#14189,5.E-1);
#14191=ORIENTED_EDGE('',*,*,#14180,.T.);
#14192=ORIENTED_EDGE('',*,*,#14155,.F.);
#14193=ORIENTED_EDGE('',*,*,#10056,.F.);
#14194=ORIENTED_EDGE('',*,*,#13740,.T.);
#14195=EDGE_LOOP('',(#14191,#14192,#14193,#14194));
#14196=FACE_OUTER_BOUND('',#14195,.F.);
#14198=CARTESIAN_POINT('',(1.0965888E2,-4.3E0,-1.01E1));
#14199=DIRECTION('',(-1.E0,0.E0,0.E0));
#14200=DIRECTION('',(0.E0,0.E0,1.E0));
#14201=AXIS2_PLACEMENT_3D('',#14198,#14199,#14200);
#14202=CYLINDRICAL_SURFACE('',#14201,1.E-1);
#14203=ORIENTED_EDGE('',*,*,#13814,.T.);
#14205=ORIENTED_EDGE('',*,*,#14204,.T.);
#14207=ORIENTED_EDGE('',*,*,#14206,.F.);
#14209=ORIENTED_EDGE('',*,*,#14208,.T.);
#14210=EDGE_LOOP('',(#14203,#14205,#14207,#14209));
#14211=FACE_OUTER_BOUND('',#14210,.F.);
#14213=CARTESIAN_POINT('',(1.9E1,-4.7E0,-1.01E1));
#14214=DIRECTION('',(0.E0,0.E0,1.E0));
#14215=DIRECTION('',(2.340250861855E-1,9.722305585795E-1,0.E0));
#14216=AXIS2_PLACEMENT_3D('',#14213,#14214,#14215);
#14217=TOROIDAL_SURFACE('',#14216,4.E-1,1.E-1);
#14218=ORIENTED_EDGE('',*,*,#13820,.T.);
#14220=ORIENTED_EDGE('',*,*,#14219,.T.);
#14222=ORIENTED_EDGE('',*,*,#14221,.F.);
#14223=ORIENTED_EDGE('',*,*,#14204,.F.);
#14224=EDGE_LOOP('',(#14218,#14220,#14222,#14223));
#14225=FACE_OUTER_BOUND('',#14224,.F.);
#14227=CARTESIAN_POINT('',(1.888189215651E1,-5.1E0,-1.01E1));
#14228=DIRECTION('',(1.E0,0.E0,0.E0));
#14229=DIRECTION('',(0.E0,0.E0,1.E0));
#14230=AXIS2_PLACEMENT_3D('',#14227,#14228,#14229);
#14231=CYLINDRICAL_SURFACE('',#14230,1.E-1);
#14233=ORIENTED_EDGE('',*,*,#14232,.F.);
#14234=ORIENTED_EDGE('',*,*,#14219,.F.);
#14235=ORIENTED_EDGE('',*,*,#13818,.T.);
#14237=ORIENTED_EDGE('',*,*,#14236,.T.);
#14238=EDGE_LOOP('',(#14233,#14234,#14235,#14237));
#14239=FACE_OUTER_BOUND('',#14238,.F.);
#14241=CARTESIAN_POINT('',(1.9E1,-5.2E0,-2.E1));
#14242=DIRECTION('',(0.E0,-1.E0,0.E0));
#14243=DIRECTION('',(1.E0,0.E0,0.E0));
#14244=AXIS2_PLACEMENT_3D('',#14241,#14242,#14243);
#14245=PLANE('',#14244);
#14246=ORIENTED_EDGE('',*,*,#14232,.T.);
#14248=ORIENTED_EDGE('',*,*,#14247,.T.);
#14249=ORIENTED_EDGE('',*,*,#13698,.F.);
#14250=ORIENTED_EDGE('',*,*,#10066,.T.);
#14252=ORIENTED_EDGE('',*,*,#14251,.T.);
#14253=EDGE_LOOP('',(#14246,#14248,#14249,#14250,#14252));
#14254=FACE_OUTER_BOUND('',#14253,.F.);
#14256=CARTESIAN_POINT('',(2.01E1,-5.1E0,-9.9E0));
#14257=DIRECTION('',(0.E0,1.E0,0.E0));
#14258=DIRECTION('',(-5.485369585398E-1,0.E0,-8.361263093073E-1));
#14259=AXIS2_PLACEMENT_3D('',#14256,#14257,#14258);
#14260=TOROIDAL_SURFACE('',#14259,2.E-1,1.E-1);
#14261=ORIENTED_EDGE('',*,*,#14247,.F.);
#14262=ORIENTED_EDGE('',*,*,#14236,.F.);
#14264=ORIENTED_EDGE('',*,*,#14263,.F.);
#14265=ORIENTED_EDGE('',*,*,#13700,.F.);
#14266=EDGE_LOOP('',(#14261,#14262,#14264,#14265));
#14267=FACE_OUTER_BOUND('',#14266,.F.);
#14269=CARTESIAN_POINT('',(2.01E1,-5.789556E1,-9.9E0));
#14270=DIRECTION('',(0.E0,1.E0,0.E0));
#14271=DIRECTION('',(1.E0,0.E0,0.E0));
#14272=AXIS2_PLACEMENT_3D('',#14269,#14270,#14271);
#14273=CYLINDRICAL_SURFACE('',#14272,1.E-1);
#14274=ORIENTED_EDGE('',*,*,#13702,.F.);
#14275=ORIENTED_EDGE('',*,*,#14263,.T.);
#14276=ORIENTED_EDGE('',*,*,#13816,.T.);
#14278=ORIENTED_EDGE('',*,*,#14277,.T.);
#14279=EDGE_LOOP('',(#14274,#14275,#14276,#14278));
#14280=FACE_OUTER_BOUND('',#14279,.F.);
#14282=CARTESIAN_POINT('',(2.01E1,-4.3E0,-9.9E0));
#14283=DIRECTION('',(0.E0,1.E0,0.E0));
#14284=DIRECTION('',(-7.564028598729E-1,0.E0,-6.541060415376E-1));
#14285=AXIS2_PLACEMENT_3D('',#14282,#14283,#14284);
#14286=TOROIDAL_SURFACE('',#14285,2.E-1,1.E-1);
#14288=ORIENTED_EDGE('',*,*,#14287,.T.);
#14289=ORIENTED_EDGE('',*,*,#13704,.F.);
#14290=ORIENTED_EDGE('',*,*,#14277,.F.);
#14291=ORIENTED_EDGE('',*,*,#14208,.F.);
#14292=EDGE_LOOP('',(#14288,#14289,#14290,#14291));
#14293=FACE_OUTER_BOUND('',#14292,.F.);
#14295=CARTESIAN_POINT('',(2.02E1,-4.2E0,-2.E1));
#14296=DIRECTION('',(0.E0,1.E0,0.E0));
#14297=DIRECTION('',(-1.E0,0.E0,0.E0));
#14298=AXIS2_PLACEMENT_3D('',#14295,#14296,#14297);
#14299=PLANE('',#14298);
#14300=ORIENTED_EDGE('',*,*,#14206,.T.);
#14302=ORIENTED_EDGE('',*,*,#14301,.F.);
#14303=ORIENTED_EDGE('',*,*,#10062,.F.);
#14304=ORIENTED_EDGE('',*,*,#13706,.T.);
#14305=ORIENTED_EDGE('',*,*,#14287,.F.);
#14306=EDGE_LOOP('',(#14300,#14302,#14303,#14304,#14305));
#14307=FACE_OUTER_BOUND('',#14306,.F.);
#14309=CARTESIAN_POINT('',(1.9E1,-4.7E0,-2.E1));
#14310=DIRECTION('',(0.E0,0.E0,1.E0));
#14311=DIRECTION('',(1.E0,0.E0,0.E0));
#14312=AXIS2_PLACEMENT_3D('',#14309,#14310,#14311);
#14313=CYLINDRICAL_SURFACE('',#14312,5.E-1);
#14314=ORIENTED_EDGE('',*,*,#14221,.T.);
#14315=ORIENTED_EDGE('',*,*,#14251,.F.);
#14316=ORIENTED_EDGE('',*,*,#10064,.F.);
#14317=ORIENTED_EDGE('',*,*,#14301,.T.);
#14318=EDGE_LOOP('',(#14314,#14315,#14316,#14317));
#14319=FACE_OUTER_BOUND('',#14318,.F.);
#14321=CARTESIAN_POINT('',(1.55E1,-5.6E0,0.E0));
#14322=DIRECTION('',(0.E0,0.E0,1.E0));
#14323=DIRECTION('',(1.E0,0.E0,0.E0));
#14324=AXIS2_PLACEMENT_3D('',#14321,#14322,#14323);
#14325=CYLINDRICAL_SURFACE('',#14324,4.7E0);
#14326=ORIENTED_EDGE('',*,*,#9274,.F.);
#14327=ORIENTED_EDGE('',*,*,#9943,.T.);
#14328=ORIENTED_EDGE('',*,*,#10070,.T.);
#14329=ORIENTED_EDGE('',*,*,#13695,.F.);
#14330=EDGE_LOOP('',(#14326,#14327,#14328,#14329));
#14331=FACE_OUTER_BOUND('',#14330,.F.);
#14333=CARTESIAN_POINT('',(1.275E1,-1.03E1,-2.E1));
#14334=DIRECTION('',(1.E0,0.E0,0.E0));
#14335=DIRECTION('',(0.E0,1.E0,0.E0));
#14336=AXIS2_PLACEMENT_3D('',#14333,#14334,#14335);
#14337=PLANE('',#14336);
#14339=ORIENTED_EDGE('',*,*,#14338,.T.);
#14341=ORIENTED_EDGE('',*,*,#14340,.T.);
#14342=ORIENTED_EDGE('',*,*,#10073,.F.);
#14343=ORIENTED_EDGE('',*,*,#9939,.T.);
#14345=ORIENTED_EDGE('',*,*,#14344,.F.);
#14346=EDGE_LOOP('',(#14339,#14341,#14342,#14343,#14345));
#14347=FACE_OUTER_BOUND('',#14346,.F.);
#14349=CARTESIAN_POINT('',(1.265E1,-5.789556E1,-1.01E1));
#14350=DIRECTION('',(0.E0,1.E0,0.E0));
#14351=DIRECTION('',(0.E0,0.E0,1.E0));
#14352=AXIS2_PLACEMENT_3D('',#14349,#14350,#14351);
#14353=CYLINDRICAL_SURFACE('',#14352,1.E-1);
#14354=ORIENTED_EDGE('',*,*,#9622,.T.);
#14356=ORIENTED_EDGE('',*,*,#14355,.T.);
#14357=ORIENTED_EDGE('',*,*,#14338,.F.);
#14359=ORIENTED_EDGE('',*,*,#14358,.T.);
#14360=EDGE_LOOP('',(#14354,#14356,#14357,#14359));
#14361=FACE_OUTER_BOUND('',#14360,.F.);
#14363=CARTESIAN_POINT('',(1.225E1,-9.1E0,-1.01E1));
#14364=DIRECTION('',(0.E0,0.E0,-1.E0));
#14365=DIRECTION('',(9.416375194411E-1,-3.366285519393E-1,0.E0));
#14366=AXIS2_PLACEMENT_3D('',#14363,#14364,#14365);
#14367=TOROIDAL_SURFACE('',#14366,4.E-1,1.E-1);
#14368=ORIENTED_EDGE('',*,*,#9628,.T.);
#14370=ORIENTED_EDGE('',*,*,#14369,.T.);
#14372=ORIENTED_EDGE('',*,*,#14371,.F.);
#14373=ORIENTED_EDGE('',*,*,#14355,.F.);
#14374=EDGE_LOOP('',(#14368,#14370,#14372,#14373));
#14375=FACE_OUTER_BOUND('',#14374,.F.);
#14377=CARTESIAN_POINT('',(1.185E1,-8.979154967379E0,-1.01E1));
#14378=DIRECTION('',(0.E0,-1.E0,0.E0));
#14379=DIRECTION('',(0.E0,0.E0,1.E0));
#14380=AXIS2_PLACEMENT_3D('',#14377,#14378,#14379);
#14381=CYLINDRICAL_SURFACE('',#14380,1.E-1);
#14383=ORIENTED_EDGE('',*,*,#14382,.F.);
#14384=ORIENTED_EDGE('',*,*,#14369,.F.);
#14385=ORIENTED_EDGE('',*,*,#9626,.T.);
#14387=ORIENTED_EDGE('',*,*,#14386,.T.);
#14388=EDGE_LOOP('',(#14383,#14384,#14385,#14387));
#14389=FACE_OUTER_BOUND('',#14388,.F.);
#14391=CARTESIAN_POINT('',(1.175E1,-8.6E0,-2.E1));
#14392=DIRECTION('',(-1.E0,0.E0,0.E0));
#14393=DIRECTION('',(0.E0,-1.E0,0.E0));
#14394=AXIS2_PLACEMENT_3D('',#14391,#14392,#14393);
#14395=PLANE('',#14394);
#14396=ORIENTED_EDGE('',*,*,#14382,.T.);
#14398=ORIENTED_EDGE('',*,*,#14397,.T.);
#14399=ORIENTED_EDGE('',*,*,#9931,.F.);
#14400=ORIENTED_EDGE('',*,*,#10077,.T.);
#14402=ORIENTED_EDGE('',*,*,#14401,.F.);
#14403=EDGE_LOOP('',(#14396,#14398,#14399,#14400,#14402));
#14404=FACE_OUTER_BOUND('',#14403,.F.);
#14406=CARTESIAN_POINT('',(1.185E1,-1.02E1,-9.9E0));
#14407=DIRECTION('',(1.E0,0.E0,0.E0));
#14408=DIRECTION('',(2.664535259100E-14,5.485369585398E-1,-8.361263093074E-1));
#14409=AXIS2_PLACEMENT_3D('',#14406,#14407,#14408);
#14410=TOROIDAL_SURFACE('',#14409,2.E-1,1.E-1);
#14411=ORIENTED_EDGE('',*,*,#14397,.F.);
#14412=ORIENTED_EDGE('',*,*,#14386,.F.);
#14414=ORIENTED_EDGE('',*,*,#14413,.F.);
#14415=ORIENTED_EDGE('',*,*,#9933,.F.);
#14416=EDGE_LOOP('',(#14411,#14412,#14414,#14415));
#14417=FACE_OUTER_BOUND('',#14416,.F.);
#14419=CARTESIAN_POINT('',(-1.0965888E2,-1.02E1,-9.9E0));
#14420=DIRECTION('',(1.E0,0.E0,0.E0));
#14421=DIRECTION('',(0.E0,-1.E0,0.E0));
#14422=AXIS2_PLACEMENT_3D('',#14419,#14420,#14421);
#14423=CYLINDRICAL_SURFACE('',#14422,1.E-1);
#14424=ORIENTED_EDGE('',*,*,#9935,.F.);
#14425=ORIENTED_EDGE('',*,*,#14413,.T.);
#14426=ORIENTED_EDGE('',*,*,#9624,.T.);
#14428=ORIENTED_EDGE('',*,*,#14427,.T.);
#14429=EDGE_LOOP('',(#14424,#14425,#14426,#14428));
#14430=FACE_OUTER_BOUND('',#14429,.F.);
#14432=CARTESIAN_POINT('',(1.265E1,-1.02E1,-9.9E0));
#14433=DIRECTION('',(1.E0,0.E0,0.E0));
#14434=DIRECTION('',(-2.664535259100E-14,7.564028598729E-1,-6.541060415376E-1));
#14435=AXIS2_PLACEMENT_3D('',#14432,#14433,#14434);
#14436=TOROIDAL_SURFACE('',#14435,2.E-1,1.E-1);
#14437=ORIENTED_EDGE('',*,*,#14344,.T.);
#14438=ORIENTED_EDGE('',*,*,#9937,.F.);
#14439=ORIENTED_EDGE('',*,*,#14427,.F.);
#14440=ORIENTED_EDGE('',*,*,#14358,.F.);
#14441=EDGE_LOOP('',(#14437,#14438,#14439,#14440));
#14442=FACE_OUTER_BOUND('',#14441,.F.);
#14444=CARTESIAN_POINT('',(1.225E1,-9.1E0,4.963457E1));
#14445=DIRECTION('',(0.E0,0.E0,-1.E0));
#14446=DIRECTION('',(1.E0,0.E0,0.E0));
#14447=AXIS2_PLACEMENT_3D('',#14444,#14445,#14446);
#14448=CYLINDRICAL_SURFACE('',#14447,5.E-1);
#14449=ORIENTED_EDGE('',*,*,#14371,.T.);
#14450=ORIENTED_EDGE('',*,*,#14401,.T.);
#14451=ORIENTED_EDGE('',*,*,#10075,.T.);
#14452=ORIENTED_EDGE('',*,*,#14340,.F.);
#14453=EDGE_LOOP('',(#14449,#14450,#14451,#14452));
#14454=FACE_OUTER_BOUND('',#14453,.F.);
#14456=CARTESIAN_POINT('',(9.25E0,-1.03E1,-2.E1));
#14457=DIRECTION('',(1.E0,0.E0,0.E0));
#14458=DIRECTION('',(0.E0,1.E0,0.E0));
#14459=AXIS2_PLACEMENT_3D('',#14456,#14457,#14458);
#14460=PLANE('',#14459);
#14462=ORIENTED_EDGE('',*,*,#14461,.T.);
#14464=ORIENTED_EDGE('',*,*,#14463,.T.);
#14465=ORIENTED_EDGE('',*,*,#10080,.F.);
#14466=ORIENTED_EDGE('',*,*,#9927,.T.);
#14468=ORIENTED_EDGE('',*,*,#14467,.F.);
#14469=EDGE_LOOP('',(#14462,#14464,#14465,#14466,#14468));
#14470=FACE_OUTER_BOUND('',#14469,.F.);
#14472=CARTESIAN_POINT('',(9.15E0,-5.789556E1,-1.01E1));
#14473=DIRECTION('',(0.E0,1.E0,0.E0));
#14474=DIRECTION('',(0.E0,0.E0,1.E0));
#14475=AXIS2_PLACEMENT_3D('',#14472,#14473,#14474);
#14476=CYLINDRICAL_SURFACE('',#14475,1.E-1);
#14477=ORIENTED_EDGE('',*,*,#9606,.T.);
#14479=ORIENTED_EDGE('',*,*,#14478,.T.);
#14480=ORIENTED_EDGE('',*,*,#14461,.F.);
#14482=ORIENTED_EDGE('',*,*,#14481,.T.);
#14483=EDGE_LOOP('',(#14477,#14479,#14480,#14482));
#14484=FACE_OUTER_BOUND('',#14483,.F.);
#14486=CARTESIAN_POINT('',(8.75E0,-9.1E0,-1.01E1));
#14487=DIRECTION('',(0.E0,0.E0,-1.E0));
#14488=DIRECTION('',(9.416375194411E-1,-3.366285519393E-1,0.E0));
#14489=AXIS2_PLACEMENT_3D('',#14486,#14487,#14488);
#14490=TOROIDAL_SURFACE('',#14489,4.E-1,1.E-1);
#14491=ORIENTED_EDGE('',*,*,#9612,.T.);
#14493=ORIENTED_EDGE('',*,*,#14492,.T.);
#14495=ORIENTED_EDGE('',*,*,#14494,.F.);
#14496=ORIENTED_EDGE('',*,*,#14478,.F.);
#14497=EDGE_LOOP('',(#14491,#14493,#14495,#14496));
#14498=FACE_OUTER_BOUND('',#14497,.F.);
#14500=CARTESIAN_POINT('',(8.35E0,-8.979154967379E0,-1.01E1));
#14501=DIRECTION('',(0.E0,-1.E0,0.E0));
#14502=DIRECTION('',(0.E0,0.E0,1.E0));
#14503=AXIS2_PLACEMENT_3D('',#14500,#14501,#14502);
#14504=CYLINDRICAL_SURFACE('',#14503,1.E-1);
#14506=ORIENTED_EDGE('',*,*,#14505,.F.);
#14507=ORIENTED_EDGE('',*,*,#14492,.F.);
#14508=ORIENTED_EDGE('',*,*,#9610,.T.);
#14510=ORIENTED_EDGE('',*,*,#14509,.T.);
#14511=EDGE_LOOP('',(#14506,#14507,#14508,#14510));
#14512=FACE_OUTER_BOUND('',#14511,.F.);
#14514=CARTESIAN_POINT('',(8.25E0,-8.6E0,-2.E1));
#14515=DIRECTION('',(-1.E0,0.E0,0.E0));
#14516=DIRECTION('',(0.E0,-1.E0,0.E0));
#14517=AXIS2_PLACEMENT_3D('',#14514,#14515,#14516);
#14518=PLANE('',#14517);
#14519=ORIENTED_EDGE('',*,*,#14505,.T.);
#14521=ORIENTED_EDGE('',*,*,#14520,.T.);
#14522=ORIENTED_EDGE('',*,*,#9919,.F.);
#14523=ORIENTED_EDGE('',*,*,#10084,.T.);
#14525=ORIENTED_EDGE('',*,*,#14524,.F.);
#14526=EDGE_LOOP('',(#14519,#14521,#14522,#14523,#14525));
#14527=FACE_OUTER_BOUND('',#14526,.F.);
#14529=CARTESIAN_POINT('',(8.35E0,-1.02E1,-9.9E0));
#14530=DIRECTION('',(1.E0,0.E0,0.E0));
#14531=DIRECTION('',(2.664535259100E-14,5.485369585398E-1,-8.361263093074E-1));
#14532=AXIS2_PLACEMENT_3D('',#14529,#14530,#14531);
#14533=TOROIDAL_SURFACE('',#14532,2.E-1,1.E-1);
#14534=ORIENTED_EDGE('',*,*,#14520,.F.);
#14535=ORIENTED_EDGE('',*,*,#14509,.F.);
#14537=ORIENTED_EDGE('',*,*,#14536,.F.);
#14538=ORIENTED_EDGE('',*,*,#9921,.F.);
#14539=EDGE_LOOP('',(#14534,#14535,#14537,#14538));
#14540=FACE_OUTER_BOUND('',#14539,.F.);
#14542=CARTESIAN_POINT('',(-1.0965888E2,-1.02E1,-9.9E0));
#14543=DIRECTION('',(1.E0,0.E0,0.E0));
#14544=DIRECTION('',(0.E0,-1.E0,0.E0));
#14545=AXIS2_PLACEMENT_3D('',#14542,#14543,#14544);
#14546=CYLINDRICAL_SURFACE('',#14545,1.E-1);
#14547=ORIENTED_EDGE('',*,*,#9923,.F.);
#14548=ORIENTED_EDGE('',*,*,#14536,.T.);
#14549=ORIENTED_EDGE('',*,*,#9608,.T.);
#14551=ORIENTED_EDGE('',*,*,#14550,.T.);
#14552=EDGE_LOOP('',(#14547,#14548,#14549,#14551));
#14553=FACE_OUTER_BOUND('',#14552,.F.);
#14555=CARTESIAN_POINT('',(9.15E0,-1.02E1,-9.9E0));
#14556=DIRECTION('',(1.E0,0.E0,0.E0));
#14557=DIRECTION('',(-2.664535259100E-14,7.564028598729E-1,-6.541060415376E-1));
#14558=AXIS2_PLACEMENT_3D('',#14555,#14556,#14557);
#14559=TOROIDAL_SURFACE('',#14558,2.E-1,1.E-1);
#14560=ORIENTED_EDGE('',*,*,#14467,.T.);
#14561=ORIENTED_EDGE('',*,*,#9925,.F.);
#14562=ORIENTED_EDGE('',*,*,#14550,.F.);
#14563=ORIENTED_EDGE('',*,*,#14481,.F.);
#14564=EDGE_LOOP('',(#14560,#14561,#14562,#14563));
#14565=FACE_OUTER_BOUND('',#14564,.F.);
#14567=CARTESIAN_POINT('',(8.75E0,-9.1E0,4.963457E1));
#14568=DIRECTION('',(0.E0,0.E0,-1.E0));
#14569=DIRECTION('',(1.E0,0.E0,0.E0));
#14570=AXIS2_PLACEMENT_3D('',#14567,#14568,#14569);
#14571=CYLINDRICAL_SURFACE('',#14570,5.E-1);
#14572=ORIENTED_EDGE('',*,*,#14494,.T.);
#14573=ORIENTED_EDGE('',*,*,#14524,.T.);
#14574=ORIENTED_EDGE('',*,*,#10082,.T.);
#14575=ORIENTED_EDGE('',*,*,#14463,.F.);
#14576=EDGE_LOOP('',(#14572,#14573,#14574,#14575));
#14577=FACE_OUTER_BOUND('',#14576,.F.);
#14579=CARTESIAN_POINT('',(5.925E0,-1.03E1,-2.E1));
#14580=DIRECTION('',(1.E0,0.E0,0.E0));
#14581=DIRECTION('',(0.E0,1.E0,0.E0));
#14582=AXIS2_PLACEMENT_3D('',#14579,#14580,#14581);
#14583=PLANE('',#14582);
#14585=ORIENTED_EDGE('',*,*,#14584,.T.);
#14587=ORIENTED_EDGE('',*,*,#14586,.F.);
#14588=ORIENTED_EDGE('',*,*,#10087,.F.);
#14589=ORIENTED_EDGE('',*,*,#9915,.T.);
#14591=ORIENTED_EDGE('',*,*,#14590,.F.);
#14592=EDGE_LOOP('',(#14585,#14587,#14588,#14589,#14591));
#14593=FACE_OUTER_BOUND('',#14592,.F.);
#14595=CARTESIAN_POINT('',(5.825E0,-5.789556E1,-1.01E1));
#14596=DIRECTION('',(0.E0,1.E0,0.E0));
#14597=DIRECTION('',(0.E0,0.E0,1.E0));
#14598=AXIS2_PLACEMENT_3D('',#14595,#14596,#14597);
#14599=CYLINDRICAL_SURFACE('',#14598,1.E-1);
#14600=ORIENTED_EDGE('',*,*,#9596,.T.);
#14602=ORIENTED_EDGE('',*,*,#14601,.T.);
#14603=ORIENTED_EDGE('',*,*,#14584,.F.);
#14605=ORIENTED_EDGE('',*,*,#14604,.T.);
#14606=EDGE_LOOP('',(#14600,#14602,#14603,#14605));
#14607=FACE_OUTER_BOUND('',#14606,.F.);
#14609=CARTESIAN_POINT('',(5.25E0,-8.075E0,-1.01E1));
#14610=DIRECTION('',(0.E0,0.E0,1.E0));
#14611=DIRECTION('',(9.840169459457E-1,-1.780748440733E-1,0.E0));
#14612=AXIS2_PLACEMENT_3D('',#14609,#14610,#14611);
#14613=TOROIDAL_SURFACE('',#14612,5.75E-1,1.E-1);
#14614=ORIENTED_EDGE('',*,*,#9594,.T.);
#14616=ORIENTED_EDGE('',*,*,#14615,.T.);
#14618=ORIENTED_EDGE('',*,*,#14617,.F.);
#14619=ORIENTED_EDGE('',*,*,#14601,.F.);
#14620=EDGE_LOOP('',(#14614,#14616,#14618,#14619));
#14621=FACE_OUTER_BOUND('',#14620,.F.);
#14623=CARTESIAN_POINT('',(4.675E0,-7.954154967379E0,-1.01E1));
#14624=DIRECTION('',(0.E0,-1.E0,0.E0));
#14625=DIRECTION('',(0.E0,0.E0,1.E0));
#14626=AXIS2_PLACEMENT_3D('',#14623,#14624,#14625);
#14627=CYLINDRICAL_SURFACE('',#14626,1.E-1);
#14629=ORIENTED_EDGE('',*,*,#14628,.F.);
#14630=ORIENTED_EDGE('',*,*,#14615,.F.);
#14631=ORIENTED_EDGE('',*,*,#9592,.T.);
#14633=ORIENTED_EDGE('',*,*,#14632,.T.);
#14634=EDGE_LOOP('',(#14629,#14630,#14631,#14633));
#14635=FACE_OUTER_BOUND('',#14634,.F.);
#14637=CARTESIAN_POINT('',(4.575E0,-7.4E0,-2.E1));
#14638=DIRECTION('',(-1.E0,0.E0,0.E0));
#14639=DIRECTION('',(0.E0,-1.E0,0.E0));
#14640=AXIS2_PLACEMENT_3D('',#14637,#14638,#14639);
#14641=PLANE('',#14640);
#14642=ORIENTED_EDGE('',*,*,#14628,.T.);
#14644=ORIENTED_EDGE('',*,*,#14643,.T.);
#14645=ORIENTED_EDGE('',*,*,#9907,.F.);
#14646=ORIENTED_EDGE('',*,*,#10091,.T.);
#14648=ORIENTED_EDGE('',*,*,#14647,.T.);
#14649=EDGE_LOOP('',(#14642,#14644,#14645,#14646,#14648));
#14650=FACE_OUTER_BOUND('',#14649,.F.);
#14652=CARTESIAN_POINT('',(4.675E0,-1.02E1,-9.9E0));
#14653=DIRECTION('',(1.E0,0.E0,0.E0));
#14654=DIRECTION('',(2.664535259100E-14,5.485369585398E-1,-8.361263093074E-1));
#14655=AXIS2_PLACEMENT_3D('',#14652,#14653,#14654);
#14656=TOROIDAL_SURFACE('',#14655,2.E-1,1.E-1);
#14657=ORIENTED_EDGE('',*,*,#14643,.F.);
#14658=ORIENTED_EDGE('',*,*,#14632,.F.);
#14660=ORIENTED_EDGE('',*,*,#14659,.F.);
#14661=ORIENTED_EDGE('',*,*,#9909,.F.);
#14662=EDGE_LOOP('',(#14657,#14658,#14660,#14661));
#14663=FACE_OUTER_BOUND('',#14662,.F.);
#14665=CARTESIAN_POINT('',(-1.0965888E2,-1.02E1,-9.9E0));
#14666=DIRECTION('',(1.E0,0.E0,0.E0));
#14667=DIRECTION('',(0.E0,-1.E0,0.E0));
#14668=AXIS2_PLACEMENT_3D('',#14665,#14666,#14667);
#14669=CYLINDRICAL_SURFACE('',#14668,1.E-1);
#14670=ORIENTED_EDGE('',*,*,#9911,.F.);
#14671=ORIENTED_EDGE('',*,*,#14659,.T.);
#14672=ORIENTED_EDGE('',*,*,#9590,.T.);
#14674=ORIENTED_EDGE('',*,*,#14673,.T.);
#14675=EDGE_LOOP('',(#14670,#14671,#14672,#14674));
#14676=FACE_OUTER_BOUND('',#14675,.F.);
#14678=CARTESIAN_POINT('',(5.825E0,-1.02E1,-9.9E0));
#14679=DIRECTION('',(1.E0,0.E0,0.E0));
#14680=DIRECTION('',(0.E0,7.564028598729E-1,-6.541060415376E-1));
#14681=AXIS2_PLACEMENT_3D('',#14678,#14679,#14680);
#14682=TOROIDAL_SURFACE('',#14681,2.E-1,1.E-1);
#14683=ORIENTED_EDGE('',*,*,#14590,.T.);
#14684=ORIENTED_EDGE('',*,*,#9913,.F.);
#14685=ORIENTED_EDGE('',*,*,#14673,.F.);
#14686=ORIENTED_EDGE('',*,*,#14604,.F.);
#14687=EDGE_LOOP('',(#14683,#14684,#14685,#14686));
#14688=FACE_OUTER_BOUND('',#14687,.F.);
#14690=CARTESIAN_POINT('',(5.25E0,-8.075E0,-8.770957E1));
#14691=DIRECTION('',(0.E0,0.E0,1.E0));
#14692=DIRECTION('',(-1.E0,0.E0,0.E0));
#14693=AXIS2_PLACEMENT_3D('',#14690,#14691,#14692);
#14694=CYLINDRICAL_SURFACE('',#14693,6.75E-1);
#14695=ORIENTED_EDGE('',*,*,#14617,.T.);
#14696=ORIENTED_EDGE('',*,*,#14647,.F.);
#14697=ORIENTED_EDGE('',*,*,#10089,.T.);
#14698=ORIENTED_EDGE('',*,*,#14586,.T.);
#14699=EDGE_LOOP('',(#14695,#14696,#14697,#14698));
#14700=FACE_OUTER_BOUND('',#14699,.F.);
#14702=CARTESIAN_POINT('',(2.25E0,-1.03E1,-2.E1));
#14703=DIRECTION('',(1.E0,0.E0,0.E0));
#14704=DIRECTION('',(0.E0,1.E0,0.E0));
#14705=AXIS2_PLACEMENT_3D('',#14702,#14703,#14704);
#14706=PLANE('',#14705);
#14708=ORIENTED_EDGE('',*,*,#14707,.T.);
#14710=ORIENTED_EDGE('',*,*,#14709,.F.);
#14711=ORIENTED_EDGE('',*,*,#10094,.F.);
#14712=ORIENTED_EDGE('',*,*,#9903,.T.);
#14714=ORIENTED_EDGE('',*,*,#14713,.F.);
#14715=EDGE_LOOP('',(#14708,#14710,#14711,#14712,#14714));
#14716=FACE_OUTER_BOUND('',#14715,.F.);
#14718=CARTESIAN_POINT('',(2.15E0,-5.789556E1,-1.01E1));
#14719=DIRECTION('',(0.E0,1.E0,0.E0));
#14720=DIRECTION('',(0.E0,0.E0,1.E0));
#14721=AXIS2_PLACEMENT_3D('',#14718,#14719,#14720);
#14722=CYLINDRICAL_SURFACE('',#14721,1.E-1);
#14723=ORIENTED_EDGE('',*,*,#9574,.T.);
#14725=ORIENTED_EDGE('',*,*,#14724,.T.);
#14726=ORIENTED_EDGE('',*,*,#14707,.F.);
#14728=ORIENTED_EDGE('',*,*,#14727,.T.);
#14729=EDGE_LOOP('',(#14723,#14725,#14726,#14728));
#14730=FACE_OUTER_BOUND('',#14729,.F.);
#14732=CARTESIAN_POINT('',(1.75E0,-9.1E0,-1.01E1));
#14733=DIRECTION('',(0.E0,0.E0,1.E0));
#14734=DIRECTION('',(9.709348548705E-1,-2.393439107178E-1,-1.332267629550E-14));
#14735=AXIS2_PLACEMENT_3D('',#14732,#14733,#14734);
#14736=TOROIDAL_SURFACE('',#14735,4.E-1,1.E-1);
#14737=ORIENTED_EDGE('',*,*,#9580,.T.);
#14739=ORIENTED_EDGE('',*,*,#14738,.T.);
#14741=ORIENTED_EDGE('',*,*,#14740,.F.);
#14742=ORIENTED_EDGE('',*,*,#14724,.F.);
#14743=EDGE_LOOP('',(#14737,#14739,#14741,#14742));
#14744=FACE_OUTER_BOUND('',#14743,.F.);
#14746=CARTESIAN_POINT('',(1.35E0,-8.979154967379E0,-1.01E1));
#14747=DIRECTION('',(0.E0,-1.E0,0.E0));
#14748=DIRECTION('',(0.E0,0.E0,1.E0));
#14749=AXIS2_PLACEMENT_3D('',#14746,#14747,#14748);
#14750=CYLINDRICAL_SURFACE('',#14749,1.E-1);
#14752=ORIENTED_EDGE('',*,*,#14751,.F.);
#14753=ORIENTED_EDGE('',*,*,#14738,.F.);
#14754=ORIENTED_EDGE('',*,*,#9578,.T.);
#14756=ORIENTED_EDGE('',*,*,#14755,.T.);
#14757=EDGE_LOOP('',(#14752,#14753,#14754,#14756));
#14758=FACE_OUTER_BOUND('',#14757,.F.);
#14760=CARTESIAN_POINT('',(1.25E0,-8.6E0,-2.E1));
#14761=DIRECTION('',(-1.E0,0.E0,0.E0));
#14762=DIRECTION('',(0.E0,-1.E0,0.E0));
#14763=AXIS2_PLACEMENT_3D('',#14760,#14761,#14762);
#14764=PLANE('',#14763);
#14765=ORIENTED_EDGE('',*,*,#14751,.T.);
#14767=ORIENTED_EDGE('',*,*,#14766,.T.);
#14768=ORIENTED_EDGE('',*,*,#9895,.F.);
#14769=ORIENTED_EDGE('',*,*,#10098,.T.);
#14771=ORIENTED_EDGE('',*,*,#14770,.T.);
#14772=EDGE_LOOP('',(#14765,#14767,#14768,#14769,#14771));
#14773=FACE_OUTER_BOUND('',#14772,.F.);
#14775=CARTESIAN_POINT('',(1.35E0,-1.02E1,-9.9E0));
#14776=DIRECTION('',(1.E0,0.E0,0.E0));
#14777=DIRECTION('',(2.886579864025E-14,5.485369585398E-1,-8.361263093074E-1));
#14778=AXIS2_PLACEMENT_3D('',#14775,#14776,#14777);
#14779=TOROIDAL_SURFACE('',#14778,2.E-1,1.E-1);
#14780=ORIENTED_EDGE('',*,*,#14766,.F.);
#14781=ORIENTED_EDGE('',*,*,#14755,.F.);
#14783=ORIENTED_EDGE('',*,*,#14782,.F.);
#14784=ORIENTED_EDGE('',*,*,#9897,.F.);
#14785=EDGE_LOOP('',(#14780,#14781,#14783,#14784));
#14786=FACE_OUTER_BOUND('',#14785,.F.);
#14788=CARTESIAN_POINT('',(-1.0965888E2,-1.02E1,-9.9E0));
#14789=DIRECTION('',(1.E0,0.E0,0.E0));
#14790=DIRECTION('',(0.E0,-1.E0,0.E0));
#14791=AXIS2_PLACEMENT_3D('',#14788,#14789,#14790);
#14792=CYLINDRICAL_SURFACE('',#14791,1.E-1);
#14793=ORIENTED_EDGE('',*,*,#9899,.F.);
#14794=ORIENTED_EDGE('',*,*,#14782,.T.);
#14795=ORIENTED_EDGE('',*,*,#9576,.T.);
#14797=ORIENTED_EDGE('',*,*,#14796,.T.);
#14798=EDGE_LOOP('',(#14793,#14794,#14795,#14797));
#14799=FACE_OUTER_BOUND('',#14798,.F.);
#14801=CARTESIAN_POINT('',(2.15E0,-1.02E1,-9.9E0));
#14802=DIRECTION('',(1.E0,0.E0,0.E0));
#14803=DIRECTION('',(-2.886579864025E-14,7.564028598729E-1,-6.541060415376E-1));
#14804=AXIS2_PLACEMENT_3D('',#14801,#14802,#14803);
#14805=TOROIDAL_SURFACE('',#14804,2.E-1,1.E-1);
#14806=ORIENTED_EDGE('',*,*,#14713,.T.);
#14807=ORIENTED_EDGE('',*,*,#9901,.F.);
#14808=ORIENTED_EDGE('',*,*,#14796,.F.);
#14809=ORIENTED_EDGE('',*,*,#14727,.F.);
#14810=EDGE_LOOP('',(#14806,#14807,#14808,#14809));
#14811=FACE_OUTER_BOUND('',#14810,.F.);
#14813=CARTESIAN_POINT('',(1.75E0,-9.1E0,-8.770957E1));
#14814=DIRECTION('',(0.E0,0.E0,1.E0));
#14815=DIRECTION('',(-1.E0,0.E0,0.E0));
#14816=AXIS2_PLACEMENT_3D('',#14813,#14814,#14815);
#14817=CYLINDRICAL_SURFACE('',#14816,5.E-1);
#14818=ORIENTED_EDGE('',*,*,#14740,.T.);
#14819=ORIENTED_EDGE('',*,*,#14770,.F.);
#14820=ORIENTED_EDGE('',*,*,#10096,.T.);
#14821=ORIENTED_EDGE('',*,*,#14709,.T.);
#14822=EDGE_LOOP('',(#14818,#14819,#14820,#14821));
#14823=FACE_OUTER_BOUND('',#14822,.F.);
#14825=CARTESIAN_POINT('',(-1.25E0,-1.03E1,-2.E1));
#14826=DIRECTION('',(1.E0,0.E0,0.E0));
#14827=DIRECTION('',(0.E0,1.E0,0.E0));
#14828=AXIS2_PLACEMENT_3D('',#14825,#14826,#14827);
#14829=PLANE('',#14828);
#14831=ORIENTED_EDGE('',*,*,#14830,.T.);
#14833=ORIENTED_EDGE('',*,*,#14832,.T.);
#14834=ORIENTED_EDGE('',*,*,#10101,.F.);
#14835=ORIENTED_EDGE('',*,*,#9891,.T.);
#14837=ORIENTED_EDGE('',*,*,#14836,.F.);
#14838=EDGE_LOOP('',(#14831,#14833,#14834,#14835,#14837));
#14839=FACE_OUTER_BOUND('',#14838,.F.);
#14841=CARTESIAN_POINT('',(-1.35E0,-5.789556E1,-1.01E1));
#14842=DIRECTION('',(0.E0,1.E0,0.E0));
#14843=DIRECTION('',(0.E0,0.E0,1.E0));
#14844=AXIS2_PLACEMENT_3D('',#14841,#14842,#14843);
#14845=CYLINDRICAL_SURFACE('',#14844,1.E-1);
#14846=ORIENTED_EDGE('',*,*,#9558,.T.);
#14848=ORIENTED_EDGE('',*,*,#14847,.T.);
#14849=ORIENTED_EDGE('',*,*,#14830,.F.);
#14851=ORIENTED_EDGE('',*,*,#14850,.T.);
#14852=EDGE_LOOP('',(#14846,#14848,#14849,#14851));
#14853=FACE_OUTER_BOUND('',#14852,.F.);
#14855=CARTESIAN_POINT('',(-1.75E0,-9.1E0,-1.01E1));
#14856=DIRECTION('',(0.E0,0.E0,-1.E0));
#14857=DIRECTION('',(9.416375194411E-1,-3.366285519393E-1,0.E0));
#14858=AXIS2_PLACEMENT_3D('',#14855,#14856,#14857);
#14859=TOROIDAL_SURFACE('',#14858,4.E-1,1.E-1);
#14860=ORIENTED_EDGE('',*,*,#9564,.T.);
#14862=ORIENTED_EDGE('',*,*,#14861,.T.);
#14864=ORIENTED_EDGE('',*,*,#14863,.F.);
#14865=ORIENTED_EDGE('',*,*,#14847,.F.);
#14866=EDGE_LOOP('',(#14860,#14862,#14864,#14865));
#14867=FACE_OUTER_BOUND('',#14866,.F.);
#14869=CARTESIAN_POINT('',(-2.15E0,-8.979154967379E0,-1.01E1));
#14870=DIRECTION('',(0.E0,-1.E0,0.E0));
#14871=DIRECTION('',(0.E0,0.E0,1.E0));
#14872=AXIS2_PLACEMENT_3D('',#14869,#14870,#14871);
#14873=CYLINDRICAL_SURFACE('',#14872,1.E-1);
#14875=ORIENTED_EDGE('',*,*,#14874,.F.);
#14876=ORIENTED_EDGE('',*,*,#14861,.F.);
#14877=ORIENTED_EDGE('',*,*,#9562,.T.);
#14879=ORIENTED_EDGE('',*,*,#14878,.T.);
#14880=EDGE_LOOP('',(#14875,#14876,#14877,#14879));
#14881=FACE_OUTER_BOUND('',#14880,.F.);
#14883=CARTESIAN_POINT('',(-2.25E0,-8.6E0,-2.E1));
#14884=DIRECTION('',(-1.E0,0.E0,0.E0));
#14885=DIRECTION('',(0.E0,-1.E0,0.E0));
#14886=AXIS2_PLACEMENT_3D('',#14883,#14884,#14885);
#14887=PLANE('',#14886);
#14888=ORIENTED_EDGE('',*,*,#14874,.T.);
#14890=ORIENTED_EDGE('',*,*,#14889,.T.);
#14891=ORIENTED_EDGE('',*,*,#9883,.F.);
#14892=ORIENTED_EDGE('',*,*,#10105,.T.);
#14894=ORIENTED_EDGE('',*,*,#14893,.F.);
#14895=EDGE_LOOP('',(#14888,#14890,#14891,#14892,#14894));
#14896=FACE_OUTER_BOUND('',#14895,.F.);
#14898=CARTESIAN_POINT('',(-2.15E0,-1.02E1,-9.9E0));
#14899=DIRECTION('',(1.E0,0.E0,0.E0));
#14900=DIRECTION('',(2.886579864025E-14,5.485369585398E-1,-8.361263093074E-1));
#14901=AXIS2_PLACEMENT_3D('',#14898,#14899,#14900);
#14902=TOROIDAL_SURFACE('',#14901,2.E-1,1.E-1);
#14903=ORIENTED_EDGE('',*,*,#14889,.F.);
#14904=ORIENTED_EDGE('',*,*,#14878,.F.);
#14906=ORIENTED_EDGE('',*,*,#14905,.F.);
#14907=ORIENTED_EDGE('',*,*,#9885,.F.);
#14908=EDGE_LOOP('',(#14903,#14904,#14906,#14907));
#14909=FACE_OUTER_BOUND('',#14908,.F.);
#14911=CARTESIAN_POINT('',(-1.0965888E2,-1.02E1,-9.9E0));
#14912=DIRECTION('',(1.E0,0.E0,0.E0));
#14913=DIRECTION('',(0.E0,-1.E0,0.E0));
#14914=AXIS2_PLACEMENT_3D('',#14911,#14912,#14913);
#14915=CYLINDRICAL_SURFACE('',#14914,1.E-1);
#14916=ORIENTED_EDGE('',*,*,#9887,.F.);
#14917=ORIENTED_EDGE('',*,*,#14905,.T.);
#14918=ORIENTED_EDGE('',*,*,#9560,.T.);
#14920=ORIENTED_EDGE('',*,*,#14919,.T.);
#14921=EDGE_LOOP('',(#14916,#14917,#14918,#14920));
#14922=FACE_OUTER_BOUND('',#14921,.F.);
#14924=CARTESIAN_POINT('',(-1.35E0,-1.02E1,-9.9E0));
#14925=DIRECTION('',(1.E0,0.E0,0.E0));
#14926=DIRECTION('',(-2.886579864025E-14,7.564028598729E-1,-6.541060415376E-1));
#14927=AXIS2_PLACEMENT_3D('',#14924,#14925,#14926);
#14928=TOROIDAL_SURFACE('',#14927,2.E-1,1.E-1);
#14929=ORIENTED_EDGE('',*,*,#14836,.T.);
#14930=ORIENTED_EDGE('',*,*,#9889,.F.);
#14931=ORIENTED_EDGE('',*,*,#14919,.F.);
#14932=ORIENTED_EDGE('',*,*,#14850,.F.);
#14933=EDGE_LOOP('',(#14929,#14930,#14931,#14932));
#14934=FACE_OUTER_BOUND('',#14933,.F.);
#14936=CARTESIAN_POINT('',(-1.75E0,-9.1E0,4.963457E1));
#14937=DIRECTION('',(0.E0,0.E0,-1.E0));
#14938=DIRECTION('',(1.E0,0.E0,0.E0));
#14939=AXIS2_PLACEMENT_3D('',#14936,#14937,#14938);
#14940=CYLINDRICAL_SURFACE('',#14939,5.E-1);
#14941=ORIENTED_EDGE('',*,*,#14863,.T.);
#14942=ORIENTED_EDGE('',*,*,#14893,.T.);
#14943=ORIENTED_EDGE('',*,*,#10103,.T.);
#14944=ORIENTED_EDGE('',*,*,#14832,.F.);
#14945=EDGE_LOOP('',(#14941,#14942,#14943,#14944));
#14946=FACE_OUTER_BOUND('',#14945,.F.);
#14948=CARTESIAN_POINT('',(-4.75E0,-1.03E1,-2.E1));
#14949=DIRECTION('',(1.E0,0.E0,0.E0));
#14950=DIRECTION('',(0.E0,1.E0,0.E0));
#14951=AXIS2_PLACEMENT_3D('',#14948,#14949,#14950);
#14952=PLANE('',#14951);
#14954=ORIENTED_EDGE('',*,*,#14953,.T.);
#14956=ORIENTED_EDGE('',*,*,#14955,.F.);
#14957=ORIENTED_EDGE('',*,*,#10108,.F.);
#14958=ORIENTED_EDGE('',*,*,#9879,.T.);
#14960=ORIENTED_EDGE('',*,*,#14959,.F.);
#14961=EDGE_LOOP('',(#14954,#14956,#14957,#14958,#14960));
#14962=FACE_OUTER_BOUND('',#14961,.F.);
#14964=CARTESIAN_POINT('',(-4.85E0,-5.789556E1,-1.01E1));
#14965=DIRECTION('',(0.E0,1.E0,0.E0));
#14966=DIRECTION('',(0.E0,0.E0,1.E0));
#14967=AXIS2_PLACEMENT_3D('',#14964,#14965,#14966);
#14968=CYLINDRICAL_SURFACE('',#14967,1.E-1);
#14969=ORIENTED_EDGE('',*,*,#9542,.T.);
#14971=ORIENTED_EDGE('',*,*,#14970,.T.);
#14972=ORIENTED_EDGE('',*,*,#14953,.F.);
#14974=ORIENTED_EDGE('',*,*,#14973,.T.);
#14975=EDGE_LOOP('',(#14969,#14971,#14972,#14974));
#14976=FACE_OUTER_BOUND('',#14975,.F.);
#14978=CARTESIAN_POINT('',(-5.25E0,-9.1E0,-1.01E1));
#14979=DIRECTION('',(0.E0,0.E0,1.E0));
#14980=DIRECTION('',(9.709348548705E-1,-2.393439107178E-1,-1.332267629550E-14));
#14981=AXIS2_PLACEMENT_3D('',#14978,#14979,#14980);
#14982=TOROIDAL_SURFACE('',#14981,4.E-1,1.E-1);
#14983=ORIENTED_EDGE('',*,*,#9548,.T.);
#14985=ORIENTED_EDGE('',*,*,#14984,.T.);
#14987=ORIENTED_EDGE('',*,*,#14986,.F.);
#14988=ORIENTED_EDGE('',*,*,#14970,.F.);
#14989=EDGE_LOOP('',(#14983,#14985,#14987,#14988));
#14990=FACE_OUTER_BOUND('',#14989,.F.);
#14992=CARTESIAN_POINT('',(-5.65E0,-8.979154967379E0,-1.01E1));
#14993=DIRECTION('',(0.E0,-1.E0,0.E0));
#14994=DIRECTION('',(0.E0,0.E0,1.E0));
#14995=AXIS2_PLACEMENT_3D('',#14992,#14993,#14994);
#14996=CYLINDRICAL_SURFACE('',#14995,1.E-1);
#14998=ORIENTED_EDGE('',*,*,#14997,.F.);
#14999=ORIENTED_EDGE('',*,*,#14984,.F.);
#15000=ORIENTED_EDGE('',*,*,#9546,.T.);
#15002=ORIENTED_EDGE('',*,*,#15001,.T.);
#15003=EDGE_LOOP('',(#14998,#14999,#15000,#15002));
#15004=FACE_OUTER_BOUND('',#15003,.F.);
#15006=CARTESIAN_POINT('',(-5.75E0,-8.6E0,-2.E1));
#15007=DIRECTION('',(-1.E0,0.E0,0.E0));
#15008=DIRECTION('',(0.E0,-1.E0,0.E0));
#15009=AXIS2_PLACEMENT_3D('',#15006,#15007,#15008);
#15010=PLANE('',#15009);
#15011=ORIENTED_EDGE('',*,*,#14997,.T.);
#15013=ORIENTED_EDGE('',*,*,#15012,.T.);
#15014=ORIENTED_EDGE('',*,*,#9871,.F.);
#15015=ORIENTED_EDGE('',*,*,#10112,.T.);
#15017=ORIENTED_EDGE('',*,*,#15016,.T.);
#15018=EDGE_LOOP('',(#15011,#15013,#15014,#15015,#15017));
#15019=FACE_OUTER_BOUND('',#15018,.F.);
#15021=CARTESIAN_POINT('',(-5.65E0,-1.02E1,-9.9E0));
#15022=DIRECTION('',(1.E0,0.E0,0.E0));
#15023=DIRECTION('',(2.664535259100E-14,5.485369585398E-1,-8.361263093074E-1));
#15024=AXIS2_PLACEMENT_3D('',#15021,#15022,#15023);
#15025=TOROIDAL_SURFACE('',#15024,2.E-1,1.E-1);
#15026=ORIENTED_EDGE('',*,*,#15012,.F.);
#15027=ORIENTED_EDGE('',*,*,#15001,.F.);
#15029=ORIENTED_EDGE('',*,*,#15028,.F.);
#15030=ORIENTED_EDGE('',*,*,#9873,.F.);
#15031=EDGE_LOOP('',(#15026,#15027,#15029,#15030));
#15032=FACE_OUTER_BOUND('',#15031,.F.);
#15034=CARTESIAN_POINT('',(-1.0965888E2,-1.02E1,-9.9E0));
#15035=DIRECTION('',(1.E0,0.E0,0.E0));
#15036=DIRECTION('',(0.E0,-1.E0,0.E0));
#15037=AXIS2_PLACEMENT_3D('',#15034,#15035,#15036);
#15038=CYLINDRICAL_SURFACE('',#15037,1.E-1);
#15039=ORIENTED_EDGE('',*,*,#9875,.F.);
#15040=ORIENTED_EDGE('',*,*,#15028,.T.);
#15041=ORIENTED_EDGE('',*,*,#9544,.T.);
#15043=ORIENTED_EDGE('',*,*,#15042,.T.);
#15044=EDGE_LOOP('',(#15039,#15040,#15041,#15043));
#15045=FACE_OUTER_BOUND('',#15044,.F.);
#15047=CARTESIAN_POINT('',(-4.85E0,-1.02E1,-9.9E0));
#15048=DIRECTION('',(1.E0,0.E0,0.E0));
#15049=DIRECTION('',(-2.664535259100E-14,7.564028598729E-1,-6.541060415376E-1));
#15050=AXIS2_PLACEMENT_3D('',#15047,#15048,#15049);
#15051=TOROIDAL_SURFACE('',#15050,2.E-1,1.E-1);
#15052=ORIENTED_EDGE('',*,*,#14959,.T.);
#15053=ORIENTED_EDGE('',*,*,#9877,.F.);
#15054=ORIENTED_EDGE('',*,*,#15042,.F.);
#15055=ORIENTED_EDGE('',*,*,#14973,.F.);
#15056=EDGE_LOOP('',(#15052,#15053,#15054,#15055));
#15057=FACE_OUTER_BOUND('',#15056,.F.);
#15059=CARTESIAN_POINT('',(-5.25E0,-9.1E0,-8.770957E1));
#15060=DIRECTION('',(0.E0,0.E0,1.E0));
#15061=DIRECTION('',(-1.E0,0.E0,0.E0));
#15062=AXIS2_PLACEMENT_3D('',#15059,#15060,#15061);
#15063=CYLINDRICAL_SURFACE('',#15062,5.E-1);
#15064=ORIENTED_EDGE('',*,*,#14986,.T.);
#15065=ORIENTED_EDGE('',*,*,#15016,.F.);
#15066=ORIENTED_EDGE('',*,*,#10110,.T.);
#15067=ORIENTED_EDGE('',*,*,#14955,.T.);
#15068=EDGE_LOOP('',(#15064,#15065,#15066,#15067));
#15069=FACE_OUTER_BOUND('',#15068,.F.);
#15071=CARTESIAN_POINT('',(-8.25E0,-1.03E1,-2.E1));
#15072=DIRECTION('',(1.E0,0.E0,0.E0));
#15073=DIRECTION('',(0.E0,1.E0,0.E0));
#15074=AXIS2_PLACEMENT_3D('',#15071,#15072,#15073);
#15075=PLANE('',#15074);
#15077=ORIENTED_EDGE('',*,*,#15076,.T.);
#15079=ORIENTED_EDGE('',*,*,#15078,.F.);
#15080=ORIENTED_EDGE('',*,*,#10115,.F.);
#15081=ORIENTED_EDGE('',*,*,#9867,.T.);
#15083=ORIENTED_EDGE('',*,*,#15082,.F.);
#15084=EDGE_LOOP('',(#15077,#15079,#15080,#15081,#15083));
#15085=FACE_OUTER_BOUND('',#15084,.F.);
#15087=CARTESIAN_POINT('',(-8.35E0,-5.789556E1,-1.01E1));
#15088=DIRECTION('',(0.E0,1.E0,0.E0));
#15089=DIRECTION('',(0.E0,0.E0,1.E0));
#15090=AXIS2_PLACEMENT_3D('',#15087,#15088,#15089);
#15091=CYLINDRICAL_SURFACE('',#15090,1.E-1);
#15092=ORIENTED_EDGE('',*,*,#9526,.T.);
#15094=ORIENTED_EDGE('',*,*,#15093,.T.);
#15095=ORIENTED_EDGE('',*,*,#15076,.F.);
#15097=ORIENTED_EDGE('',*,*,#15096,.T.);
#15098=EDGE_LOOP('',(#15092,#15094,#15095,#15097));
#15099=FACE_OUTER_BOUND('',#15098,.F.);
#15101=CARTESIAN_POINT('',(-8.75E0,-9.1E0,-1.01E1));
#15102=DIRECTION('',(0.E0,0.E0,1.E0));
#15103=DIRECTION('',(9.709348548705E-1,-2.393439107178E-1,-1.332267629550E-14));
#15104=AXIS2_PLACEMENT_3D('',#15101,#15102,#15103);
#15105=TOROIDAL_SURFACE('',#15104,4.E-1,1.E-1);
#15106=ORIENTED_EDGE('',*,*,#9532,.T.);
#15108=ORIENTED_EDGE('',*,*,#15107,.T.);
#15110=ORIENTED_EDGE('',*,*,#15109,.F.);
#15111=ORIENTED_EDGE('',*,*,#15093,.F.);
#15112=EDGE_LOOP('',(#15106,#15108,#15110,#15111));
#15113=FACE_OUTER_BOUND('',#15112,.F.);
#15115=CARTESIAN_POINT('',(-9.15E0,-8.979154967379E0,-1.01E1));
#15116=DIRECTION('',(0.E0,-1.E0,0.E0));
#15117=DIRECTION('',(0.E0,0.E0,1.E0));
#15118=AXIS2_PLACEMENT_3D('',#15115,#15116,#15117);
#15119=CYLINDRICAL_SURFACE('',#15118,1.E-1);
#15121=ORIENTED_EDGE('',*,*,#15120,.F.);
#15122=ORIENTED_EDGE('',*,*,#15107,.F.);
#15123=ORIENTED_EDGE('',*,*,#9530,.T.);
#15125=ORIENTED_EDGE('',*,*,#15124,.T.);
#15126=EDGE_LOOP('',(#15121,#15122,#15123,#15125));
#15127=FACE_OUTER_BOUND('',#15126,.F.);
#15129=CARTESIAN_POINT('',(-9.25E0,-8.6E0,-2.E1));
#15130=DIRECTION('',(-1.E0,0.E0,0.E0));
#15131=DIRECTION('',(0.E0,-1.E0,0.E0));
#15132=AXIS2_PLACEMENT_3D('',#15129,#15130,#15131);
#15133=PLANE('',#15132);
#15134=ORIENTED_EDGE('',*,*,#15120,.T.);
#15136=ORIENTED_EDGE('',*,*,#15135,.T.);
#15137=ORIENTED_EDGE('',*,*,#9859,.F.);
#15138=ORIENTED_EDGE('',*,*,#10119,.T.);
#15140=ORIENTED_EDGE('',*,*,#15139,.T.);
#15141=EDGE_LOOP('',(#15134,#15136,#15137,#15138,#15140));
#15142=FACE_OUTER_BOUND('',#15141,.F.);
#15144=CARTESIAN_POINT('',(-9.15E0,-1.02E1,-9.9E0));
#15145=DIRECTION('',(1.E0,0.E0,0.E0));
#15146=DIRECTION('',(2.664535259100E-14,5.485369585398E-1,-8.361263093074E-1));
#15147=AXIS2_PLACEMENT_3D('',#15144,#15145,#15146);
#15148=TOROIDAL_SURFACE('',#15147,2.E-1,1.E-1);
#15149=ORIENTED_EDGE('',*,*,#15135,.F.);
#15150=ORIENTED_EDGE('',*,*,#15124,.F.);
#15152=ORIENTED_EDGE('',*,*,#15151,.F.);
#15153=ORIENTED_EDGE('',*,*,#9861,.F.);
#15154=EDGE_LOOP('',(#15149,#15150,#15152,#15153));
#15155=FACE_OUTER_BOUND('',#15154,.F.);
#15157=CARTESIAN_POINT('',(-1.0965888E2,-1.02E1,-9.9E0));
#15158=DIRECTION('',(1.E0,0.E0,0.E0));
#15159=DIRECTION('',(0.E0,-1.E0,0.E0));
#15160=AXIS2_PLACEMENT_3D('',#15157,#15158,#15159);
#15161=CYLINDRICAL_SURFACE('',#15160,1.E-1);
#15162=ORIENTED_EDGE('',*,*,#9863,.F.);
#15163=ORIENTED_EDGE('',*,*,#15151,.T.);
#15164=ORIENTED_EDGE('',*,*,#9528,.T.);
#15166=ORIENTED_EDGE('',*,*,#15165,.T.);
#15167=EDGE_LOOP('',(#15162,#15163,#15164,#15166));
#15168=FACE_OUTER_BOUND('',#15167,.F.);
#15170=CARTESIAN_POINT('',(-8.35E0,-1.02E1,-9.9E0));
#15171=DIRECTION('',(1.E0,0.E0,0.E0));
#15172=DIRECTION('',(-2.664535259100E-14,7.564028598729E-1,-6.541060415376E-1));
#15173=AXIS2_PLACEMENT_3D('',#15170,#15171,#15172);
#15174=TOROIDAL_SURFACE('',#15173,2.E-1,1.E-1);
#15175=ORIENTED_EDGE('',*,*,#15082,.T.);
#15176=ORIENTED_EDGE('',*,*,#9865,.F.);
#15177=ORIENTED_EDGE('',*,*,#15165,.F.);
#15178=ORIENTED_EDGE('',*,*,#15096,.F.);
#15179=EDGE_LOOP('',(#15175,#15176,#15177,#15178));
#15180=FACE_OUTER_BOUND('',#15179,.F.);
#15182=CARTESIAN_POINT('',(-8.75E0,-9.1E0,-8.770957E1));
#15183=DIRECTION('',(0.E0,0.E0,1.E0));
#15184=DIRECTION('',(-1.E0,0.E0,0.E0));
#15185=AXIS2_PLACEMENT_3D('',#15182,#15183,#15184);
#15186=CYLINDRICAL_SURFACE('',#15185,5.E-1);
#15187=ORIENTED_EDGE('',*,*,#15109,.T.);
#15188=ORIENTED_EDGE('',*,*,#15139,.F.);
#15189=ORIENTED_EDGE('',*,*,#10117,.T.);
#15190=ORIENTED_EDGE('',*,*,#15078,.T.);
#15191=EDGE_LOOP('',(#15187,#15188,#15189,#15190));
#15192=FACE_OUTER_BOUND('',#15191,.F.);
#15194=CARTESIAN_POINT('',(-1.275E1,1.03E1,-2.E1));
#15195=DIRECTION('',(-1.E0,0.E0,0.E0));
#15196=DIRECTION('',(0.E0,-1.E0,0.E0));
#15197=AXIS2_PLACEMENT_3D('',#15194,#15195,#15196);
#15198=PLANE('',#15197);
#15200=ORIENTED_EDGE('',*,*,#15199,.T.);
#15202=ORIENTED_EDGE('',*,*,#15201,.T.);
#15203=ORIENTED_EDGE('',*,*,#10148,.F.);
#15204=ORIENTED_EDGE('',*,*,#9441,.T.);
#15206=ORIENTED_EDGE('',*,*,#15205,.F.);
#15207=EDGE_LOOP('',(#15200,#15202,#15203,#15204,#15206));
#15208=FACE_OUTER_BOUND('',#15207,.F.);
#15210=CARTESIAN_POINT('',(-1.265E1,5.789556E1,-1.01E1));
#15211=DIRECTION('',(0.E0,-1.E0,0.E0));
#15212=DIRECTION('',(0.E0,0.E0,1.E0));
#15213=AXIS2_PLACEMENT_3D('',#15210,#15211,#15212);
#15214=CYLINDRICAL_SURFACE('',#15213,1.E-1);
#15215=ORIENTED_EDGE('',*,*,#9755,.T.);
#15217=ORIENTED_EDGE('',*,*,#15216,.T.);
#15218=ORIENTED_EDGE('',*,*,#15199,.F.);
#15220=ORIENTED_EDGE('',*,*,#15219,.T.);
#15221=EDGE_LOOP('',(#15215,#15217,#15218,#15220));
#15222=FACE_OUTER_BOUND('',#15221,.F.);
#15224=CARTESIAN_POINT('',(-1.225E1,9.1E0,-1.01E1));
#15225=DIRECTION('',(0.E0,0.E0,-1.E0));
#15226=DIRECTION('',(-9.416375194411E-1,3.366285519393E-1,0.E0));
#15227=AXIS2_PLACEMENT_3D('',#15224,#15225,#15226);
#15228=TOROIDAL_SURFACE('',#15227,4.E-1,1.E-1);
#15229=ORIENTED_EDGE('',*,*,#9753,.T.);
#15231=ORIENTED_EDGE('',*,*,#15230,.T.);
#15233=ORIENTED_EDGE('',*,*,#15232,.F.);
#15234=ORIENTED_EDGE('',*,*,#15216,.F.);
#15235=EDGE_LOOP('',(#15229,#15231,#15233,#15234));
#15236=FACE_OUTER_BOUND('',#15235,.F.);
#15238=CARTESIAN_POINT('',(-1.185E1,8.979154967379E0,-1.01E1));
#15239=DIRECTION('',(0.E0,1.E0,0.E0));
#15240=DIRECTION('',(0.E0,0.E0,1.E0));
#15241=AXIS2_PLACEMENT_3D('',#15238,#15239,#15240);
#15242=CYLINDRICAL_SURFACE('',#15241,1.E-1);
#15244=ORIENTED_EDGE('',*,*,#15243,.F.);
#15245=ORIENTED_EDGE('',*,*,#15230,.F.);
#15246=ORIENTED_EDGE('',*,*,#9751,.T.);
#15248=ORIENTED_EDGE('',*,*,#15247,.T.);
#15249=EDGE_LOOP('',(#15244,#15245,#15246,#15248));
#15250=FACE_OUTER_BOUND('',#15249,.F.);
#15252=CARTESIAN_POINT('',(-1.175E1,8.6E0,-2.E1));
#15253=DIRECTION('',(1.E0,0.E0,0.E0));
#15254=DIRECTION('',(0.E0,1.E0,0.E0));
#15255=AXIS2_PLACEMENT_3D('',#15252,#15253,#15254);
#15256=PLANE('',#15255);
#15257=ORIENTED_EDGE('',*,*,#15243,.T.);
#15259=ORIENTED_EDGE('',*,*,#15258,.T.);
#15260=ORIENTED_EDGE('',*,*,#9433,.F.);
#15261=ORIENTED_EDGE('',*,*,#10152,.T.);
#15263=ORIENTED_EDGE('',*,*,#15262,.F.);
#15264=EDGE_LOOP('',(#15257,#15259,#15260,#15261,#15263));
#15265=FACE_OUTER_BOUND('',#15264,.F.);
#15267=CARTESIAN_POINT('',(-1.185E1,1.02E1,-9.9E0));
#15268=DIRECTION('',(-1.E0,0.E0,0.E0));
#15269=DIRECTION('',(-2.664535259100E-14,-5.485369585398E-1,
-8.361263093074E-1));
#15270=AXIS2_PLACEMENT_3D('',#15267,#15268,#15269);
#15271=TOROIDAL_SURFACE('',#15270,2.E-1,1.E-1);
#15272=ORIENTED_EDGE('',*,*,#15258,.F.);
#15273=ORIENTED_EDGE('',*,*,#15247,.F.);
#15275=ORIENTED_EDGE('',*,*,#15274,.F.);
#15276=ORIENTED_EDGE('',*,*,#9435,.F.);
#15277=EDGE_LOOP('',(#15272,#15273,#15275,#15276));
#15278=FACE_OUTER_BOUND('',#15277,.F.);
#15280=CARTESIAN_POINT('',(1.0965888E2,1.02E1,-9.9E0));
#15281=DIRECTION('',(-1.E0,0.E0,0.E0));
#15282=DIRECTION('',(0.E0,1.E0,0.E0));
#15283=AXIS2_PLACEMENT_3D('',#15280,#15281,#15282);
#15284=CYLINDRICAL_SURFACE('',#15283,1.E-1);
#15285=ORIENTED_EDGE('',*,*,#9437,.F.);
#15286=ORIENTED_EDGE('',*,*,#15274,.T.);
#15287=ORIENTED_EDGE('',*,*,#9749,.T.);
#15289=ORIENTED_EDGE('',*,*,#15288,.T.);
#15290=EDGE_LOOP('',(#15285,#15286,#15287,#15289));
#15291=FACE_OUTER_BOUND('',#15290,.F.);
#15293=CARTESIAN_POINT('',(-1.265E1,1.02E1,-9.9E0));
#15294=DIRECTION('',(-1.E0,0.E0,0.E0));
#15295=DIRECTION('',(2.664535259100E-14,-7.564028598729E-1,-6.541060415376E-1));
#15296=AXIS2_PLACEMENT_3D('',#15293,#15294,#15295);
#15297=TOROIDAL_SURFACE('',#15296,2.E-1,1.E-1);
#15298=ORIENTED_EDGE('',*,*,#15205,.T.);
#15299=ORIENTED_EDGE('',*,*,#9439,.F.);
#15300=ORIENTED_EDGE('',*,*,#15288,.F.);
#15301=ORIENTED_EDGE('',*,*,#15219,.F.);
#15302=EDGE_LOOP('',(#15298,#15299,#15300,#15301));
#15303=FACE_OUTER_BOUND('',#15302,.F.);
#15305=CARTESIAN_POINT('',(-1.225E1,9.1E0,4.963457E1));
#15306=DIRECTION('',(0.E0,0.E0,-1.E0));
#15307=DIRECTION('',(-1.E0,0.E0,0.E0));
#15308=AXIS2_PLACEMENT_3D('',#15305,#15306,#15307);
#15309=CYLINDRICAL_SURFACE('',#15308,5.E-1);
#15310=ORIENTED_EDGE('',*,*,#15232,.T.);
#15311=ORIENTED_EDGE('',*,*,#15262,.T.);
#15312=ORIENTED_EDGE('',*,*,#10150,.T.);
#15313=ORIENTED_EDGE('',*,*,#15201,.F.);
#15314=EDGE_LOOP('',(#15310,#15311,#15312,#15313));
#15315=FACE_OUTER_BOUND('',#15314,.F.);
#15317=CARTESIAN_POINT('',(1.55E1,5.6E0,-5.E-1));
#15318=DIRECTION('',(0.E0,0.E0,1.E0));
#15319=DIRECTION('',(9.998185608629E-1,-1.904850004442E-2,0.E0));
#15320=AXIS2_PLACEMENT_3D('',#15317,#15318,#15319);
#15321=TOROIDAL_SURFACE('',#15320,5.7E0,5.E-1);
#15322=ORIENTED_EDGE('',*,*,#9186,.T.);
#15324=ORIENTED_EDGE('',*,*,#15323,.T.);
#15326=ORIENTED_EDGE('',*,*,#15325,.F.);
#15328=ORIENTED_EDGE('',*,*,#15327,.F.);
#15329=EDGE_LOOP('',(#15322,#15324,#15326,#15328));
#15330=FACE_OUTER_BOUND('',#15329,.F.);
#15332=CARTESIAN_POINT('',(2.006810784349E1,1.13E1,-5.E-1));
#15333=DIRECTION('',(-1.E0,0.E0,0.E0));
#15334=DIRECTION('',(0.E0,0.E0,1.E0));
#15335=AXIS2_PLACEMENT_3D('',#15332,#15333,#15334);
#15336=CYLINDRICAL_SURFACE('',#15335,5.E-1);
#15338=ORIENTED_EDGE('',*,*,#15337,.F.);
#15340=ORIENTED_EDGE('',*,*,#15339,.F.);
#15342=ORIENTED_EDGE('',*,*,#15341,.F.);
#15344=ORIENTED_EDGE('',*,*,#15343,.F.);
#15346=ORIENTED_EDGE('',*,*,#15345,.F.);
#15347=ORIENTED_EDGE('',*,*,#15323,.F.);
#15348=ORIENTED_EDGE('',*,*,#9200,.T.);
#15350=ORIENTED_EDGE('',*,*,#15349,.T.);
#15351=EDGE_LOOP('',(#15338,#15340,#15342,#15344,#15346,#15347,#15348,#15350));
#15352=FACE_OUTER_BOUND('',#15351,.F.);
#15354=CARTESIAN_POINT('',(1.55E1,1.18E1,0.E0));
#15355=DIRECTION('',(0.E0,1.E0,0.E0));
#15356=DIRECTION('',(-1.E0,0.E0,0.E0));
#15357=AXIS2_PLACEMENT_3D('',#15354,#15355,#15356);
#15358=PLANE('',#15357);
#15359=ORIENTED_EDGE('',*,*,#15337,.T.);
#15361=ORIENTED_EDGE('',*,*,#15360,.T.);
#15363=ORIENTED_EDGE('',*,*,#15362,.T.);
#15365=ORIENTED_EDGE('',*,*,#15364,.F.);
#15367=ORIENTED_EDGE('',*,*,#15366,.F.);
#15369=ORIENTED_EDGE('',*,*,#15368,.F.);
#15371=ORIENTED_EDGE('',*,*,#15370,.T.);
#15373=ORIENTED_EDGE('',*,*,#15372,.F.);
#15375=ORIENTED_EDGE('',*,*,#15374,.F.);
#15377=ORIENTED_EDGE('',*,*,#15376,.T.);
#15379=ORIENTED_EDGE('',*,*,#15378,.T.);
#15381=ORIENTED_EDGE('',*,*,#15380,.F.);
#15382=ORIENTED_EDGE('',*,*,#15345,.T.);
#15384=ORIENTED_EDGE('',*,*,#15383,.T.);
#15386=ORIENTED_EDGE('',*,*,#15385,.F.);
#15388=ORIENTED_EDGE('',*,*,#15387,.F.);
#15389=ORIENTED_EDGE('',*,*,#15341,.T.);
#15391=ORIENTED_EDGE('',*,*,#15390,.T.);
#15393=ORIENTED_EDGE('',*,*,#15392,.F.);
#15395=ORIENTED_EDGE('',*,*,#15394,.F.);
#15396=EDGE_LOOP('',(#15359,#15361,#15363,#15365,#15367,#15369,#15371,#15373,
#15375,#15377,#15379,#15381,#15382,#15384,#15386,#15388,#15389,#15391,#15393,
#15395));
#15397=FACE_OUTER_BOUND('',#15396,.F.);
#15399=CARTESIAN_POINT('',(-1.55E1,5.6E0,0.E0));
#15400=DIRECTION('',(0.E0,0.E0,1.E0));
#15401=DIRECTION('',(1.E0,0.E0,0.E0));
#15402=AXIS2_PLACEMENT_3D('',#15399,#15400,#15401);
#15403=CYLINDRICAL_SURFACE('',#15402,6.2E0);
#15405=ORIENTED_EDGE('',*,*,#15404,.T.);
#15407=ORIENTED_EDGE('',*,*,#15406,.T.);
#15409=ORIENTED_EDGE('',*,*,#15408,.F.);
#15410=ORIENTED_EDGE('',*,*,#15360,.F.);
#15411=EDGE_LOOP('',(#15405,#15407,#15409,#15410));
#15412=FACE_OUTER_BOUND('',#15411,.F.);
#15414=CARTESIAN_POINT('',(-1.55E1,5.6E0,-5.E-1));
#15415=DIRECTION('',(0.E0,0.E0,1.E0));
#15416=DIRECTION('',(1.904850004442E-2,9.998185608629E-1,0.E0));
#15417=AXIS2_PLACEMENT_3D('',#15414,#15415,#15416);
#15418=TOROIDAL_SURFACE('',#15417,5.7E0,5.E-1);
#15419=ORIENTED_EDGE('',*,*,#9198,.T.);
#15421=ORIENTED_EDGE('',*,*,#15420,.T.);
#15422=ORIENTED_EDGE('',*,*,#15404,.F.);
#15423=ORIENTED_EDGE('',*,*,#15349,.F.);
#15424=EDGE_LOOP('',(#15419,#15421,#15422,#15423));
#15425=FACE_OUTER_BOUND('',#15424,.F.);
#15427=CARTESIAN_POINT('',(-2.12E1,6.787429933025E0,-5.E-1));
#15428=DIRECTION('',(0.E0,-1.E0,0.E0));
#15429=DIRECTION('',(0.E0,0.E0,1.E0));
#15430=AXIS2_PLACEMENT_3D('',#15427,#15428,#15429);
#15431=CYLINDRICAL_SURFACE('',#15430,5.E-1);
#15432=ORIENTED_EDGE('',*,*,#9196,.T.);
#15434=ORIENTED_EDGE('',*,*,#15433,.T.);
#15436=ORIENTED_EDGE('',*,*,#15435,.F.);
#15437=ORIENTED_EDGE('',*,*,#15420,.F.);
#15438=EDGE_LOOP('',(#15432,#15434,#15436,#15437));
#15439=FACE_OUTER_BOUND('',#15438,.F.);
#15441=CARTESIAN_POINT('',(-1.55E1,-5.6E0,-5.E-1));
#15442=DIRECTION('',(0.E0,0.E0,1.E0));
#15443=DIRECTION('',(-9.998185608629E-1,1.904850004442E-2,0.E0));
#15444=AXIS2_PLACEMENT_3D('',#15441,#15442,#15443);
#15445=TOROIDAL_SURFACE('',#15444,5.7E0,5.E-1);
#15446=ORIENTED_EDGE('',*,*,#9194,.T.);
#15448=ORIENTED_EDGE('',*,*,#15447,.T.);
#15450=ORIENTED_EDGE('',*,*,#15449,.F.);
#15451=ORIENTED_EDGE('',*,*,#15433,.F.);
#15452=EDGE_LOOP('',(#15446,#15448,#15450,#15451));
#15453=FACE_OUTER_BOUND('',#15452,.F.);
#15455=CARTESIAN_POINT('',(-1.561810784349E1,-1.13E1,-5.E-1));
#15456=DIRECTION('',(1.E0,0.E0,0.E0));
#15457=DIRECTION('',(0.E0,0.E0,1.E0));
#15458=AXIS2_PLACEMENT_3D('',#15455,#15456,#15457);
#15459=CYLINDRICAL_SURFACE('',#15458,5.E-1);
#15460=ORIENTED_EDGE('',*,*,#9192,.T.);
#15462=ORIENTED_EDGE('',*,*,#15461,.T.);
#15464=ORIENTED_EDGE('',*,*,#15463,.F.);
#15465=ORIENTED_EDGE('',*,*,#15447,.F.);
#15466=EDGE_LOOP('',(#15460,#15462,#15464,#15465));
#15467=FACE_OUTER_BOUND('',#15466,.F.);
#15469=CARTESIAN_POINT('',(1.55E1,-5.6E0,-5.E-1));
#15470=DIRECTION('',(0.E0,0.E0,1.E0));
#15471=DIRECTION('',(-1.904850004442E-2,-9.998185608629E-1,0.E0));
#15472=AXIS2_PLACEMENT_3D('',#15469,#15470,#15471);
#15473=TOROIDAL_SURFACE('',#15472,5.7E0,5.E-1);
#15474=ORIENTED_EDGE('',*,*,#9190,.T.);
#15476=ORIENTED_EDGE('',*,*,#15475,.T.);
#15478=ORIENTED_EDGE('',*,*,#15477,.F.);
#15479=ORIENTED_EDGE('',*,*,#15461,.F.);
#15480=EDGE_LOOP('',(#15474,#15476,#15478,#15479));
#15481=FACE_OUTER_BOUND('',#15480,.F.);
#15483=CARTESIAN_POINT('',(2.12E1,-5.718107843490E0,-5.E-1));
#15484=DIRECTION('',(0.E0,1.E0,0.E0));
#15485=DIRECTION('',(0.E0,0.E0,1.E0));
#15486=AXIS2_PLACEMENT_3D('',#15483,#15484,#15485);
#15487=CYLINDRICAL_SURFACE('',#15486,5.E-1);
#15488=ORIENTED_EDGE('',*,*,#9188,.T.);
#15489=ORIENTED_EDGE('',*,*,#15327,.T.);
#15491=ORIENTED_EDGE('',*,*,#15490,.F.);
#15492=ORIENTED_EDGE('',*,*,#15475,.F.);
#15493=EDGE_LOOP('',(#15488,#15489,#15491,#15492));
#15494=FACE_OUTER_BOUND('',#15493,.F.);
#15496=CARTESIAN_POINT('',(2.17E1,-5.6E0,0.E0));
#15497=DIRECTION('',(1.E0,0.E0,0.E0));
#15498=DIRECTION('',(0.E0,1.E0,0.E0));
#15499=AXIS2_PLACEMENT_3D('',#15496,#15497,#15498);
#15500=PLANE('',#15499);
#15501=ORIENTED_EDGE('',*,*,#15490,.T.);
#15503=ORIENTED_EDGE('',*,*,#15502,.T.);
#15505=ORIENTED_EDGE('',*,*,#15504,.T.);
#15507=ORIENTED_EDGE('',*,*,#15506,.F.);
#15509=ORIENTED_EDGE('',*,*,#15508,.F.);
#15511=ORIENTED_EDGE('',*,*,#15510,.T.);
#15513=ORIENTED_EDGE('',*,*,#15512,.T.);
#15515=ORIENTED_EDGE('',*,*,#15514,.F.);
#15517=ORIENTED_EDGE('',*,*,#15516,.F.);
#15518=EDGE_LOOP('',(#15501,#15503,#15505,#15507,#15509,#15511,#15513,#15515,
#15517));
#15519=FACE_OUTER_BOUND('',#15518,.F.);
#15521=CARTESIAN_POINT('',(1.55E1,5.6E0,0.E0));
#15522=DIRECTION('',(0.E0,0.E0,1.E0));
#15523=DIRECTION('',(1.E0,0.E0,0.E0));
#15524=AXIS2_PLACEMENT_3D('',#15521,#15522,#15523);
#15525=CYLINDRICAL_SURFACE('',#15524,6.2E0);
#15526=ORIENTED_EDGE('',*,*,#15325,.T.);
#15527=ORIENTED_EDGE('',*,*,#15380,.T.);
#15529=ORIENTED_EDGE('',*,*,#15528,.F.);
#15530=ORIENTED_EDGE('',*,*,#15502,.F.);
#15531=EDGE_LOOP('',(#15526,#15527,#15529,#15530));
#15532=FACE_OUTER_BOUND('',#15531,.F.);
#15534=CARTESIAN_POINT('',(0.E0,0.E0,-1.925E1));
#15535=DIRECTION('',(0.E0,0.E0,1.E0));
#15536=DIRECTION('',(1.E0,0.E0,0.E0));
#15537=AXIS2_PLACEMENT_3D('',#15534,#15535,#15536);
#15538=PLANE('',#15537);
#15540=ORIENTED_EDGE('',*,*,#15539,.F.);
#15542=ORIENTED_EDGE('',*,*,#15541,.F.);
#15544=ORIENTED_EDGE('',*,*,#15543,.F.);
#15546=ORIENTED_EDGE('',*,*,#15545,.F.);
#15548=ORIENTED_EDGE('',*,*,#15547,.F.);
#15550=ORIENTED_EDGE('',*,*,#15549,.F.);
#15551=ORIENTED_EDGE('',*,*,#15362,.F.);
#15552=ORIENTED_EDGE('',*,*,#15408,.T.);
#15553=EDGE_LOOP('',(#15540,#15542,#15544,#15546,#15548,#15550,#15551,#15552));
#15554=FACE_OUTER_BOUND('',#15553,.F.);
#15556=ORIENTED_EDGE('',*,*,#15555,.F.);
#15558=ORIENTED_EDGE('',*,*,#15557,.F.);
#15559=EDGE_LOOP('',(#15556,#15558));
#15560=FACE_BOUND('',#15559,.F.);
#15562=CARTESIAN_POINT('',(0.E0,0.E0,-1.925E1));
#15563=DIRECTION('',(0.E0,0.E0,1.E0));
#15564=DIRECTION('',(1.E0,0.E0,0.E0));
#15565=AXIS2_PLACEMENT_3D('',#15562,#15563,#15564);
#15566=PLANE('',#15565);
#15568=ORIENTED_EDGE('',*,*,#15567,.F.);
#15570=ORIENTED_EDGE('',*,*,#15569,.F.);
#15572=ORIENTED_EDGE('',*,*,#15571,.F.);
#15574=ORIENTED_EDGE('',*,*,#15573,.F.);
#15576=ORIENTED_EDGE('',*,*,#15575,.F.);
#15578=ORIENTED_EDGE('',*,*,#15577,.F.);
#15580=ORIENTED_EDGE('',*,*,#15579,.T.);
#15582=ORIENTED_EDGE('',*,*,#15581,.T.);
#15583=EDGE_LOOP('',(#15568,#15570,#15572,#15574,#15576,#15578,#15580,#15582));
#15584=FACE_OUTER_BOUND('',#15583,.F.);
#15586=ORIENTED_EDGE('',*,*,#15585,.F.);
#15588=ORIENTED_EDGE('',*,*,#15587,.F.);
#15589=EDGE_LOOP('',(#15586,#15588));
#15590=FACE_BOUND('',#15589,.F.);
#15592=CARTESIAN_POINT('',(0.E0,0.E0,-1.925E1));
#15593=DIRECTION('',(0.E0,0.E0,1.E0));
#15594=DIRECTION('',(1.E0,0.E0,0.E0));
#15595=AXIS2_PLACEMENT_3D('',#15592,#15593,#15594);
#15596=PLANE('',#15595);
#15598=ORIENTED_EDGE('',*,*,#15597,.F.);
#15600=ORIENTED_EDGE('',*,*,#15599,.F.);
#15602=ORIENTED_EDGE('',*,*,#15601,.F.);
#15604=ORIENTED_EDGE('',*,*,#15603,.F.);
#15606=ORIENTED_EDGE('',*,*,#15605,.F.);
#15608=ORIENTED_EDGE('',*,*,#15607,.F.);
#15610=ORIENTED_EDGE('',*,*,#15609,.T.);
#15611=ORIENTED_EDGE('',*,*,#15514,.T.);
#15612=EDGE_LOOP('',(#15598,#15600,#15602,#15604,#15606,#15608,#15610,#15611));
#15613=FACE_OUTER_BOUND('',#15612,.F.);
#15615=ORIENTED_EDGE('',*,*,#15614,.F.);
#15617=ORIENTED_EDGE('',*,*,#15616,.F.);
#15618=EDGE_LOOP('',(#15615,#15617));
#15619=FACE_BOUND('',#15618,.F.);
#15621=CARTESIAN_POINT('',(0.E0,0.E0,-1.925E1));
#15622=DIRECTION('',(0.E0,0.E0,1.E0));
#15623=DIRECTION('',(1.E0,0.E0,0.E0));
#15624=AXIS2_PLACEMENT_3D('',#15621,#15622,#15623);
#15625=PLANE('',#15624);
#15626=ORIENTED_EDGE('',*,*,#15378,.F.);
#15628=ORIENTED_EDGE('',*,*,#15627,.F.);
#15630=ORIENTED_EDGE('',*,*,#15629,.F.);
#15632=ORIENTED_EDGE('',*,*,#15631,.F.);
#15634=ORIENTED_EDGE('',*,*,#15633,.F.);
#15636=ORIENTED_EDGE('',*,*,#15635,.F.);
#15637=ORIENTED_EDGE('',*,*,#15504,.F.);
#15638=ORIENTED_EDGE('',*,*,#15528,.T.);
#15639=EDGE_LOOP('',(#15626,#15628,#15630,#15632,#15634,#15636,#15637,#15638));
#15640=FACE_OUTER_BOUND('',#15639,.F.);
#15642=ORIENTED_EDGE('',*,*,#15641,.F.);
#15644=ORIENTED_EDGE('',*,*,#15643,.F.);
#15645=EDGE_LOOP('',(#15642,#15644));
#15646=FACE_BOUND('',#15645,.F.);
#15648=CARTESIAN_POINT('',(2.37E1,1.08E1,-2.E1));
#15649=DIRECTION('',(0.E0,0.E0,1.E0));
#15650=DIRECTION('',(1.E0,0.E0,0.E0));
#15651=AXIS2_PLACEMENT_3D('',#15648,#15649,#15650);
#15652=CYLINDRICAL_SURFACE('',#15651,1.6E0);
#15654=ORIENTED_EDGE('',*,*,#15653,.T.);
#15656=ORIENTED_EDGE('',*,*,#15655,.T.);
#15657=ORIENTED_EDGE('',*,*,#15641,.T.);
#15659=ORIENTED_EDGE('',*,*,#15658,.F.);
#15660=EDGE_LOOP('',(#15654,#15656,#15657,#15659));
#15661=FACE_OUTER_BOUND('',#15660,.F.);
#15663=CARTESIAN_POINT('',(0.E0,0.E0,-2.E1));
#15664=DIRECTION('',(0.E0,0.E0,1.E0));
#15665=DIRECTION('',(1.E0,0.E0,0.E0));
#15666=AXIS2_PLACEMENT_3D('',#15663,#15664,#15665);
#15667=PLANE('',#15666);
#15669=ORIENTED_EDGE('',*,*,#15668,.F.);
#15671=ORIENTED_EDGE('',*,*,#15670,.F.);
#15673=ORIENTED_EDGE('',*,*,#15672,.F.);
#15675=ORIENTED_EDGE('',*,*,#15674,.F.);
#15677=ORIENTED_EDGE('',*,*,#15676,.F.);
#15679=ORIENTED_EDGE('',*,*,#15678,.F.);
#15681=ORIENTED_EDGE('',*,*,#15680,.F.);
#15683=ORIENTED_EDGE('',*,*,#15682,.F.);
#15684=EDGE_LOOP('',(#15669,#15671,#15673,#15675,#15677,#15679,#15681,#15683));
#15685=FACE_OUTER_BOUND('',#15684,.F.);
#15687=ORIENTED_EDGE('',*,*,#15686,.T.);
#15689=ORIENTED_EDGE('',*,*,#15688,.T.);
#15691=ORIENTED_EDGE('',*,*,#15690,.T.);
#15693=ORIENTED_EDGE('',*,*,#15692,.T.);
#15695=ORIENTED_EDGE('',*,*,#15694,.T.);
#15697=ORIENTED_EDGE('',*,*,#15696,.T.);
#15699=ORIENTED_EDGE('',*,*,#15698,.T.);
#15701=ORIENTED_EDGE('',*,*,#15700,.T.);
#15702=EDGE_LOOP('',(#15687,#15689,#15691,#15693,#15695,#15697,#15699,#15701));
#15703=FACE_BOUND('',#15702,.F.);
#15705=CARTESIAN_POINT('',(0.E0,0.E0,-2.E1));
#15706=DIRECTION('',(0.E0,0.E0,1.E0));
#15707=DIRECTION('',(1.E0,0.E0,0.E0));
#15708=AXIS2_PLACEMENT_3D('',#15705,#15706,#15707);
#15709=PLANE('',#15708);
#15710=ORIENTED_EDGE('',*,*,#15653,.F.);
#15712=ORIENTED_EDGE('',*,*,#15711,.F.);
#15713=EDGE_LOOP('',(#15710,#15712));
#15714=FACE_OUTER_BOUND('',#15713,.F.);
#15716=CARTESIAN_POINT('',(0.E0,0.E0,-2.E1));
#15717=DIRECTION('',(0.E0,0.E0,1.E0));
#15718=DIRECTION('',(1.E0,0.E0,0.E0));
#15719=AXIS2_PLACEMENT_3D('',#15716,#15717,#15718);
#15720=PLANE('',#15719);
#15722=ORIENTED_EDGE('',*,*,#15721,.F.);
#15724=ORIENTED_EDGE('',*,*,#15723,.F.);
#15725=EDGE_LOOP('',(#15722,#15724));
#15726=FACE_OUTER_BOUND('',#15725,.F.);
#15728=CARTESIAN_POINT('',(0.E0,0.E0,-2.E1));
#15729=DIRECTION('',(0.E0,0.E0,1.E0));
#15730=DIRECTION('',(1.E0,0.E0,0.E0));
#15731=AXIS2_PLACEMENT_3D('',#15728,#15729,#15730);
#15732=PLANE('',#15731);
#15734=ORIENTED_EDGE('',*,*,#15733,.F.);
#15736=ORIENTED_EDGE('',*,*,#15735,.F.);
#15737=EDGE_LOOP('',(#15734,#15736));
#15738=FACE_OUTER_BOUND('',#15737,.F.);
#15740=CARTESIAN_POINT('',(0.E0,0.E0,-2.E1));
#15741=DIRECTION('',(0.E0,0.E0,1.E0));
#15742=DIRECTION('',(1.E0,0.E0,0.E0));
#15743=AXIS2_PLACEMENT_3D('',#15740,#15741,#15742);
#15744=PLANE('',#15743);
#15746=ORIENTED_EDGE('',*,*,#15745,.F.);
#15748=ORIENTED_EDGE('',*,*,#15747,.F.);
#15749=EDGE_LOOP('',(#15746,#15748));
#15750=FACE_OUTER_BOUND('',#15749,.F.);
#15752=CARTESIAN_POINT('',(0.E0,0.E0,-2.E1));
#15753=DIRECTION('',(0.E0,0.E0,1.E0));
#15754=DIRECTION('',(1.E0,0.E0,0.E0));
#15755=AXIS2_PLACEMENT_3D('',#15752,#15753,#15754);
#15756=PLANE('',#15755);
#15758=ORIENTED_EDGE('',*,*,#15757,.T.);
#15760=ORIENTED_EDGE('',*,*,#15759,.T.);
#15762=ORIENTED_EDGE('',*,*,#15761,.T.);
#15764=ORIENTED_EDGE('',*,*,#15763,.T.);
#15766=ORIENTED_EDGE('',*,*,#15765,.T.);
#15768=ORIENTED_EDGE('',*,*,#15767,.T.);
#15770=ORIENTED_EDGE('',*,*,#15769,.T.);
#15772=ORIENTED_EDGE('',*,*,#15771,.T.);
#15773=EDGE_LOOP('',(#15758,#15760,#15762,#15764,#15766,#15768,#15770,#15772));
#15774=FACE_OUTER_BOUND('',#15773,.F.);
#15776=ORIENTED_EDGE('',*,*,#15775,.T.);
#15778=ORIENTED_EDGE('',*,*,#15777,.T.);
#15780=ORIENTED_EDGE('',*,*,#15779,.T.);
#15782=ORIENTED_EDGE('',*,*,#15781,.F.);
#15783=ORIENTED_EDGE('',*,*,#15374,.T.);
#15785=ORIENTED_EDGE('',*,*,#15784,.F.);
#15787=ORIENTED_EDGE('',*,*,#15786,.F.);
#15789=ORIENTED_EDGE('',*,*,#15788,.F.);
#15790=ORIENTED_EDGE('',*,*,#15366,.T.);
#15792=ORIENTED_EDGE('',*,*,#15791,.F.);
#15794=ORIENTED_EDGE('',*,*,#15793,.T.);
#15796=ORIENTED_EDGE('',*,*,#15795,.T.);
#15798=ORIENTED_EDGE('',*,*,#15797,.T.);
#15800=ORIENTED_EDGE('',*,*,#15799,.F.);
#15802=ORIENTED_EDGE('',*,*,#15801,.F.);
#15804=ORIENTED_EDGE('',*,*,#15803,.F.);
#15806=ORIENTED_EDGE('',*,*,#15805,.F.);
#15808=ORIENTED_EDGE('',*,*,#15807,.T.);
#15810=ORIENTED_EDGE('',*,*,#15809,.T.);
#15812=ORIENTED_EDGE('',*,*,#15811,.T.);
#15814=ORIENTED_EDGE('',*,*,#15813,.T.);
#15816=ORIENTED_EDGE('',*,*,#15815,.T.);
#15818=ORIENTED_EDGE('',*,*,#15817,.F.);
#15820=ORIENTED_EDGE('',*,*,#15819,.F.);
#15822=ORIENTED_EDGE('',*,*,#15821,.F.);
#15824=ORIENTED_EDGE('',*,*,#15823,.T.);
#15826=ORIENTED_EDGE('',*,*,#15825,.T.);
#15828=ORIENTED_EDGE('',*,*,#15827,.T.);
#15830=ORIENTED_EDGE('',*,*,#15829,.T.);
#15832=ORIENTED_EDGE('',*,*,#15831,.T.);
#15834=ORIENTED_EDGE('',*,*,#15833,.F.);
#15836=ORIENTED_EDGE('',*,*,#15835,.F.);
#15838=ORIENTED_EDGE('',*,*,#15837,.F.);
#15840=ORIENTED_EDGE('',*,*,#15839,.F.);
#15841=EDGE_LOOP('',(#15776,#15778,#15780,#15782,#15783,#15785,#15787,#15789,
#15790,#15792,#15794,#15796,#15798,#15800,#15802,#15804,#15806,#15808,#15810,
#15812,#15814,#15816,#15818,#15820,#15822,#15824,#15826,#15828,#15830,#15832,
#15834,#15836,#15838,#15840));
#15842=FACE_BOUND('',#15841,.F.);
#15844=CARTESIAN_POINT('',(-2.54E1,1.105E1,-2.E1));
#15845=DIRECTION('',(0.E0,0.E0,1.E0));
#15846=DIRECTION('',(1.E0,0.E0,0.E0));
#15847=AXIS2_PLACEMENT_3D('',#15844,#15845,#15846);
#15848=CYLINDRICAL_SURFACE('',#15847,5.E0);
#15850=ORIENTED_EDGE('',*,*,#15849,.T.);
#15852=ORIENTED_EDGE('',*,*,#15851,.F.);
#15853=ORIENTED_EDGE('',*,*,#15668,.T.);
#15855=ORIENTED_EDGE('',*,*,#15854,.T.);
#15857=ORIENTED_EDGE('',*,*,#15856,.T.);
#15859=ORIENTED_EDGE('',*,*,#15858,.F.);
#15860=EDGE_LOOP('',(#15850,#15852,#15853,#15855,#15857,#15859));
#15861=FACE_OUTER_BOUND('',#15860,.F.);
#15863=CARTESIAN_POINT('',(-2.54E1,1.105E1,-2.15E1));
#15864=DIRECTION('',(0.E0,0.E0,1.E0));
#15865=DIRECTION('',(7.064465069690E-1,-7.077664394356E-1,0.E0));
#15866=AXIS2_PLACEMENT_3D('',#15863,#15864,#15865);
#15867=TOROIDAL_SURFACE('',#15866,4.5E0,5.E-1);
#15869=ORIENTED_EDGE('',*,*,#15868,.T.);
#15871=ORIENTED_EDGE('',*,*,#15870,.T.);
#15872=ORIENTED_EDGE('',*,*,#15849,.F.);
#15874=ORIENTED_EDGE('',*,*,#15873,.T.);
#15875=EDGE_LOOP('',(#15869,#15871,#15872,#15874));
#15876=FACE_OUTER_BOUND('',#15875,.F.);
#15878=CARTESIAN_POINT('',(0.E0,0.E0,-2.2E1));
#15879=DIRECTION('',(0.E0,0.E0,1.E0));
#15880=DIRECTION('',(1.E0,0.E0,0.E0));
#15881=AXIS2_PLACEMENT_3D('',#15878,#15879,#15880);
#15882=PLANE('',#15881);
#15884=ORIENTED_EDGE('',*,*,#15883,.F.);
#15886=ORIENTED_EDGE('',*,*,#15885,.T.);
#15888=ORIENTED_EDGE('',*,*,#15887,.F.);
#15890=ORIENTED_EDGE('',*,*,#15889,.F.);
#15892=ORIENTED_EDGE('',*,*,#15891,.F.);
#15894=ORIENTED_EDGE('',*,*,#15893,.F.);
#15896=ORIENTED_EDGE('',*,*,#15895,.T.);
#15898=ORIENTED_EDGE('',*,*,#15897,.F.);
#15900=ORIENTED_EDGE('',*,*,#15899,.F.);
#15901=ORIENTED_EDGE('',*,*,#15868,.F.);
#15903=ORIENTED_EDGE('',*,*,#15902,.T.);
#15905=ORIENTED_EDGE('',*,*,#15904,.F.);
#15907=ORIENTED_EDGE('',*,*,#15906,.F.);
#15909=ORIENTED_EDGE('',*,*,#15908,.F.);
#15911=ORIENTED_EDGE('',*,*,#15910,.F.);
#15913=ORIENTED_EDGE('',*,*,#15912,.F.);
#15915=ORIENTED_EDGE('',*,*,#15914,.F.);
#15917=ORIENTED_EDGE('',*,*,#15916,.T.);
#15919=ORIENTED_EDGE('',*,*,#15918,.F.);
#15921=ORIENTED_EDGE('',*,*,#15920,.F.);
#15923=ORIENTED_EDGE('',*,*,#15922,.F.);
#15925=ORIENTED_EDGE('',*,*,#15924,.F.);
#15927=ORIENTED_EDGE('',*,*,#15926,.F.);
#15929=ORIENTED_EDGE('',*,*,#15928,.F.);
#15931=ORIENTED_EDGE('',*,*,#15930,.F.);
#15933=ORIENTED_EDGE('',*,*,#15932,.F.);
#15935=ORIENTED_EDGE('',*,*,#15934,.F.);
#15937=ORIENTED_EDGE('',*,*,#15936,.F.);
#15939=ORIENTED_EDGE('',*,*,#15938,.T.);
#15941=ORIENTED_EDGE('',*,*,#15940,.F.);
#15943=ORIENTED_EDGE('',*,*,#15942,.F.);
#15945=ORIENTED_EDGE('',*,*,#15944,.F.);
#15947=ORIENTED_EDGE('',*,*,#15946,.F.);
#15949=ORIENTED_EDGE('',*,*,#15948,.F.);
#15950=EDGE_LOOP('',(#15884,#15886,#15888,#15890,#15892,#15894,#15896,#15898,
#15900,#15901,#15903,#15905,#15907,#15909,#15911,#15913,#15915,#15917,#15919,
#15921,#15923,#15925,#15927,#15929,#15931,#15933,#15935,#15937,#15939,#15941,
#15943,#15945,#15947,#15949));
#15951=FACE_OUTER_BOUND('',#15950,.F.);
#15953=ORIENTED_EDGE('',*,*,#15952,.F.);
#15955=ORIENTED_EDGE('',*,*,#15954,.F.);
#15957=ORIENTED_EDGE('',*,*,#15956,.F.);
#15959=ORIENTED_EDGE('',*,*,#15958,.F.);
#15960=EDGE_LOOP('',(#15953,#15955,#15957,#15959));
#15961=FACE_BOUND('',#15960,.F.);
#15963=CARTESIAN_POINT('',(-1.67E1,7.E0,-2.2E1));
#15964=DIRECTION('',(-1.E0,0.E0,0.E0));
#15965=DIRECTION('',(0.E0,-1.E0,0.E0));
#15966=AXIS2_PLACEMENT_3D('',#15963,#15964,#15965);
#15967=PLANE('',#15966);
#15969=ORIENTED_EDGE('',*,*,#15968,.T.);
#15971=ORIENTED_EDGE('',*,*,#15970,.T.);
#15972=ORIENTED_EDGE('',*,*,#15952,.T.);
#15974=ORIENTED_EDGE('',*,*,#15973,.T.);
#15975=EDGE_LOOP('',(#15969,#15971,#15972,#15974));
#15976=FACE_OUTER_BOUND('',#15975,.F.);
#15978=CARTESIAN_POINT('',(0.E0,0.E0,-2.6E1));
#15979=DIRECTION('',(0.E0,0.E0,-1.E0));
#15980=DIRECTION('',(-1.E0,0.E0,0.E0));
#15981=AXIS2_PLACEMENT_3D('',#15978,#15979,#15980);
#15982=PLANE('',#15981);
#15983=ORIENTED_EDGE('',*,*,#15968,.F.);
#15985=ORIENTED_EDGE('',*,*,#15984,.F.);
#15987=ORIENTED_EDGE('',*,*,#15986,.F.);
#15989=ORIENTED_EDGE('',*,*,#15988,.F.);
#15990=EDGE_LOOP('',(#15983,#15985,#15987,#15989));
#15991=FACE_OUTER_BOUND('',#15990,.F.);
#15993=ORIENTED_EDGE('',*,*,#15992,.F.);
#15995=ORIENTED_EDGE('',*,*,#15994,.F.);
#15996=EDGE_LOOP('',(#15993,#15995));
#15997=FACE_BOUND('',#15996,.F.);
#15999=ORIENTED_EDGE('',*,*,#15998,.F.);
#16001=ORIENTED_EDGE('',*,*,#16000,.F.);
#16002=EDGE_LOOP('',(#15999,#16001));
#16003=FACE_BOUND('',#16002,.F.);
#16005=ORIENTED_EDGE('',*,*,#16004,.F.);
#16007=ORIENTED_EDGE('',*,*,#16006,.F.);
#16008=EDGE_LOOP('',(#16005,#16007));
#16009=FACE_BOUND('',#16008,.F.);
#16011=ORIENTED_EDGE('',*,*,#16010,.F.);
#16013=ORIENTED_EDGE('',*,*,#16012,.F.);
#16014=EDGE_LOOP('',(#16011,#16013));
#16015=FACE_BOUND('',#16014,.F.);
#16017=ORIENTED_EDGE('',*,*,#16016,.F.);
#16019=ORIENTED_EDGE('',*,*,#16018,.F.);
#16020=EDGE_LOOP('',(#16017,#16019));
#16021=FACE_BOUND('',#16020,.F.);
#16023=ORIENTED_EDGE('',*,*,#16022,.F.);
#16025=ORIENTED_EDGE('',*,*,#16024,.F.);
#16026=EDGE_LOOP('',(#16023,#16025));
#16027=FACE_BOUND('',#16026,.F.);
#16029=ORIENTED_EDGE('',*,*,#16028,.F.);
#16031=ORIENTED_EDGE('',*,*,#16030,.F.);
#16032=EDGE_LOOP('',(#16029,#16031));
#16033=FACE_BOUND('',#16032,.F.);
#16035=ORIENTED_EDGE('',*,*,#16034,.F.);
#16037=ORIENTED_EDGE('',*,*,#16036,.F.);
#16038=EDGE_LOOP('',(#16035,#16037));
#16039=FACE_BOUND('',#16038,.F.);
#16041=ORIENTED_EDGE('',*,*,#16040,.F.);
#16043=ORIENTED_EDGE('',*,*,#16042,.F.);
#16044=EDGE_LOOP('',(#16041,#16043));
#16045=FACE_BOUND('',#16044,.F.);
#16047=ORIENTED_EDGE('',*,*,#16046,.F.);
#16049=ORIENTED_EDGE('',*,*,#16048,.F.);
#16050=EDGE_LOOP('',(#16047,#16049));
#16051=FACE_BOUND('',#16050,.F.);
#16053=ORIENTED_EDGE('',*,*,#16052,.F.);
#16055=ORIENTED_EDGE('',*,*,#16054,.F.);
#16056=EDGE_LOOP('',(#16053,#16055));
#16057=FACE_BOUND('',#16056,.F.);
#16059=ORIENTED_EDGE('',*,*,#16058,.F.);
#16061=ORIENTED_EDGE('',*,*,#16060,.F.);
#16062=EDGE_LOOP('',(#16059,#16061));
#16063=FACE_BOUND('',#16062,.F.);
#16065=ORIENTED_EDGE('',*,*,#16064,.F.);
#16067=ORIENTED_EDGE('',*,*,#16066,.F.);
#16068=EDGE_LOOP('',(#16065,#16067));
#16069=FACE_BOUND('',#16068,.F.);
#16071=ORIENTED_EDGE('',*,*,#16070,.F.);
#16073=ORIENTED_EDGE('',*,*,#16072,.F.);
#16074=EDGE_LOOP('',(#16071,#16073));
#16075=FACE_BOUND('',#16074,.F.);
#16077=ORIENTED_EDGE('',*,*,#16076,.F.);
#16079=ORIENTED_EDGE('',*,*,#16078,.F.);
#16080=EDGE_LOOP('',(#16077,#16079));
#16081=FACE_BOUND('',#16080,.F.);
#16083=ORIENTED_EDGE('',*,*,#16082,.F.);
#16085=ORIENTED_EDGE('',*,*,#16084,.F.);
#16086=EDGE_LOOP('',(#16083,#16085));
#16087=FACE_BOUND('',#16086,.F.);
#16089=ORIENTED_EDGE('',*,*,#16088,.F.);
#16091=ORIENTED_EDGE('',*,*,#16090,.F.);
#16092=EDGE_LOOP('',(#16089,#16091));
#16093=FACE_BOUND('',#16092,.F.);
#16095=ORIENTED_EDGE('',*,*,#16094,.F.);
#16097=ORIENTED_EDGE('',*,*,#16096,.F.);
#16098=EDGE_LOOP('',(#16095,#16097));
#16099=FACE_BOUND('',#16098,.F.);
#16101=ORIENTED_EDGE('',*,*,#16100,.F.);
#16103=ORIENTED_EDGE('',*,*,#16102,.F.);
#16104=EDGE_LOOP('',(#16101,#16103));
#16105=FACE_BOUND('',#16104,.F.);
#16107=ORIENTED_EDGE('',*,*,#16106,.F.);
#16109=ORIENTED_EDGE('',*,*,#16108,.F.);
#16110=EDGE_LOOP('',(#16107,#16109));
#16111=FACE_BOUND('',#16110,.F.);
#16113=ORIENTED_EDGE('',*,*,#16112,.F.);
#16115=ORIENTED_EDGE('',*,*,#16114,.F.);
#16116=EDGE_LOOP('',(#16113,#16115));
#16117=FACE_BOUND('',#16116,.F.);
#16119=ORIENTED_EDGE('',*,*,#16118,.F.);
#16121=ORIENTED_EDGE('',*,*,#16120,.F.);
#16122=EDGE_LOOP('',(#16119,#16121));
#16123=FACE_BOUND('',#16122,.F.);
#16125=ORIENTED_EDGE('',*,*,#16124,.F.);
#16127=ORIENTED_EDGE('',*,*,#16126,.F.);
#16128=EDGE_LOOP('',(#16125,#16127));
#16129=FACE_BOUND('',#16128,.F.);
#16131=CARTESIAN_POINT('',(-1.67E1,-7.E0,-2.2E1));
#16132=DIRECTION('',(0.E0,-1.E0,0.E0));
#16133=DIRECTION('',(1.E0,0.E0,0.E0));
#16134=AXIS2_PLACEMENT_3D('',#16131,#16132,#16133);
#16135=PLANE('',#16134);
#16137=ORIENTED_EDGE('',*,*,#16136,.T.);
#16138=ORIENTED_EDGE('',*,*,#15984,.T.);
#16139=ORIENTED_EDGE('',*,*,#15973,.F.);
#16140=ORIENTED_EDGE('',*,*,#15958,.T.);
#16141=EDGE_LOOP('',(#16137,#16138,#16139,#16140));
#16142=FACE_OUTER_BOUND('',#16141,.F.);
#16144=CARTESIAN_POINT('',(1.67E1,-7.E0,-2.2E1));
#16145=DIRECTION('',(1.E0,0.E0,0.E0));
#16146=DIRECTION('',(0.E0,1.E0,0.E0));
#16147=AXIS2_PLACEMENT_3D('',#16144,#16145,#16146);
#16148=PLANE('',#16147);
#16150=ORIENTED_EDGE('',*,*,#16149,.T.);
#16151=ORIENTED_EDGE('',*,*,#15986,.T.);
#16152=ORIENTED_EDGE('',*,*,#16136,.F.);
#16153=ORIENTED_EDGE('',*,*,#15956,.T.);
#16154=EDGE_LOOP('',(#16150,#16151,#16152,#16153));
#16155=FACE_OUTER_BOUND('',#16154,.F.);
#16157=CARTESIAN_POINT('',(1.67E1,7.E0,-2.2E1));
#16158=DIRECTION('',(0.E0,1.E0,0.E0));
#16159=DIRECTION('',(-1.E0,0.E0,0.E0));
#16160=AXIS2_PLACEMENT_3D('',#16157,#16158,#16159);
#16161=PLANE('',#16160);
#16162=ORIENTED_EDGE('',*,*,#15970,.F.);
#16163=ORIENTED_EDGE('',*,*,#15988,.T.);
#16164=ORIENTED_EDGE('',*,*,#16149,.F.);
#16165=ORIENTED_EDGE('',*,*,#15954,.T.);
#16166=EDGE_LOOP('',(#16162,#16163,#16164,#16165));
#16167=FACE_OUTER_BOUND('',#16166,.F.);
#16169=CARTESIAN_POINT('',(-1.4E1,4.000000000001E0,-2.6E1));
#16170=DIRECTION('',(0.E0,0.E0,1.E0));
#16171=DIRECTION('',(1.E0,0.E0,0.E0));
#16172=AXIS2_PLACEMENT_3D('',#16169,#16170,#16171);
#16173=CYLINDRICAL_SURFACE('',#16172,6.5E-1);
#16174=ORIENTED_EDGE('',*,*,#15992,.T.);
#16176=ORIENTED_EDGE('',*,*,#16175,.T.);
#16178=ORIENTED_EDGE('',*,*,#16177,.F.);
#16180=ORIENTED_EDGE('',*,*,#16179,.F.);
#16181=EDGE_LOOP('',(#16174,#16176,#16178,#16180));
#16182=FACE_OUTER_BOUND('',#16181,.F.);
#16184=CARTESIAN_POINT('',(-1.4E1,4.000000000001E0,-2.6E1));
#16185=DIRECTION('',(0.E0,0.E0,1.E0));
#16186=DIRECTION('',(1.E0,0.E0,0.E0));
#16187=AXIS2_PLACEMENT_3D('',#16184,#16185,#16186);
#16188=CYLINDRICAL_SURFACE('',#16187,6.5E-1);
#16189=ORIENTED_EDGE('',*,*,#15994,.T.);
#16190=ORIENTED_EDGE('',*,*,#16179,.T.);
#16192=ORIENTED_EDGE('',*,*,#16191,.F.);
#16193=ORIENTED_EDGE('',*,*,#16175,.F.);
#16194=EDGE_LOOP('',(#16189,#16190,#16192,#16193));
#16195=FACE_OUTER_BOUND('',#16194,.F.);
#16197=CARTESIAN_POINT('',(0.E0,0.E0,-3.8075E1));
#16198=DIRECTION('',(0.E0,0.E0,1.E0));
#16199=DIRECTION('',(1.E0,0.E0,0.E0));
#16200=AXIS2_PLACEMENT_3D('',#16197,#16198,#16199);
#16201=PLANE('',#16200);
#16202=ORIENTED_EDGE('',*,*,#16177,.T.);
#16203=ORIENTED_EDGE('',*,*,#16191,.T.);
#16204=EDGE_LOOP('',(#16202,#16203));
#16205=FACE_OUTER_BOUND('',#16204,.F.);
#16207=CARTESIAN_POINT('',(0.E0,0.E0,-3.8075E1));
#16208=DIRECTION('',(0.E0,0.E0,1.E0));
#16209=DIRECTION('',(1.E0,0.E0,0.E0));
#16210=AXIS2_PLACEMENT_3D('',#16207,#16208,#16209);
#16211=PLANE('',#16210);
#16213=ORIENTED_EDGE('',*,*,#16212,.T.);
#16215=ORIENTED_EDGE('',*,*,#16214,.T.);
#16216=EDGE_LOOP('',(#16213,#16215));
#16217=FACE_OUTER_BOUND('',#16216,.F.);
#16219=CARTESIAN_POINT('',(0.E0,0.E0,-3.8075E1));
#16220=DIRECTION('',(0.E0,0.E0,1.E0));
#16221=DIRECTION('',(1.E0,0.E0,0.E0));
#16222=AXIS2_PLACEMENT_3D('',#16219,#16220,#16221);
#16223=PLANE('',#16222);
#16225=ORIENTED_EDGE('',*,*,#16224,.T.);
#16227=ORIENTED_EDGE('',*,*,#16226,.T.);
#16228=EDGE_LOOP('',(#16225,#16227));
#16229=FACE_OUTER_BOUND('',#16228,.F.);
#16231=CARTESIAN_POINT('',(0.E0,0.E0,-3.8075E1));
#16232=DIRECTION('',(0.E0,0.E0,1.E0));
#16233=DIRECTION('',(1.E0,0.E0,0.E0));
#16234=AXIS2_PLACEMENT_3D('',#16231,#16232,#16233);
#16235=PLANE('',#16234);
#16237=ORIENTED_EDGE('',*,*,#16236,.T.);
#16239=ORIENTED_EDGE('',*,*,#16238,.T.);
#16240=EDGE_LOOP('',(#16237,#16239));
#16241=FACE_OUTER_BOUND('',#16240,.F.);
#16243=CARTESIAN_POINT('',(0.E0,0.E0,-3.8075E1));
#16244=DIRECTION('',(0.E0,0.E0,1.E0));
#16245=DIRECTION('',(1.E0,0.E0,0.E0));
#16246=AXIS2_PLACEMENT_3D('',#16243,#16244,#16245);
#16247=PLANE('',#16246);
#16249=ORIENTED_EDGE('',*,*,#16248,.T.);
#16251=ORIENTED_EDGE('',*,*,#16250,.T.);
#16252=EDGE_LOOP('',(#16249,#16251));
#16253=FACE_OUTER_BOUND('',#16252,.F.);
#16255=CARTESIAN_POINT('',(0.E0,0.E0,-3.8075E1));
#16256=DIRECTION('',(0.E0,0.E0,1.E0));
#16257=DIRECTION('',(1.E0,0.E0,0.E0));
#16258=AXIS2_PLACEMENT_3D('',#16255,#16256,#16257);
#16259=PLANE('',#16258);
#16261=ORIENTED_EDGE('',*,*,#16260,.T.);
#16263=ORIENTED_EDGE('',*,*,#16262,.T.);
#16264=EDGE_LOOP('',(#16261,#16263));
#16265=FACE_OUTER_BOUND('',#16264,.F.);
#16267=CARTESIAN_POINT('',(0.E0,0.E0,-3.8075E1));
#16268=DIRECTION('',(0.E0,0.E0,1.E0));
#16269=DIRECTION('',(1.E0,0.E0,0.E0));
#16270=AXIS2_PLACEMENT_3D('',#16267,#16268,#16269);
#16271=PLANE('',#16270);
#16273=ORIENTED_EDGE('',*,*,#16272,.T.);
#16275=ORIENTED_EDGE('',*,*,#16274,.T.);
#16276=EDGE_LOOP('',(#16273,#16275));
#16277=FACE_OUTER_BOUND('',#16276,.F.);
#16279=CARTESIAN_POINT('',(0.E0,0.E0,-3.8075E1));
#16280=DIRECTION('',(0.E0,0.E0,1.E0));
#16281=DIRECTION('',(1.E0,0.E0,0.E0));
#16282=AXIS2_PLACEMENT_3D('',#16279,#16280,#16281);
#16283=PLANE('',#16282);
#16285=ORIENTED_EDGE('',*,*,#16284,.T.);
#16287=ORIENTED_EDGE('',*,*,#16286,.T.);
#16288=EDGE_LOOP('',(#16285,#16287));
#16289=FACE_OUTER_BOUND('',#16288,.F.);
#16291=CARTESIAN_POINT('',(0.E0,0.E0,-3.8075E1));
#16292=DIRECTION('',(0.E0,0.E0,1.E0));
#16293=DIRECTION('',(1.E0,0.E0,0.E0));
#16294=AXIS2_PLACEMENT_3D('',#16291,#16292,#16293);
#16295=PLANE('',#16294);
#16297=ORIENTED_EDGE('',*,*,#16296,.T.);
#16299=ORIENTED_EDGE('',*,*,#16298,.T.);
#16300=EDGE_LOOP('',(#16297,#16299));
#16301=FACE_OUTER_BOUND('',#16300,.F.);
#16303=CARTESIAN_POINT('',(0.E0,0.E0,-3.8075E1));
#16304=DIRECTION('',(0.E0,0.E0,1.E0));
#16305=DIRECTION('',(1.E0,0.E0,0.E0));
#16306=AXIS2_PLACEMENT_3D('',#16303,#16304,#16305);
#16307=PLANE('',#16306);
#16309=ORIENTED_EDGE('',*,*,#16308,.T.);
#16311=ORIENTED_EDGE('',*,*,#16310,.T.);
#16312=EDGE_LOOP('',(#16309,#16311));
#16313=FACE_OUTER_BOUND('',#16312,.F.);
#16315=CARTESIAN_POINT('',(0.E0,0.E0,-3.8075E1));
#16316=DIRECTION('',(0.E0,0.E0,1.E0));
#16317=DIRECTION('',(1.E0,0.E0,0.E0));
#16318=AXIS2_PLACEMENT_3D('',#16315,#16316,#16317);
#16319=PLANE('',#16318);
#16321=ORIENTED_EDGE('',*,*,#16320,.T.);
#16323=ORIENTED_EDGE('',*,*,#16322,.T.);
#16324=EDGE_LOOP('',(#16321,#16323));
#16325=FACE_OUTER_BOUND('',#16324,.F.);
#16327=CARTESIAN_POINT('',(0.E0,0.E0,-3.8075E1));
#16328=DIRECTION('',(0.E0,0.E0,1.E0));
#16329=DIRECTION('',(1.E0,0.E0,0.E0));
#16330=AXIS2_PLACEMENT_3D('',#16327,#16328,#16329);
#16331=PLANE('',#16330);
#16333=ORIENTED_EDGE('',*,*,#16332,.T.);
#16335=ORIENTED_EDGE('',*,*,#16334,.T.);
#16336=EDGE_LOOP('',(#16333,#16335));
#16337=FACE_OUTER_BOUND('',#16336,.F.);
#16339=CARTESIAN_POINT('',(0.E0,0.E0,-3.8075E1));
#16340=DIRECTION('',(0.E0,0.E0,1.E0));
#16341=DIRECTION('',(1.E0,0.E0,0.E0));
#16342=AXIS2_PLACEMENT_3D('',#16339,#16340,#16341);
#16343=PLANE('',#16342);
#16345=ORIENTED_EDGE('',*,*,#16344,.T.);
#16347=ORIENTED_EDGE('',*,*,#16346,.T.);
#16348=EDGE_LOOP('',(#16345,#16347));
#16349=FACE_OUTER_BOUND('',#16348,.F.);
#16351=CARTESIAN_POINT('',(0.E0,0.E0,-3.8075E1));
#16352=DIRECTION('',(0.E0,0.E0,1.E0));
#16353=DIRECTION('',(1.E0,0.E0,0.E0));
#16354=AXIS2_PLACEMENT_3D('',#16351,#16352,#16353);
#16355=PLANE('',#16354);
#16357=ORIENTED_EDGE('',*,*,#16356,.T.);
#16359=ORIENTED_EDGE('',*,*,#16358,.T.);
#16360=EDGE_LOOP('',(#16357,#16359));
#16361=FACE_OUTER_BOUND('',#16360,.F.);
#16363=CARTESIAN_POINT('',(0.E0,0.E0,-3.8075E1));
#16364=DIRECTION('',(0.E0,0.E0,1.E0));
#16365=DIRECTION('',(1.E0,0.E0,0.E0));
#16366=AXIS2_PLACEMENT_3D('',#16363,#16364,#16365);
#16367=PLANE('',#16366);
#16369=ORIENTED_EDGE('',*,*,#16368,.T.);
#16371=ORIENTED_EDGE('',*,*,#16370,.T.);
#16372=EDGE_LOOP('',(#16369,#16371));
#16373=FACE_OUTER_BOUND('',#16372,.F.);
#16375=CARTESIAN_POINT('',(0.E0,0.E0,-3.8075E1));
#16376=DIRECTION('',(0.E0,0.E0,1.E0));
#16377=DIRECTION('',(1.E0,0.E0,0.E0));
#16378=AXIS2_PLACEMENT_3D('',#16375,#16376,#16377);
#16379=PLANE('',#16378);
#16381=ORIENTED_EDGE('',*,*,#16380,.T.);
#16383=ORIENTED_EDGE('',*,*,#16382,.T.);
#16384=EDGE_LOOP('',(#16381,#16383));
#16385=FACE_OUTER_BOUND('',#16384,.F.);
#16387=CARTESIAN_POINT('',(0.E0,0.E0,-3.8075E1));
#16388=DIRECTION('',(0.E0,0.E0,1.E0));
#16389=DIRECTION('',(1.E0,0.E0,0.E0));
#16390=AXIS2_PLACEMENT_3D('',#16387,#16388,#16389);
#16391=PLANE('',#16390);
#16393=ORIENTED_EDGE('',*,*,#16392,.T.);
#16395=ORIENTED_EDGE('',*,*,#16394,.T.);
#16396=EDGE_LOOP('',(#16393,#16395));
#16397=FACE_OUTER_BOUND('',#16396,.F.);
#16399=CARTESIAN_POINT('',(0.E0,0.E0,-3.8075E1));
#16400=DIRECTION('',(0.E0,0.E0,1.E0));
#16401=DIRECTION('',(1.E0,0.E0,0.E0));
#16402=AXIS2_PLACEMENT_3D('',#16399,#16400,#16401);
#16403=PLANE('',#16402);
#16405=ORIENTED_EDGE('',*,*,#16404,.T.);
#16407=ORIENTED_EDGE('',*,*,#16406,.T.);
#16408=EDGE_LOOP('',(#16405,#16407));
#16409=FACE_OUTER_BOUND('',#16408,.F.);
#16411=CARTESIAN_POINT('',(0.E0,0.E0,-3.8075E1));
#16412=DIRECTION('',(0.E0,0.E0,1.E0));
#16413=DIRECTION('',(1.E0,0.E0,0.E0));
#16414=AXIS2_PLACEMENT_3D('',#16411,#16412,#16413);
#16415=PLANE('',#16414);
#16417=ORIENTED_EDGE('',*,*,#16416,.T.);
#16419=ORIENTED_EDGE('',*,*,#16418,.T.);
#16420=EDGE_LOOP('',(#16417,#16419));
#16421=FACE_OUTER_BOUND('',#16420,.F.);
#16423=CARTESIAN_POINT('',(0.E0,0.E0,-3.8075E1));
#16424=DIRECTION('',(0.E0,0.E0,1.E0));
#16425=DIRECTION('',(1.E0,0.E0,0.E0));
#16426=AXIS2_PLACEMENT_3D('',#16423,#16424,#16425);
#16427=PLANE('',#16426);
#16429=ORIENTED_EDGE('',*,*,#16428,.T.);
#16431=ORIENTED_EDGE('',*,*,#16430,.T.);
#16432=EDGE_LOOP('',(#16429,#16431));
#16433=FACE_OUTER_BOUND('',#16432,.F.);
#16435=CARTESIAN_POINT('',(0.E0,0.E0,-3.8075E1));
#16436=DIRECTION('',(0.E0,0.E0,1.E0));
#16437=DIRECTION('',(1.E0,0.E0,0.E0));
#16438=AXIS2_PLACEMENT_3D('',#16435,#16436,#16437);
#16439=PLANE('',#16438);
#16441=ORIENTED_EDGE('',*,*,#16440,.T.);
#16443=ORIENTED_EDGE('',*,*,#16442,.T.);
#16444=EDGE_LOOP('',(#16441,#16443));
#16445=FACE_OUTER_BOUND('',#16444,.F.);
#16447=CARTESIAN_POINT('',(0.E0,0.E0,-3.8075E1));
#16448=DIRECTION('',(0.E0,0.E0,1.E0));
#16449=DIRECTION('',(1.E0,0.E0,0.E0));
#16450=AXIS2_PLACEMENT_3D('',#16447,#16448,#16449);
#16451=PLANE('',#16450);
#16453=ORIENTED_EDGE('',*,*,#16452,.T.);
#16455=ORIENTED_EDGE('',*,*,#16454,.T.);
#16456=EDGE_LOOP('',(#16453,#16455));
#16457=FACE_OUTER_BOUND('',#16456,.F.);
#16459=CARTESIAN_POINT('',(0.E0,0.E0,-3.8075E1));
#16460=DIRECTION('',(0.E0,0.E0,1.E0));
#16461=DIRECTION('',(1.E0,0.E0,0.E0));
#16462=AXIS2_PLACEMENT_3D('',#16459,#16460,#16461);
#16463=PLANE('',#16462);
#16465=ORIENTED_EDGE('',*,*,#16464,.T.);
#16467=ORIENTED_EDGE('',*,*,#16466,.T.);
#16468=EDGE_LOOP('',(#16465,#16467));
#16469=FACE_OUTER_BOUND('',#16468,.F.);
#16471=CARTESIAN_POINT('',(-1.E1,4.000000000001E0,-2.6E1));
#16472=DIRECTION('',(0.E0,0.E0,1.E0));
#16473=DIRECTION('',(1.E0,0.E0,0.E0));
#16474=AXIS2_PLACEMENT_3D('',#16471,#16472,#16473);
#16475=CYLINDRICAL_SURFACE('',#16474,6.5E-1);
#16476=ORIENTED_EDGE('',*,*,#15998,.T.);
#16478=ORIENTED_EDGE('',*,*,#16477,.T.);
#16479=ORIENTED_EDGE('',*,*,#16212,.F.);
#16481=ORIENTED_EDGE('',*,*,#16480,.F.);
#16482=EDGE_LOOP('',(#16476,#16478,#16479,#16481));
#16483=FACE_OUTER_BOUND('',#16482,.F.);
#16485=CARTESIAN_POINT('',(-1.E1,4.000000000001E0,-2.6E1));
#16486=DIRECTION('',(0.E0,0.E0,1.E0));
#16487=DIRECTION('',(1.E0,0.E0,0.E0));
#16488=AXIS2_PLACEMENT_3D('',#16485,#16486,#16487);
#16489=CYLINDRICAL_SURFACE('',#16488,6.5E-1);
#16490=ORIENTED_EDGE('',*,*,#16000,.T.);
#16491=ORIENTED_EDGE('',*,*,#16480,.T.);
#16492=ORIENTED_EDGE('',*,*,#16214,.F.);
#16493=ORIENTED_EDGE('',*,*,#16477,.F.);
#16494=EDGE_LOOP('',(#16490,#16491,#16492,#16493));
#16495=FACE_OUTER_BOUND('',#16494,.F.);
#16497=CARTESIAN_POINT('',(-6.E0,4.000000000001E0,-2.6E1));
#16498=DIRECTION('',(0.E0,0.E0,1.E0));
#16499=DIRECTION('',(1.E0,0.E0,0.E0));
#16500=AXIS2_PLACEMENT_3D('',#16497,#16498,#16499);
#16501=CYLINDRICAL_SURFACE('',#16500,6.5E-1);
#16502=ORIENTED_EDGE('',*,*,#16004,.T.);
#16504=ORIENTED_EDGE('',*,*,#16503,.T.);
#16505=ORIENTED_EDGE('',*,*,#16224,.F.);
#16507=ORIENTED_EDGE('',*,*,#16506,.F.);
#16508=EDGE_LOOP('',(#16502,#16504,#16505,#16507));
#16509=FACE_OUTER_BOUND('',#16508,.F.);
#16511=CARTESIAN_POINT('',(-6.E0,4.000000000001E0,-2.6E1));
#16512=DIRECTION('',(0.E0,0.E0,1.E0));
#16513=DIRECTION('',(1.E0,0.E0,0.E0));
#16514=AXIS2_PLACEMENT_3D('',#16511,#16512,#16513);
#16515=CYLINDRICAL_SURFACE('',#16514,6.5E-1);
#16516=ORIENTED_EDGE('',*,*,#16006,.T.);
#16517=ORIENTED_EDGE('',*,*,#16506,.T.);
#16518=ORIENTED_EDGE('',*,*,#16226,.F.);
#16519=ORIENTED_EDGE('',*,*,#16503,.F.);
#16520=EDGE_LOOP('',(#16516,#16517,#16518,#16519));
#16521=FACE_OUTER_BOUND('',#16520,.F.);
#16523=CARTESIAN_POINT('',(-2.E0,4.000000000001E0,-2.6E1));
#16524=DIRECTION('',(0.E0,0.E0,1.E0));
#16525=DIRECTION('',(1.E0,0.E0,0.E0));
#16526=AXIS2_PLACEMENT_3D('',#16523,#16524,#16525);
#16527=CYLINDRICAL_SURFACE('',#16526,6.5E-1);
#16528=ORIENTED_EDGE('',*,*,#16010,.T.);
#16530=ORIENTED_EDGE('',*,*,#16529,.T.);
#16531=ORIENTED_EDGE('',*,*,#16236,.F.);
#16533=ORIENTED_EDGE('',*,*,#16532,.F.);
#16534=EDGE_LOOP('',(#16528,#16530,#16531,#16533));
#16535=FACE_OUTER_BOUND('',#16534,.F.);
#16537=CARTESIAN_POINT('',(-2.E0,4.000000000001E0,-2.6E1));
#16538=DIRECTION('',(0.E0,0.E0,1.E0));
#16539=DIRECTION('',(1.E0,0.E0,0.E0));
#16540=AXIS2_PLACEMENT_3D('',#16537,#16538,#16539);
#16541=CYLINDRICAL_SURFACE('',#16540,6.5E-1);
#16542=ORIENTED_EDGE('',*,*,#16012,.T.);
#16543=ORIENTED_EDGE('',*,*,#16532,.T.);
#16544=ORIENTED_EDGE('',*,*,#16238,.F.);
#16545=ORIENTED_EDGE('',*,*,#16529,.F.);
#16546=EDGE_LOOP('',(#16542,#16543,#16544,#16545));
#16547=FACE_OUTER_BOUND('',#16546,.F.);
#16549=CARTESIAN_POINT('',(2.E0,4.000000000001E0,-2.6E1));
#16550=DIRECTION('',(0.E0,0.E0,1.E0));
#16551=DIRECTION('',(1.E0,0.E0,0.E0));
#16552=AXIS2_PLACEMENT_3D('',#16549,#16550,#16551);
#16553=CYLINDRICAL_SURFACE('',#16552,6.5E-1);
#16554=ORIENTED_EDGE('',*,*,#16016,.T.);
#16556=ORIENTED_EDGE('',*,*,#16555,.T.);
#16557=ORIENTED_EDGE('',*,*,#16248,.F.);
#16559=ORIENTED_EDGE('',*,*,#16558,.F.);
#16560=EDGE_LOOP('',(#16554,#16556,#16557,#16559));
#16561=FACE_OUTER_BOUND('',#16560,.F.);
#16563=CARTESIAN_POINT('',(2.E0,4.000000000001E0,-2.6E1));
#16564=DIRECTION('',(0.E0,0.E0,1.E0));
#16565=DIRECTION('',(1.E0,0.E0,0.E0));
#16566=AXIS2_PLACEMENT_3D('',#16563,#16564,#16565);
#16567=CYLINDRICAL_SURFACE('',#16566,6.5E-1);
#16568=ORIENTED_EDGE('',*,*,#16018,.T.);
#16569=ORIENTED_EDGE('',*,*,#16558,.T.);
#16570=ORIENTED_EDGE('',*,*,#16250,.F.);
#16571=ORIENTED_EDGE('',*,*,#16555,.F.);
#16572=EDGE_LOOP('',(#16568,#16569,#16570,#16571));
#16573=FACE_OUTER_BOUND('',#16572,.F.);
#16575=CARTESIAN_POINT('',(6.E0,4.000000000001E0,-2.6E1));
#16576=DIRECTION('',(0.E0,0.E0,1.E0));
#16577=DIRECTION('',(1.E0,0.E0,0.E0));
#16578=AXIS2_PLACEMENT_3D('',#16575,#16576,#16577);
#16579=CYLINDRICAL_SURFACE('',#16578,6.5E-1);
#16580=ORIENTED_EDGE('',*,*,#16022,.T.);
#16582=ORIENTED_EDGE('',*,*,#16581,.T.);
#16583=ORIENTED_EDGE('',*,*,#16260,.F.);
#16585=ORIENTED_EDGE('',*,*,#16584,.F.);
#16586=EDGE_LOOP('',(#16580,#16582,#16583,#16585));
#16587=FACE_OUTER_BOUND('',#16586,.F.);
#16589=CARTESIAN_POINT('',(6.E0,4.000000000001E0,-2.6E1));
#16590=DIRECTION('',(0.E0,0.E0,1.E0));
#16591=DIRECTION('',(1.E0,0.E0,0.E0));
#16592=AXIS2_PLACEMENT_3D('',#16589,#16590,#16591);
#16593=CYLINDRICAL_SURFACE('',#16592,6.5E-1);
#16594=ORIENTED_EDGE('',*,*,#16024,.T.);
#16595=ORIENTED_EDGE('',*,*,#16584,.T.);
#16596=ORIENTED_EDGE('',*,*,#16262,.F.);
#16597=ORIENTED_EDGE('',*,*,#16581,.F.);
#16598=EDGE_LOOP('',(#16594,#16595,#16596,#16597));
#16599=FACE_OUTER_BOUND('',#16598,.F.);
#16601=CARTESIAN_POINT('',(1.E1,4.000000000001E0,-2.6E1));
#16602=DIRECTION('',(0.E0,0.E0,1.E0));
#16603=DIRECTION('',(1.E0,0.E0,0.E0));
#16604=AXIS2_PLACEMENT_3D('',#16601,#16602,#16603);
#16605=CYLINDRICAL_SURFACE('',#16604,6.5E-1);
#16606=ORIENTED_EDGE('',*,*,#16028,.T.);
#16608=ORIENTED_EDGE('',*,*,#16607,.T.);
#16609=ORIENTED_EDGE('',*,*,#16272,.F.);
#16611=ORIENTED_EDGE('',*,*,#16610,.F.);
#16612=EDGE_LOOP('',(#16606,#16608,#16609,#16611));
#16613=FACE_OUTER_BOUND('',#16612,.F.);
#16615=CARTESIAN_POINT('',(1.E1,4.000000000001E0,-2.6E1));
#16616=DIRECTION('',(0.E0,0.E0,1.E0));
#16617=DIRECTION('',(1.E0,0.E0,0.E0));
#16618=AXIS2_PLACEMENT_3D('',#16615,#16616,#16617);
#16619=CYLINDRICAL_SURFACE('',#16618,6.5E-1);
#16620=ORIENTED_EDGE('',*,*,#16030,.T.);
#16621=ORIENTED_EDGE('',*,*,#16610,.T.);
#16622=ORIENTED_EDGE('',*,*,#16274,.F.);
#16623=ORIENTED_EDGE('',*,*,#16607,.F.);
#16624=EDGE_LOOP('',(#16620,#16621,#16622,#16623));
#16625=FACE_OUTER_BOUND('',#16624,.F.);
#16627=CARTESIAN_POINT('',(1.4E1,4.000000000001E0,-2.6E1));
#16628=DIRECTION('',(0.E0,0.E0,1.E0));
#16629=DIRECTION('',(1.E0,0.E0,0.E0));
#16630=AXIS2_PLACEMENT_3D('',#16627,#16628,#16629);
#16631=CYLINDRICAL_SURFACE('',#16630,6.5E-1);
#16632=ORIENTED_EDGE('',*,*,#16034,.T.);
#16634=ORIENTED_EDGE('',*,*,#16633,.T.);
#16635=ORIENTED_EDGE('',*,*,#16284,.F.);
#16637=ORIENTED_EDGE('',*,*,#16636,.F.);
#16638=EDGE_LOOP('',(#16632,#16634,#16635,#16637));
#16639=FACE_OUTER_BOUND('',#16638,.F.);
#16641=CARTESIAN_POINT('',(1.4E1,4.000000000001E0,-2.6E1));
#16642=DIRECTION('',(0.E0,0.E0,1.E0));
#16643=DIRECTION('',(1.E0,0.E0,0.E0));
#16644=AXIS2_PLACEMENT_3D('',#16641,#16642,#16643);
#16645=CYLINDRICAL_SURFACE('',#16644,6.5E-1);
#16646=ORIENTED_EDGE('',*,*,#16036,.T.);
#16647=ORIENTED_EDGE('',*,*,#16636,.T.);
#16648=ORIENTED_EDGE('',*,*,#16286,.F.);
#16649=ORIENTED_EDGE('',*,*,#16633,.F.);
#16650=EDGE_LOOP('',(#16646,#16647,#16648,#16649));
#16651=FACE_OUTER_BOUND('',#16650,.F.);
#16653=CARTESIAN_POINT('',(-1.2E1,1.077689183250E-14,-2.6E1));
#16654=DIRECTION('',(0.E0,0.E0,1.E0));
#16655=DIRECTION('',(1.E0,0.E0,0.E0));
#16656=AXIS2_PLACEMENT_3D('',#16653,#16654,#16655);
#16657=CYLINDRICAL_SURFACE('',#16656,6.5E-1);
#16658=ORIENTED_EDGE('',*,*,#16040,.T.);
#16660=ORIENTED_EDGE('',*,*,#16659,.T.);
#16661=ORIENTED_EDGE('',*,*,#16296,.F.);
#16663=ORIENTED_EDGE('',*,*,#16662,.F.);
#16664=EDGE_LOOP('',(#16658,#16660,#16661,#16663));
#16665=FACE_OUTER_BOUND('',#16664,.F.);
#16667=CARTESIAN_POINT('',(-1.2E1,1.077689183250E-14,-2.6E1));
#16668=DIRECTION('',(0.E0,0.E0,1.E0));
#16669=DIRECTION('',(1.E0,0.E0,0.E0));
#16670=AXIS2_PLACEMENT_3D('',#16667,#16668,#16669);
#16671=CYLINDRICAL_SURFACE('',#16670,6.5E-1);
#16672=ORIENTED_EDGE('',*,*,#16042,.T.);
#16673=ORIENTED_EDGE('',*,*,#16662,.T.);
#16674=ORIENTED_EDGE('',*,*,#16298,.F.);
#16675=ORIENTED_EDGE('',*,*,#16659,.F.);
#16676=EDGE_LOOP('',(#16672,#16673,#16674,#16675));
#16677=FACE_OUTER_BOUND('',#16676,.F.);
#16679=CARTESIAN_POINT('',(-8.E0,1.126675055216E-14,-2.6E1));
#16680=DIRECTION('',(0.E0,0.E0,1.E0));
#16681=DIRECTION('',(1.E0,0.E0,0.E0));
#16682=AXIS2_PLACEMENT_3D('',#16679,#16680,#16681);
#16683=CYLINDRICAL_SURFACE('',#16682,6.5E-1);
#16684=ORIENTED_EDGE('',*,*,#16046,.T.);
#16686=ORIENTED_EDGE('',*,*,#16685,.T.);
#16687=ORIENTED_EDGE('',*,*,#16308,.F.);
#16689=ORIENTED_EDGE('',*,*,#16688,.F.);
#16690=EDGE_LOOP('',(#16684,#16686,#16687,#16689));
#16691=FACE_OUTER_BOUND('',#16690,.F.);
#16693=CARTESIAN_POINT('',(-8.E0,1.126675055216E-14,-2.6E1));
#16694=DIRECTION('',(0.E0,0.E0,1.E0));
#16695=DIRECTION('',(1.E0,0.E0,0.E0));
#16696=AXIS2_PLACEMENT_3D('',#16693,#16694,#16695);
#16697=CYLINDRICAL_SURFACE('',#16696,6.5E-1);
#16698=ORIENTED_EDGE('',*,*,#16048,.T.);
#16699=ORIENTED_EDGE('',*,*,#16688,.T.);
#16700=ORIENTED_EDGE('',*,*,#16310,.F.);
#16701=ORIENTED_EDGE('',*,*,#16685,.F.);
#16702=EDGE_LOOP('',(#16698,#16699,#16700,#16701));
#16703=FACE_OUTER_BOUND('',#16702,.F.);
#16705=CARTESIAN_POINT('',(-4.E0,1.175660927181E-14,-2.6E1));
#16706=DIRECTION('',(0.E0,0.E0,1.E0));
#16707=DIRECTION('',(1.E0,0.E0,0.E0));
#16708=AXIS2_PLACEMENT_3D('',#16705,#16706,#16707);
#16709=CYLINDRICAL_SURFACE('',#16708,6.5E-1);
#16710=ORIENTED_EDGE('',*,*,#16052,.T.);
#16712=ORIENTED_EDGE('',*,*,#16711,.T.);
#16713=ORIENTED_EDGE('',*,*,#16320,.F.);
#16715=ORIENTED_EDGE('',*,*,#16714,.F.);
#16716=EDGE_LOOP('',(#16710,#16712,#16713,#16715));
#16717=FACE_OUTER_BOUND('',#16716,.F.);
#16719=CARTESIAN_POINT('',(-4.E0,1.175660927181E-14,-2.6E1));
#16720=DIRECTION('',(0.E0,0.E0,1.E0));
#16721=DIRECTION('',(1.E0,0.E0,0.E0));
#16722=AXIS2_PLACEMENT_3D('',#16719,#16720,#16721);
#16723=CYLINDRICAL_SURFACE('',#16722,6.5E-1);
#16724=ORIENTED_EDGE('',*,*,#16054,.T.);
#16725=ORIENTED_EDGE('',*,*,#16714,.T.);
#16726=ORIENTED_EDGE('',*,*,#16322,.F.);
#16727=ORIENTED_EDGE('',*,*,#16711,.F.);
#16728=EDGE_LOOP('',(#16724,#16725,#16726,#16727));
#16729=FACE_OUTER_BOUND('',#16728,.F.);
#16731=CARTESIAN_POINT('',(0.E0,1.224646799147E-14,-2.6E1));
#16732=DIRECTION('',(0.E0,0.E0,1.E0));
#16733=DIRECTION('',(1.E0,0.E0,0.E0));
#16734=AXIS2_PLACEMENT_3D('',#16731,#16732,#16733);
#16735=CYLINDRICAL_SURFACE('',#16734,6.5E-1);
#16736=ORIENTED_EDGE('',*,*,#16058,.T.);
#16738=ORIENTED_EDGE('',*,*,#16737,.T.);
#16739=ORIENTED_EDGE('',*,*,#16332,.F.);
#16741=ORIENTED_EDGE('',*,*,#16740,.F.);
#16742=EDGE_LOOP('',(#16736,#16738,#16739,#16741));
#16743=FACE_OUTER_BOUND('',#16742,.F.);
#16745=CARTESIAN_POINT('',(0.E0,1.224646799147E-14,-2.6E1));
#16746=DIRECTION('',(0.E0,0.E0,1.E0));
#16747=DIRECTION('',(1.E0,0.E0,0.E0));
#16748=AXIS2_PLACEMENT_3D('',#16745,#16746,#16747);
#16749=CYLINDRICAL_SURFACE('',#16748,6.5E-1);
#16750=ORIENTED_EDGE('',*,*,#16060,.T.);
#16751=ORIENTED_EDGE('',*,*,#16740,.T.);
#16752=ORIENTED_EDGE('',*,*,#16334,.F.);
#16753=ORIENTED_EDGE('',*,*,#16737,.F.);
#16754=EDGE_LOOP('',(#16750,#16751,#16752,#16753));
#16755=FACE_OUTER_BOUND('',#16754,.F.);
#16757=CARTESIAN_POINT('',(4.E0,1.175660927181E-14,-2.6E1));
#16758=DIRECTION('',(0.E0,0.E0,1.E0));
#16759=DIRECTION('',(1.E0,0.E0,0.E0));
#16760=AXIS2_PLACEMENT_3D('',#16757,#16758,#16759);
#16761=CYLINDRICAL_SURFACE('',#16760,6.5E-1);
#16762=ORIENTED_EDGE('',*,*,#16064,.T.);
#16764=ORIENTED_EDGE('',*,*,#16763,.T.);
#16765=ORIENTED_EDGE('',*,*,#16344,.F.);
#16767=ORIENTED_EDGE('',*,*,#16766,.F.);
#16768=EDGE_LOOP('',(#16762,#16764,#16765,#16767));
#16769=FACE_OUTER_BOUND('',#16768,.F.);
#16771=CARTESIAN_POINT('',(4.E0,1.175660927181E-14,-2.6E1));
#16772=DIRECTION('',(0.E0,0.E0,1.E0));
#16773=DIRECTION('',(1.E0,0.E0,0.E0));
#16774=AXIS2_PLACEMENT_3D('',#16771,#16772,#16773);
#16775=CYLINDRICAL_SURFACE('',#16774,6.5E-1);
#16776=ORIENTED_EDGE('',*,*,#16066,.T.);
#16777=ORIENTED_EDGE('',*,*,#16766,.T.);
#16778=ORIENTED_EDGE('',*,*,#16346,.F.);
#16779=ORIENTED_EDGE('',*,*,#16763,.F.);
#16780=EDGE_LOOP('',(#16776,#16777,#16778,#16779));
#16781=FACE_OUTER_BOUND('',#16780,.F.);
#16783=CARTESIAN_POINT('',(8.E0,1.126675055216E-14,-2.6E1));
#16784=DIRECTION('',(0.E0,0.E0,1.E0));
#16785=DIRECTION('',(1.E0,0.E0,0.E0));
#16786=AXIS2_PLACEMENT_3D('',#16783,#16784,#16785);
#16787=CYLINDRICAL_SURFACE('',#16786,6.5E-1);
#16788=ORIENTED_EDGE('',*,*,#16070,.T.);
#16790=ORIENTED_EDGE('',*,*,#16789,.T.);
#16791=ORIENTED_EDGE('',*,*,#16356,.F.);
#16793=ORIENTED_EDGE('',*,*,#16792,.F.);
#16794=EDGE_LOOP('',(#16788,#16790,#16791,#16793));
#16795=FACE_OUTER_BOUND('',#16794,.F.);
#16797=CARTESIAN_POINT('',(8.E0,1.126675055216E-14,-2.6E1));
#16798=DIRECTION('',(0.E0,0.E0,1.E0));
#16799=DIRECTION('',(1.E0,0.E0,0.E0));
#16800=AXIS2_PLACEMENT_3D('',#16797,#16798,#16799);
#16801=CYLINDRICAL_SURFACE('',#16800,6.5E-1);
#16802=ORIENTED_EDGE('',*,*,#16072,.T.);
#16803=ORIENTED_EDGE('',*,*,#16792,.T.);
#16804=ORIENTED_EDGE('',*,*,#16358,.F.);
#16805=ORIENTED_EDGE('',*,*,#16789,.F.);
#16806=EDGE_LOOP('',(#16802,#16803,#16804,#16805));
#16807=FACE_OUTER_BOUND('',#16806,.F.);
#16809=CARTESIAN_POINT('',(1.2E1,1.077689183250E-14,-2.6E1));
#16810=DIRECTION('',(0.E0,0.E0,1.E0));
#16811=DIRECTION('',(1.E0,0.E0,0.E0));
#16812=AXIS2_PLACEMENT_3D('',#16809,#16810,#16811);
#16813=CYLINDRICAL_SURFACE('',#16812,6.5E-1);
#16814=ORIENTED_EDGE('',*,*,#16076,.T.);
#16816=ORIENTED_EDGE('',*,*,#16815,.T.);
#16817=ORIENTED_EDGE('',*,*,#16368,.F.);
#16819=ORIENTED_EDGE('',*,*,#16818,.F.);
#16820=EDGE_LOOP('',(#16814,#16816,#16817,#16819));
#16821=FACE_OUTER_BOUND('',#16820,.F.);
#16823=CARTESIAN_POINT('',(1.2E1,1.077689183250E-14,-2.6E1));
#16824=DIRECTION('',(0.E0,0.E0,1.E0));
#16825=DIRECTION('',(1.E0,0.E0,0.E0));
#16826=AXIS2_PLACEMENT_3D('',#16823,#16824,#16825);
#16827=CYLINDRICAL_SURFACE('',#16826,6.5E-1);
#16828=ORIENTED_EDGE('',*,*,#16078,.T.);
#16829=ORIENTED_EDGE('',*,*,#16818,.T.);
#16830=ORIENTED_EDGE('',*,*,#16370,.F.);
#16831=ORIENTED_EDGE('',*,*,#16815,.F.);
#16832=EDGE_LOOP('',(#16828,#16829,#16830,#16831));
#16833=FACE_OUTER_BOUND('',#16832,.F.);
#16835=CARTESIAN_POINT('',(-1.4E1,-4.000000000001E0,-2.6E1));
#16836=DIRECTION('',(0.E0,0.E0,1.E0));
#16837=DIRECTION('',(1.E0,0.E0,0.E0));
#16838=AXIS2_PLACEMENT_3D('',#16835,#16836,#16837);
#16839=CYLINDRICAL_SURFACE('',#16838,6.5E-1);
#16840=ORIENTED_EDGE('',*,*,#16082,.T.);
#16842=ORIENTED_EDGE('',*,*,#16841,.T.);
#16843=ORIENTED_EDGE('',*,*,#16380,.F.);
#16845=ORIENTED_EDGE('',*,*,#16844,.F.);
#16846=EDGE_LOOP('',(#16840,#16842,#16843,#16845));
#16847=FACE_OUTER_BOUND('',#16846,.F.);
#16849=CARTESIAN_POINT('',(-1.4E1,-4.000000000001E0,-2.6E1));
#16850=DIRECTION('',(0.E0,0.E0,1.E0));
#16851=DIRECTION('',(1.E0,0.E0,0.E0));
#16852=AXIS2_PLACEMENT_3D('',#16849,#16850,#16851);
#16853=CYLINDRICAL_SURFACE('',#16852,6.5E-1);
#16854=ORIENTED_EDGE('',*,*,#16084,.T.);
#16855=ORIENTED_EDGE('',*,*,#16844,.T.);
#16856=ORIENTED_EDGE('',*,*,#16382,.F.);
#16857=ORIENTED_EDGE('',*,*,#16841,.F.);
#16858=EDGE_LOOP('',(#16854,#16855,#16856,#16857));
#16859=FACE_OUTER_BOUND('',#16858,.F.);
#16861=CARTESIAN_POINT('',(-1.E1,-4.000000000001E0,-2.6E1));
#16862=DIRECTION('',(0.E0,0.E0,1.E0));
#16863=DIRECTION('',(1.E0,0.E0,0.E0));
#16864=AXIS2_PLACEMENT_3D('',#16861,#16862,#16863);
#16865=CYLINDRICAL_SURFACE('',#16864,6.5E-1);
#16866=ORIENTED_EDGE('',*,*,#16088,.T.);
#16868=ORIENTED_EDGE('',*,*,#16867,.T.);
#16869=ORIENTED_EDGE('',*,*,#16392,.F.);
#16871=ORIENTED_EDGE('',*,*,#16870,.F.);
#16872=EDGE_LOOP('',(#16866,#16868,#16869,#16871));
#16873=FACE_OUTER_BOUND('',#16872,.F.);
#16875=CARTESIAN_POINT('',(-1.E1,-4.000000000001E0,-2.6E1));
#16876=DIRECTION('',(0.E0,0.E0,1.E0));
#16877=DIRECTION('',(1.E0,0.E0,0.E0));
#16878=AXIS2_PLACEMENT_3D('',#16875,#16876,#16877);
#16879=CYLINDRICAL_SURFACE('',#16878,6.5E-1);
#16880=ORIENTED_EDGE('',*,*,#16090,.T.);
#16881=ORIENTED_EDGE('',*,*,#16870,.T.);
#16882=ORIENTED_EDGE('',*,*,#16394,.F.);
#16883=ORIENTED_EDGE('',*,*,#16867,.F.);
#16884=EDGE_LOOP('',(#16880,#16881,#16882,#16883));
#16885=FACE_OUTER_BOUND('',#16884,.F.);
#16887=CARTESIAN_POINT('',(-6.E0,-4.000000000001E0,-2.6E1));
#16888=DIRECTION('',(0.E0,0.E0,1.E0));
#16889=DIRECTION('',(1.E0,0.E0,0.E0));
#16890=AXIS2_PLACEMENT_3D('',#16887,#16888,#16889);
#16891=CYLINDRICAL_SURFACE('',#16890,6.5E-1);
#16892=ORIENTED_EDGE('',*,*,#16094,.T.);
#16894=ORIENTED_EDGE('',*,*,#16893,.T.);
#16895=ORIENTED_EDGE('',*,*,#16404,.F.);
#16897=ORIENTED_EDGE('',*,*,#16896,.F.);
#16898=EDGE_LOOP('',(#16892,#16894,#16895,#16897));
#16899=FACE_OUTER_BOUND('',#16898,.F.);
#16901=CARTESIAN_POINT('',(-6.E0,-4.000000000001E0,-2.6E1));
#16902=DIRECTION('',(0.E0,0.E0,1.E0));
#16903=DIRECTION('',(1.E0,0.E0,0.E0));
#16904=AXIS2_PLACEMENT_3D('',#16901,#16902,#16903);
#16905=CYLINDRICAL_SURFACE('',#16904,6.5E-1);
#16906=ORIENTED_EDGE('',*,*,#16096,.T.);
#16907=ORIENTED_EDGE('',*,*,#16896,.T.);
#16908=ORIENTED_EDGE('',*,*,#16406,.F.);
#16909=ORIENTED_EDGE('',*,*,#16893,.F.);
#16910=EDGE_LOOP('',(#16906,#16907,#16908,#16909));
#16911=FACE_OUTER_BOUND('',#16910,.F.);
#16913=CARTESIAN_POINT('',(-2.E0,-4.000000000001E0,-2.6E1));
#16914=DIRECTION('',(0.E0,0.E0,1.E0));
#16915=DIRECTION('',(1.E0,0.E0,0.E0));
#16916=AXIS2_PLACEMENT_3D('',#16913,#16914,#16915);
#16917=CYLINDRICAL_SURFACE('',#16916,6.5E-1);
#16918=ORIENTED_EDGE('',*,*,#16100,.T.);
#16920=ORIENTED_EDGE('',*,*,#16919,.T.);
#16921=ORIENTED_EDGE('',*,*,#16416,.F.);
#16923=ORIENTED_EDGE('',*,*,#16922,.F.);
#16924=EDGE_LOOP('',(#16918,#16920,#16921,#16923));
#16925=FACE_OUTER_BOUND('',#16924,.F.);
#16927=CARTESIAN_POINT('',(-2.E0,-4.000000000001E0,-2.6E1));
#16928=DIRECTION('',(0.E0,0.E0,1.E0));
#16929=DIRECTION('',(1.E0,0.E0,0.E0));
#16930=AXIS2_PLACEMENT_3D('',#16927,#16928,#16929);
#16931=CYLINDRICAL_SURFACE('',#16930,6.5E-1);
#16932=ORIENTED_EDGE('',*,*,#16102,.T.);
#16933=ORIENTED_EDGE('',*,*,#16922,.T.);
#16934=ORIENTED_EDGE('',*,*,#16418,.F.);
#16935=ORIENTED_EDGE('',*,*,#16919,.F.);
#16936=EDGE_LOOP('',(#16932,#16933,#16934,#16935));
#16937=FACE_OUTER_BOUND('',#16936,.F.);
#16939=CARTESIAN_POINT('',(2.E0,-4.000000000001E0,-2.6E1));
#16940=DIRECTION('',(0.E0,0.E0,1.E0));
#16941=DIRECTION('',(1.E0,0.E0,0.E0));
#16942=AXIS2_PLACEMENT_3D('',#16939,#16940,#16941);
#16943=CYLINDRICAL_SURFACE('',#16942,6.5E-1);
#16944=ORIENTED_EDGE('',*,*,#16106,.T.);
#16946=ORIENTED_EDGE('',*,*,#16945,.T.);
#16947=ORIENTED_EDGE('',*,*,#16428,.F.);
#16949=ORIENTED_EDGE('',*,*,#16948,.F.);
#16950=EDGE_LOOP('',(#16944,#16946,#16947,#16949));
#16951=FACE_OUTER_BOUND('',#16950,.F.);
#16953=CARTESIAN_POINT('',(2.E0,-4.000000000001E0,-2.6E1));
#16954=DIRECTION('',(0.E0,0.E0,1.E0));
#16955=DIRECTION('',(1.E0,0.E0,0.E0));
#16956=AXIS2_PLACEMENT_3D('',#16953,#16954,#16955);
#16957=CYLINDRICAL_SURFACE('',#16956,6.5E-1);
#16958=ORIENTED_EDGE('',*,*,#16108,.T.);
#16959=ORIENTED_EDGE('',*,*,#16948,.T.);
#16960=ORIENTED_EDGE('',*,*,#16430,.F.);
#16961=ORIENTED_EDGE('',*,*,#16945,.F.);
#16962=EDGE_LOOP('',(#16958,#16959,#16960,#16961));
#16963=FACE_OUTER_BOUND('',#16962,.F.);
#16965=CARTESIAN_POINT('',(6.E0,-4.000000000001E0,-2.6E1));
#16966=DIRECTION('',(0.E0,0.E0,1.E0));
#16967=DIRECTION('',(1.E0,0.E0,0.E0));
#16968=AXIS2_PLACEMENT_3D('',#16965,#16966,#16967);
#16969=CYLINDRICAL_SURFACE('',#16968,6.5E-1);
#16970=ORIENTED_EDGE('',*,*,#16112,.T.);
#16972=ORIENTED_EDGE('',*,*,#16971,.T.);
#16973=ORIENTED_EDGE('',*,*,#16440,.F.);
#16975=ORIENTED_EDGE('',*,*,#16974,.F.);
#16976=EDGE_LOOP('',(#16970,#16972,#16973,#16975));
#16977=FACE_OUTER_BOUND('',#16976,.F.);
#16979=CARTESIAN_POINT('',(6.E0,-4.000000000001E0,-2.6E1));
#16980=DIRECTION('',(0.E0,0.E0,1.E0));
#16981=DIRECTION('',(1.E0,0.E0,0.E0));
#16982=AXIS2_PLACEMENT_3D('',#16979,#16980,#16981);
#16983=CYLINDRICAL_SURFACE('',#16982,6.5E-1);
#16984=ORIENTED_EDGE('',*,*,#16114,.T.);
#16985=ORIENTED_EDGE('',*,*,#16974,.T.);
#16986=ORIENTED_EDGE('',*,*,#16442,.F.);
#16987=ORIENTED_EDGE('',*,*,#16971,.F.);
#16988=EDGE_LOOP('',(#16984,#16985,#16986,#16987));
#16989=FACE_OUTER_BOUND('',#16988,.F.);
#16991=CARTESIAN_POINT('',(1.E1,-4.000000000001E0,-2.6E1));
#16992=DIRECTION('',(0.E0,0.E0,1.E0));
#16993=DIRECTION('',(1.E0,0.E0,0.E0));
#16994=AXIS2_PLACEMENT_3D('',#16991,#16992,#16993);
#16995=CYLINDRICAL_SURFACE('',#16994,6.5E-1);
#16996=ORIENTED_EDGE('',*,*,#16118,.T.);
#16998=ORIENTED_EDGE('',*,*,#16997,.T.);
#16999=ORIENTED_EDGE('',*,*,#16452,.F.);
#17001=ORIENTED_EDGE('',*,*,#17000,.F.);
#17002=EDGE_LOOP('',(#16996,#16998,#16999,#17001));
#17003=FACE_OUTER_BOUND('',#17002,.F.);
#17005=CARTESIAN_POINT('',(1.E1,-4.000000000001E0,-2.6E1));
#17006=DIRECTION('',(0.E0,0.E0,1.E0));
#17007=DIRECTION('',(1.E0,0.E0,0.E0));
#17008=AXIS2_PLACEMENT_3D('',#17005,#17006,#17007);
#17009=CYLINDRICAL_SURFACE('',#17008,6.5E-1);
#17010=ORIENTED_EDGE('',*,*,#16120,.T.);
#17011=ORIENTED_EDGE('',*,*,#17000,.T.);
#17012=ORIENTED_EDGE('',*,*,#16454,.F.);
#17013=ORIENTED_EDGE('',*,*,#16997,.F.);
#17014=EDGE_LOOP('',(#17010,#17011,#17012,#17013));
#17015=FACE_OUTER_BOUND('',#17014,.F.);
#17017=CARTESIAN_POINT('',(1.4E1,-4.000000000001E0,-2.6E1));
#17018=DIRECTION('',(0.E0,0.E0,1.E0));
#17019=DIRECTION('',(1.E0,0.E0,0.E0));
#17020=AXIS2_PLACEMENT_3D('',#17017,#17018,#17019);
#17021=CYLINDRICAL_SURFACE('',#17020,6.5E-1);
#17022=ORIENTED_EDGE('',*,*,#16124,.T.);
#17024=ORIENTED_EDGE('',*,*,#17023,.T.);
#17025=ORIENTED_EDGE('',*,*,#16464,.F.);
#17027=ORIENTED_EDGE('',*,*,#17026,.F.);
#17028=EDGE_LOOP('',(#17022,#17024,#17025,#17027));
#17029=FACE_OUTER_BOUND('',#17028,.F.);
#17031=CARTESIAN_POINT('',(1.4E1,-4.000000000001E0,-2.6E1));
#17032=DIRECTION('',(0.E0,0.E0,1.E0));
#17033=DIRECTION('',(1.E0,0.E0,0.E0));
#17034=AXIS2_PLACEMENT_3D('',#17031,#17032,#17033);
#17035=CYLINDRICAL_SURFACE('',#17034,6.5E-1);
#17036=ORIENTED_EDGE('',*,*,#16126,.T.);
#17037=ORIENTED_EDGE('',*,*,#17026,.T.);
#17038=ORIENTED_EDGE('',*,*,#16466,.F.);
#17039=ORIENTED_EDGE('',*,*,#17023,.F.);
#17040=EDGE_LOOP('',(#17036,#17037,#17038,#17039));
#17041=FACE_OUTER_BOUND('',#17040,.F.);
#17043=CARTESIAN_POINT('',(2.99E1,5.789556E1,-2.15E1));
#17044=DIRECTION('',(0.E0,-1.E0,0.E0));
#17045=DIRECTION('',(0.E0,0.E0,-1.E0));
#17046=AXIS2_PLACEMENT_3D('',#17043,#17044,#17045);
#17047=CYLINDRICAL_SURFACE('',#17046,5.E-1);
#17049=ORIENTED_EDGE('',*,*,#17048,.F.);
#17051=ORIENTED_EDGE('',*,*,#17050,.T.);
#17052=ORIENTED_EDGE('',*,*,#15883,.T.);
#17054=ORIENTED_EDGE('',*,*,#17053,.T.);
#17055=EDGE_LOOP('',(#17049,#17051,#17052,#17054));
#17056=FACE_OUTER_BOUND('',#17055,.F.);
#17058=CARTESIAN_POINT('',(3.04E1,-1.105E1,-2.E1));
#17059=DIRECTION('',(1.E0,0.E0,0.E0));
#17060=DIRECTION('',(0.E0,1.E0,0.E0));
#17061=AXIS2_PLACEMENT_3D('',#17058,#17059,#17060);
#17062=PLANE('',#17061);
#17063=ORIENTED_EDGE('',*,*,#17048,.T.);
#17065=ORIENTED_EDGE('',*,*,#17064,.F.);
#17067=ORIENTED_EDGE('',*,*,#17066,.T.);
#17069=ORIENTED_EDGE('',*,*,#17068,.F.);
#17071=ORIENTED_EDGE('',*,*,#17070,.T.);
#17073=ORIENTED_EDGE('',*,*,#17072,.F.);
#17074=ORIENTED_EDGE('',*,*,#15674,.T.);
#17076=ORIENTED_EDGE('',*,*,#17075,.F.);
#17078=ORIENTED_EDGE('',*,*,#17077,.T.);
#17080=ORIENTED_EDGE('',*,*,#17079,.F.);
#17081=EDGE_LOOP('',(#17063,#17065,#17067,#17069,#17071,#17073,#17074,#17076,
#17078,#17080));
#17082=FACE_OUTER_BOUND('',#17081,.F.);
#17084=CARTESIAN_POINT('',(2.860440890611E1,-6.200000000001E0,-2.2E1));
#17085=DIRECTION('',(0.E0,1.E0,0.E0));
#17086=DIRECTION('',(1.E0,0.E0,0.E0));
#17087=AXIS2_PLACEMENT_3D('',#17084,#17085,#17086);
#17088=PLANE('',#17087);
#17089=ORIENTED_EDGE('',*,*,#17064,.T.);
#17090=ORIENTED_EDGE('',*,*,#17053,.F.);
#17091=ORIENTED_EDGE('',*,*,#15948,.T.);
#17093=ORIENTED_EDGE('',*,*,#17092,.T.);
#17095=ORIENTED_EDGE('',*,*,#17094,.T.);
#17096=EDGE_LOOP('',(#17089,#17090,#17091,#17093,#17095));
#17097=FACE_OUTER_BOUND('',#17096,.F.);
#17099=CARTESIAN_POINT('',(2.860440890611E1,-5.200000000001E0,-2.2E1));
#17100=DIRECTION('',(0.E0,0.E0,-1.E0));
#17101=DIRECTION('',(-1.E0,0.E0,0.E0));
#17102=AXIS2_PLACEMENT_3D('',#17099,#17100,#17101);
#17103=CYLINDRICAL_SURFACE('',#17102,1.E0);
#17104=ORIENTED_EDGE('',*,*,#15946,.T.);
#17106=ORIENTED_EDGE('',*,*,#17105,.F.);
#17108=ORIENTED_EDGE('',*,*,#17107,.T.);
#17109=ORIENTED_EDGE('',*,*,#17092,.F.);
#17110=EDGE_LOOP('',(#17104,#17106,#17108,#17109));
#17111=FACE_OUTER_BOUND('',#17110,.F.);
#17113=CARTESIAN_POINT('',(2.52E1,-7.300000000001E0,-2.2E1));
#17114=DIRECTION('',(0.E0,0.E0,1.E0));
#17115=DIRECTION('',(1.E0,0.E0,0.E0));
#17116=AXIS2_PLACEMENT_3D('',#17113,#17114,#17115);
#17117=CYLINDRICAL_SURFACE('',#17116,3.E0);
#17119=ORIENTED_EDGE('',*,*,#17118,.T.);
#17121=ORIENTED_EDGE('',*,*,#17120,.F.);
#17123=ORIENTED_EDGE('',*,*,#17122,.T.);
#17124=ORIENTED_EDGE('',*,*,#17105,.T.);
#17125=ORIENTED_EDGE('',*,*,#15944,.T.);
#17127=ORIENTED_EDGE('',*,*,#17126,.T.);
#17128=EDGE_LOOP('',(#17119,#17121,#17123,#17124,#17125,#17127));
#17129=FACE_OUTER_BOUND('',#17128,.F.);
#17131=CARTESIAN_POINT('',(2.52E1,-7.300000000001E0,-3.375E1));
#17132=DIRECTION('',(0.E0,0.E0,1.E0));
#17133=DIRECTION('',(-9.984365346034E-1,-5.589710519501E-2,0.E0));
#17134=AXIS2_PLACEMENT_3D('',#17131,#17132,#17133);
#17135=TOROIDAL_SURFACE('',#17134,2.5E0,5.E-1);
#17137=ORIENTED_EDGE('',*,*,#17136,.T.);
#17139=ORIENTED_EDGE('',*,*,#17138,.T.);
#17140=ORIENTED_EDGE('',*,*,#17118,.F.);
#17142=ORIENTED_EDGE('',*,*,#17141,.F.);
#17143=EDGE_LOOP('',(#17137,#17139,#17140,#17142));
#17144=FACE_OUTER_BOUND('',#17143,.F.);
#17146=CARTESIAN_POINT('',(0.E0,0.E0,-3.425E1));
#17147=DIRECTION('',(0.E0,0.E0,1.E0));
#17148=DIRECTION('',(1.E0,0.E0,0.E0));
#17149=AXIS2_PLACEMENT_3D('',#17146,#17147,#17148);
#17150=PLANE('',#17149);
#17152=ORIENTED_EDGE('',*,*,#17151,.F.);
#17154=ORIENTED_EDGE('',*,*,#17153,.F.);
#17155=EDGE_LOOP('',(#17152,#17154));
#17156=FACE_OUTER_BOUND('',#17155,.F.);
#17158=ORIENTED_EDGE('',*,*,#17157,.T.);
#17160=ORIENTED_EDGE('',*,*,#17159,.T.);
#17161=EDGE_LOOP('',(#17158,#17160));
#17162=FACE_BOUND('',#17161,.F.);
#17164=CARTESIAN_POINT('',(0.E0,0.E0,-3.425E1));
#17165=DIRECTION('',(0.E0,0.E0,1.E0));
#17166=DIRECTION('',(1.E0,0.E0,0.E0));
#17167=AXIS2_PLACEMENT_3D('',#17164,#17165,#17166);
#17168=PLANE('',#17167);
#17170=ORIENTED_EDGE('',*,*,#17169,.F.);
#17172=ORIENTED_EDGE('',*,*,#17171,.F.);
#17173=EDGE_LOOP('',(#17170,#17172));
#17174=FACE_OUTER_BOUND('',#17173,.F.);
#17176=CARTESIAN_POINT('',(0.E0,0.E0,-3.425E1));
#17177=DIRECTION('',(0.E0,0.E0,1.E0));
#17178=DIRECTION('',(1.E0,0.E0,0.E0));
#17179=AXIS2_PLACEMENT_3D('',#17176,#17177,#17178);
#17180=PLANE('',#17179);
#17182=ORIENTED_EDGE('',*,*,#17181,.F.);
#17183=ORIENTED_EDGE('',*,*,#17136,.F.);
#17184=EDGE_LOOP('',(#17182,#17183));
#17185=FACE_OUTER_BOUND('',#17184,.F.);
#17187=CARTESIAN_POINT('',(0.E0,0.E0,-3.425E1));
#17188=DIRECTION('',(0.E0,0.E0,1.E0));
#17189=DIRECTION('',(1.E0,0.E0,0.E0));
#17190=AXIS2_PLACEMENT_3D('',#17187,#17188,#17189);
#17191=PLANE('',#17190);
#17193=ORIENTED_EDGE('',*,*,#17192,.F.);
#17195=ORIENTED_EDGE('',*,*,#17194,.F.);
#17196=EDGE_LOOP('',(#17193,#17195));
#17197=FACE_OUTER_BOUND('',#17196,.F.);
#17199=ORIENTED_EDGE('',*,*,#17198,.T.);
#17201=ORIENTED_EDGE('',*,*,#17200,.T.);
#17202=EDGE_LOOP('',(#17199,#17201));
#17203=FACE_BOUND('',#17202,.F.);
#17205=CARTESIAN_POINT('',(-2.52E1,-7.300000000001E0,-3.375E1));
#17206=DIRECTION('',(0.E0,0.E0,1.E0));
#17207=DIRECTION('',(9.984365346034E-1,5.589710519501E-2,0.E0));
#17208=AXIS2_PLACEMENT_3D('',#17205,#17206,#17207);
#17209=TOROIDAL_SURFACE('',#17208,2.5E0,5.E-1);
#17210=ORIENTED_EDGE('',*,*,#17151,.T.);
#17212=ORIENTED_EDGE('',*,*,#17211,.T.);
#17214=ORIENTED_EDGE('',*,*,#17213,.F.);
#17216=ORIENTED_EDGE('',*,*,#17215,.F.);
#17217=EDGE_LOOP('',(#17210,#17212,#17214,#17216));
#17218=FACE_OUTER_BOUND('',#17217,.F.);
#17220=CARTESIAN_POINT('',(-2.52E1,-7.300000000001E0,-3.375E1));
#17221=DIRECTION('',(0.E0,0.E0,1.E0));
#17222=DIRECTION('',(-9.984365346034E-1,-5.589710519501E-2,0.E0));
#17223=AXIS2_PLACEMENT_3D('',#17220,#17221,#17222);
#17224=TOROIDAL_SURFACE('',#17223,2.5E0,5.E-1);
#17225=ORIENTED_EDGE('',*,*,#17153,.T.);
#17226=ORIENTED_EDGE('',*,*,#17215,.T.);
#17228=ORIENTED_EDGE('',*,*,#17227,.F.);
#17229=ORIENTED_EDGE('',*,*,#17211,.F.);
#17230=EDGE_LOOP('',(#17225,#17226,#17228,#17229));
#17231=FACE_OUTER_BOUND('',#17230,.F.);
#17233=CARTESIAN_POINT('',(-2.52E1,-7.300000000001E0,-2.2E1));
#17234=DIRECTION('',(0.E0,0.E0,1.E0));
#17235=DIRECTION('',(1.E0,0.E0,0.E0));
#17236=AXIS2_PLACEMENT_3D('',#17233,#17234,#17235);
#17237=CYLINDRICAL_SURFACE('',#17236,3.E0);
#17238=ORIENTED_EDGE('',*,*,#17227,.T.);
#17240=ORIENTED_EDGE('',*,*,#17239,.F.);
#17241=ORIENTED_EDGE('',*,*,#15920,.T.);
#17243=ORIENTED_EDGE('',*,*,#17242,.F.);
#17245=ORIENTED_EDGE('',*,*,#17244,.T.);
#17247=ORIENTED_EDGE('',*,*,#17246,.T.);
#17248=EDGE_LOOP('',(#17238,#17240,#17241,#17243,#17245,#17247));
#17249=FACE_OUTER_BOUND('',#17248,.F.);
#17251=CARTESIAN_POINT('',(-2.52E1,-7.300000000001E0,-2.2E1));
#17252=DIRECTION('',(0.E0,0.E0,1.E0));
#17253=DIRECTION('',(1.E0,0.E0,0.E0));
#17254=AXIS2_PLACEMENT_3D('',#17251,#17252,#17253);
#17255=CYLINDRICAL_SURFACE('',#17254,3.E0);
#17256=ORIENTED_EDGE('',*,*,#17213,.T.);
#17257=ORIENTED_EDGE('',*,*,#17246,.F.);
#17259=ORIENTED_EDGE('',*,*,#17258,.T.);
#17261=ORIENTED_EDGE('',*,*,#17260,.T.);
#17262=ORIENTED_EDGE('',*,*,#15922,.T.);
#17263=ORIENTED_EDGE('',*,*,#17239,.T.);
#17264=EDGE_LOOP('',(#17256,#17257,#17259,#17261,#17262,#17263));
#17265=FACE_OUTER_BOUND('',#17264,.F.);
#17267=CARTESIAN_POINT('',(0.E0,0.E0,-2.85E1));
#17268=DIRECTION('',(0.E0,0.E0,-1.E0));
#17269=DIRECTION('',(-1.E0,0.E0,0.E0));
#17270=AXIS2_PLACEMENT_3D('',#17267,#17268,#17269);
#17271=PLANE('',#17270);
#17273=ORIENTED_EDGE('',*,*,#17272,.F.);
#17275=ORIENTED_EDGE('',*,*,#17274,.F.);
#17277=ORIENTED_EDGE('',*,*,#17276,.F.);
#17279=ORIENTED_EDGE('',*,*,#17278,.F.);
#17280=ORIENTED_EDGE('',*,*,#17077,.F.);
#17282=ORIENTED_EDGE('',*,*,#17281,.F.);
#17284=ORIENTED_EDGE('',*,*,#17283,.F.);
#17286=ORIENTED_EDGE('',*,*,#17285,.F.);
#17287=EDGE_LOOP('',(#17273,#17275,#17277,#17279,#17280,#17282,#17284,#17286));
#17288=FACE_OUTER_BOUND('',#17287,.F.);
#17290=CARTESIAN_POINT('',(0.E0,0.E0,-2.85E1));
#17291=DIRECTION('',(0.E0,0.E0,-1.E0));
#17292=DIRECTION('',(-1.E0,0.E0,0.E0));
#17293=AXIS2_PLACEMENT_3D('',#17290,#17291,#17292);
#17294=PLANE('',#17293);
#17296=ORIENTED_EDGE('',*,*,#17295,.F.);
#17298=ORIENTED_EDGE('',*,*,#17297,.F.);
#17300=ORIENTED_EDGE('',*,*,#17299,.F.);
#17301=ORIENTED_EDGE('',*,*,#15856,.F.);
#17303=ORIENTED_EDGE('',*,*,#17302,.F.);
#17305=ORIENTED_EDGE('',*,*,#17304,.F.);
#17307=ORIENTED_EDGE('',*,*,#17306,.F.);
#17309=ORIENTED_EDGE('',*,*,#17308,.F.);
#17310=EDGE_LOOP('',(#17296,#17298,#17300,#17301,#17303,#17305,#17307,#17309));
#17311=FACE_OUTER_BOUND('',#17310,.F.);
#17313=CARTESIAN_POINT('',(0.E0,0.E0,-2.85E1));
#17314=DIRECTION('',(0.E0,0.E0,-1.E0));
#17315=DIRECTION('',(-1.E0,0.E0,0.E0));
#17316=AXIS2_PLACEMENT_3D('',#17313,#17314,#17315);
#17317=PLANE('',#17316);
#17318=ORIENTED_EDGE('',*,*,#17244,.F.);
#17320=ORIENTED_EDGE('',*,*,#17319,.F.);
#17322=ORIENTED_EDGE('',*,*,#17321,.F.);
#17324=ORIENTED_EDGE('',*,*,#17323,.F.);
#17326=ORIENTED_EDGE('',*,*,#17325,.F.);
#17328=ORIENTED_EDGE('',*,*,#17327,.F.);
#17329=ORIENTED_EDGE('',*,*,#17258,.F.);
#17330=EDGE_LOOP('',(#17318,#17320,#17322,#17324,#17326,#17328,#17329));
#17331=FACE_OUTER_BOUND('',#17330,.F.);
#17333=CARTESIAN_POINT('',(0.E0,0.E0,-2.85E1));
#17334=DIRECTION('',(0.E0,0.E0,-1.E0));
#17335=DIRECTION('',(-1.E0,0.E0,0.E0));
#17336=AXIS2_PLACEMENT_3D('',#17333,#17334,#17335);
#17337=PLANE('',#17336);
#17338=ORIENTED_EDGE('',*,*,#17122,.F.);
#17340=ORIENTED_EDGE('',*,*,#17339,.F.);
#17342=ORIENTED_EDGE('',*,*,#17341,.F.);
#17344=ORIENTED_EDGE('',*,*,#17343,.F.);
#17345=ORIENTED_EDGE('',*,*,#17066,.F.);
#17346=ORIENTED_EDGE('',*,*,#17094,.F.);
#17347=ORIENTED_EDGE('',*,*,#17107,.F.);
#17348=EDGE_LOOP('',(#17338,#17340,#17342,#17344,#17345,#17346,#17347));
#17349=FACE_OUTER_BOUND('',#17348,.F.);
#17351=CARTESIAN_POINT('',(2.37E1,1.08E1,-2.2E1));
#17352=DIRECTION('',(0.E0,0.E0,1.E0));
#17353=DIRECTION('',(1.E0,0.E0,0.E0));
#17354=AXIS2_PLACEMENT_3D('',#17351,#17352,#17353);
#17355=CYLINDRICAL_SURFACE('',#17354,3.E0);
#17357=ORIENTED_EDGE('',*,*,#17356,.T.);
#17359=ORIENTED_EDGE('',*,*,#17358,.F.);
#17360=ORIENTED_EDGE('',*,*,#17272,.T.);
#17362=ORIENTED_EDGE('',*,*,#17361,.T.);
#17363=ORIENTED_EDGE('',*,*,#15891,.T.);
#17365=ORIENTED_EDGE('',*,*,#17364,.T.);
#17366=EDGE_LOOP('',(#17357,#17359,#17360,#17362,#17363,#17365));
#17367=FACE_OUTER_BOUND('',#17366,.F.);
#17369=CARTESIAN_POINT('',(2.37E1,1.08E1,-3.375E1));
#17370=DIRECTION('',(0.E0,0.E0,1.E0));
#17371=DIRECTION('',(-9.984365346034E-1,-5.589710519501E-2,0.E0));
#17372=AXIS2_PLACEMENT_3D('',#17369,#17370,#17371);
#17373=TOROIDAL_SURFACE('',#17372,2.5E0,5.E-1);
#17374=ORIENTED_EDGE('',*,*,#17194,.T.);
#17376=ORIENTED_EDGE('',*,*,#17375,.T.);
#17377=ORIENTED_EDGE('',*,*,#17356,.F.);
#17379=ORIENTED_EDGE('',*,*,#17378,.F.);
#17380=EDGE_LOOP('',(#17374,#17376,#17377,#17379));
#17381=FACE_OUTER_BOUND('',#17380,.F.);
#17383=CARTESIAN_POINT('',(2.37E1,1.08E1,-3.375E1));
#17384=DIRECTION('',(0.E0,0.E0,1.E0));
#17385=DIRECTION('',(9.984365346034E-1,5.589710519501E-2,0.E0));
#17386=AXIS2_PLACEMENT_3D('',#17383,#17384,#17385);
#17387=TOROIDAL_SURFACE('',#17386,2.5E0,5.E-1);
#17388=ORIENTED_EDGE('',*,*,#17192,.T.);
#17389=ORIENTED_EDGE('',*,*,#17378,.T.);
#17391=ORIENTED_EDGE('',*,*,#17390,.F.);
#17392=ORIENTED_EDGE('',*,*,#17375,.F.);
#17393=EDGE_LOOP('',(#17388,#17389,#17391,#17392));
#17394=FACE_OUTER_BOUND('',#17393,.F.);
#17396=CARTESIAN_POINT('',(2.37E1,1.08E1,-2.2E1));
#17397=DIRECTION('',(0.E0,0.E0,1.E0));
#17398=DIRECTION('',(1.E0,0.E0,0.E0));
#17399=AXIS2_PLACEMENT_3D('',#17396,#17397,#17398);
#17400=CYLINDRICAL_SURFACE('',#17399,3.E0);
#17401=ORIENTED_EDGE('',*,*,#17390,.T.);
#17402=ORIENTED_EDGE('',*,*,#17364,.F.);
#17403=ORIENTED_EDGE('',*,*,#15889,.T.);
#17405=ORIENTED_EDGE('',*,*,#17404,.F.);
#17406=ORIENTED_EDGE('',*,*,#17274,.T.);
#17407=ORIENTED_EDGE('',*,*,#17358,.T.);
#17408=EDGE_LOOP('',(#17401,#17402,#17403,#17405,#17406,#17407));
#17409=FACE_OUTER_BOUND('',#17408,.F.);
#17411=CARTESIAN_POINT('',(2.710440890611E1,8.699999999999E0,-2.2E1));
#17412=DIRECTION('',(0.E0,0.E0,-1.E0));
#17413=DIRECTION('',(-1.E0,0.E0,0.E0));
#17414=AXIS2_PLACEMENT_3D('',#17411,#17412,#17413);
#17415=CYLINDRICAL_SURFACE('',#17414,1.E0);
#17416=ORIENTED_EDGE('',*,*,#15887,.T.);
#17418=ORIENTED_EDGE('',*,*,#17417,.T.);
#17419=ORIENTED_EDGE('',*,*,#17276,.T.);
#17420=ORIENTED_EDGE('',*,*,#17404,.T.);
#17421=EDGE_LOOP('',(#17416,#17418,#17419,#17420));
#17422=FACE_OUTER_BOUND('',#17421,.F.);
#17424=CARTESIAN_POINT('',(3.04E1,9.699999999999E0,-2.2E1));
#17425=DIRECTION('',(0.E0,-1.E0,0.E0));
#17426=DIRECTION('',(-1.E0,0.E0,0.E0));
#17427=AXIS2_PLACEMENT_3D('',#17424,#17425,#17426);
#17428=PLANE('',#17427);
#17429=ORIENTED_EDGE('',*,*,#15885,.F.);
#17430=ORIENTED_EDGE('',*,*,#17050,.F.);
#17431=ORIENTED_EDGE('',*,*,#17079,.T.);
#17432=ORIENTED_EDGE('',*,*,#17278,.T.);
#17433=ORIENTED_EDGE('',*,*,#17417,.F.);
#17434=EDGE_LOOP('',(#17429,#17430,#17431,#17432,#17433));
#17435=FACE_OUTER_BOUND('',#17434,.F.);
#17437=CARTESIAN_POINT('',(2.710440890611E1,1.29E1,-2.2E1));
#17438=DIRECTION('',(0.E0,0.E0,-1.E0));
#17439=DIRECTION('',(-1.E0,0.E0,0.E0));
#17440=AXIS2_PLACEMENT_3D('',#17437,#17438,#17439);
#17441=CYLINDRICAL_SURFACE('',#17440,1.E0);
#17442=ORIENTED_EDGE('',*,*,#15893,.T.);
#17443=ORIENTED_EDGE('',*,*,#17361,.F.);
#17444=ORIENTED_EDGE('',*,*,#17285,.T.);
#17446=ORIENTED_EDGE('',*,*,#17445,.F.);
#17447=EDGE_LOOP('',(#17442,#17443,#17444,#17446));
#17448=FACE_OUTER_BOUND('',#17447,.F.);
#17450=CARTESIAN_POINT('',(2.710440890611E1,1.19E1,-2.2E1));
#17451=DIRECTION('',(0.E0,1.E0,0.E0));
#17452=DIRECTION('',(1.E0,0.E0,0.E0));
#17453=AXIS2_PLACEMENT_3D('',#17450,#17451,#17452);
#17454=PLANE('',#17453);
#17456=ORIENTED_EDGE('',*,*,#17455,.T.);
#17458=ORIENTED_EDGE('',*,*,#17457,.F.);
#17459=ORIENTED_EDGE('',*,*,#15895,.F.);
#17460=ORIENTED_EDGE('',*,*,#17445,.T.);
#17461=ORIENTED_EDGE('',*,*,#17283,.T.);
#17462=EDGE_LOOP('',(#17456,#17458,#17459,#17460,#17461));
#17463=FACE_OUTER_BOUND('',#17462,.F.);
#17465=CARTESIAN_POINT('',(2.54E1,1.105E1,-2.E1));
#17466=DIRECTION('',(0.E0,0.E0,1.E0));
#17467=DIRECTION('',(1.E0,0.E0,0.E0));
#17468=AXIS2_PLACEMENT_3D('',#17465,#17466,#17467);
#17469=CYLINDRICAL_SURFACE('',#17468,5.E0);
#17471=ORIENTED_EDGE('',*,*,#17470,.T.);
#17472=ORIENTED_EDGE('',*,*,#17455,.F.);
#17473=ORIENTED_EDGE('',*,*,#17281,.T.);
#17474=ORIENTED_EDGE('',*,*,#17075,.T.);
#17475=ORIENTED_EDGE('',*,*,#15672,.T.);
#17477=ORIENTED_EDGE('',*,*,#17476,.T.);
#17478=EDGE_LOOP('',(#17471,#17472,#17473,#17474,#17475,#17477));
#17479=FACE_OUTER_BOUND('',#17478,.F.);
#17481=CARTESIAN_POINT('',(2.54E1,1.105E1,-2.15E1));
#17482=DIRECTION('',(0.E0,0.E0,1.E0));
#17483=DIRECTION('',(-3.354945581555E-2,9.994370585557E-1,0.E0));
#17484=AXIS2_PLACEMENT_3D('',#17481,#17482,#17483);
#17485=TOROIDAL_SURFACE('',#17484,4.5E0,5.E-1);
#17486=ORIENTED_EDGE('',*,*,#17470,.F.);
#17488=ORIENTED_EDGE('',*,*,#17487,.F.);
#17489=ORIENTED_EDGE('',*,*,#15897,.T.);
#17490=ORIENTED_EDGE('',*,*,#17457,.T.);
#17491=EDGE_LOOP('',(#17486,#17488,#17489,#17490));
#17492=FACE_OUTER_BOUND('',#17491,.F.);
#17494=CARTESIAN_POINT('',(-2.556777876347E1,1.555E1,-2.15E1));
#17495=DIRECTION('',(1.E0,0.E0,0.E0));
#17496=DIRECTION('',(0.E0,0.E0,-1.E0));
#17497=AXIS2_PLACEMENT_3D('',#17494,#17495,#17496);
#17498=CYLINDRICAL_SURFACE('',#17497,5.E-1);
#17499=ORIENTED_EDGE('',*,*,#15899,.T.);
#17500=ORIENTED_EDGE('',*,*,#17487,.T.);
#17502=ORIENTED_EDGE('',*,*,#17501,.F.);
#17503=ORIENTED_EDGE('',*,*,#15870,.F.);
#17504=EDGE_LOOP('',(#17499,#17500,#17502,#17503));
#17505=FACE_OUTER_BOUND('',#17504,.F.);
#17507=CARTESIAN_POINT('',(2.54E1,1.605E1,-2.E1));
#17508=DIRECTION('',(0.E0,1.E0,0.E0));
#17509=DIRECTION('',(-1.E0,0.E0,0.E0));
#17510=AXIS2_PLACEMENT_3D('',#17507,#17508,#17509);
#17511=PLANE('',#17510);
#17512=ORIENTED_EDGE('',*,*,#17501,.T.);
#17513=ORIENTED_EDGE('',*,*,#17476,.F.);
#17514=ORIENTED_EDGE('',*,*,#15670,.T.);
#17515=ORIENTED_EDGE('',*,*,#15851,.T.);
#17516=EDGE_LOOP('',(#17512,#17513,#17514,#17515));
#17517=FACE_OUTER_BOUND('',#17516,.F.);
#17519=CARTESIAN_POINT('',(-2.37E1,1.08E1,-2.2E1));
#17520=DIRECTION('',(0.E0,0.E0,1.E0));
#17521=DIRECTION('',(1.E0,0.E0,0.E0));
#17522=AXIS2_PLACEMENT_3D('',#17519,#17520,#17521);
#17523=CYLINDRICAL_SURFACE('',#17522,3.E0);
#17525=ORIENTED_EDGE('',*,*,#17524,.T.);
#17527=ORIENTED_EDGE('',*,*,#17526,.F.);
#17528=ORIENTED_EDGE('',*,*,#15906,.T.);
#17530=ORIENTED_EDGE('',*,*,#17529,.F.);
#17531=ORIENTED_EDGE('',*,*,#17295,.T.);
#17533=ORIENTED_EDGE('',*,*,#17532,.T.);
#17534=EDGE_LOOP('',(#17525,#17527,#17528,#17530,#17531,#17533));
#17535=FACE_OUTER_BOUND('',#17534,.F.);
#17537=CARTESIAN_POINT('',(-2.37E1,1.08E1,-3.375E1));
#17538=DIRECTION('',(0.E0,0.E0,1.E0));
#17539=DIRECTION('',(-9.984365346034E-1,-5.589710519501E-2,0.E0));
#17540=AXIS2_PLACEMENT_3D('',#17537,#17538,#17539);
#17541=TOROIDAL_SURFACE('',#17540,2.5E0,5.E-1);
#17542=ORIENTED_EDGE('',*,*,#17171,.T.);
#17544=ORIENTED_EDGE('',*,*,#17543,.T.);
#17545=ORIENTED_EDGE('',*,*,#17524,.F.);
#17547=ORIENTED_EDGE('',*,*,#17546,.F.);
#17548=EDGE_LOOP('',(#17542,#17544,#17545,#17547));
#17549=FACE_OUTER_BOUND('',#17548,.F.);
#17551=CARTESIAN_POINT('',(-2.37E1,1.08E1,-3.375E1));
#17552=DIRECTION('',(0.E0,0.E0,1.E0));
#17553=DIRECTION('',(9.984365346034E-1,5.589710519501E-2,0.E0));
#17554=AXIS2_PLACEMENT_3D('',#17551,#17552,#17553);
#17555=TOROIDAL_SURFACE('',#17554,2.5E0,5.E-1);
#17556=ORIENTED_EDGE('',*,*,#17169,.T.);
#17557=ORIENTED_EDGE('',*,*,#17546,.T.);
#17559=ORIENTED_EDGE('',*,*,#17558,.F.);
#17560=ORIENTED_EDGE('',*,*,#17543,.F.);
#17561=EDGE_LOOP('',(#17556,#17557,#17559,#17560));
#17562=FACE_OUTER_BOUND('',#17561,.F.);
#17564=CARTESIAN_POINT('',(-2.37E1,1.08E1,-2.2E1));
#17565=DIRECTION('',(0.E0,0.E0,1.E0));
#17566=DIRECTION('',(1.E0,0.E0,0.E0));
#17567=AXIS2_PLACEMENT_3D('',#17564,#17565,#17566);
#17568=CYLINDRICAL_SURFACE('',#17567,3.E0);
#17569=ORIENTED_EDGE('',*,*,#17558,.T.);
#17570=ORIENTED_EDGE('',*,*,#17532,.F.);
#17571=ORIENTED_EDGE('',*,*,#17308,.T.);
#17573=ORIENTED_EDGE('',*,*,#17572,.T.);
#17574=ORIENTED_EDGE('',*,*,#15908,.T.);
#17575=ORIENTED_EDGE('',*,*,#17526,.T.);
#17576=EDGE_LOOP('',(#17569,#17570,#17571,#17573,#17574,#17575));
#17577=FACE_OUTER_BOUND('',#17576,.F.);
#17579=CARTESIAN_POINT('',(-2.710440890611E1,8.699999999999E0,-2.2E1));
#17580=DIRECTION('',(0.E0,0.E0,-1.E0));
#17581=DIRECTION('',(-1.E0,0.E0,0.E0));
#17582=AXIS2_PLACEMENT_3D('',#17579,#17580,#17581);
#17583=CYLINDRICAL_SURFACE('',#17582,1.E0);
#17584=ORIENTED_EDGE('',*,*,#15910,.T.);
#17585=ORIENTED_EDGE('',*,*,#17572,.F.);
#17586=ORIENTED_EDGE('',*,*,#17306,.T.);
#17588=ORIENTED_EDGE('',*,*,#17587,.F.);
#17589=EDGE_LOOP('',(#17584,#17585,#17586,#17588));
#17590=FACE_OUTER_BOUND('',#17589,.F.);
#17592=CARTESIAN_POINT('',(-2.710440890611E1,9.699999999999E0,-2.2E1));
#17593=DIRECTION('',(0.E0,-1.E0,0.E0));
#17594=DIRECTION('',(-1.E0,0.E0,0.E0));
#17595=AXIS2_PLACEMENT_3D('',#17592,#17593,#17594);
#17596=PLANE('',#17595);
#17598=ORIENTED_EDGE('',*,*,#17597,.T.);
#17600=ORIENTED_EDGE('',*,*,#17599,.F.);
#17601=ORIENTED_EDGE('',*,*,#15912,.T.);
#17602=ORIENTED_EDGE('',*,*,#17587,.T.);
#17603=ORIENTED_EDGE('',*,*,#17304,.T.);
#17604=EDGE_LOOP('',(#17598,#17600,#17601,#17602,#17603));
#17605=FACE_OUTER_BOUND('',#17604,.F.);
#17607=CARTESIAN_POINT('',(-3.04E1,1.105E1,-2.E1));
#17608=DIRECTION('',(-1.E0,0.E0,0.E0));
#17609=DIRECTION('',(0.E0,-1.E0,0.E0));
#17610=AXIS2_PLACEMENT_3D('',#17607,#17608,#17609);
#17611=PLANE('',#17610);
#17613=ORIENTED_EDGE('',*,*,#17612,.T.);
#17615=ORIENTED_EDGE('',*,*,#17614,.F.);
#17616=ORIENTED_EDGE('',*,*,#17323,.T.);
#17618=ORIENTED_EDGE('',*,*,#17617,.F.);
#17620=ORIENTED_EDGE('',*,*,#17619,.T.);
#17621=ORIENTED_EDGE('',*,*,#17597,.F.);
#17622=ORIENTED_EDGE('',*,*,#17302,.T.);
#17623=ORIENTED_EDGE('',*,*,#15854,.F.);
#17624=ORIENTED_EDGE('',*,*,#15682,.T.);
#17626=ORIENTED_EDGE('',*,*,#17625,.T.);
#17627=EDGE_LOOP('',(#17613,#17615,#17616,#17618,#17620,#17621,#17622,#17623,
#17624,#17626));
#17628=FACE_OUTER_BOUND('',#17627,.F.);
#17630=CARTESIAN_POINT('',(-2.99E1,-1.121777876347E1,-2.15E1));
#17631=DIRECTION('',(0.E0,1.E0,0.E0));
#17632=DIRECTION('',(0.E0,0.E0,-1.E0));
#17633=AXIS2_PLACEMENT_3D('',#17630,#17631,#17632);
#17634=CYLINDRICAL_SURFACE('',#17633,5.E-1);
#17635=ORIENTED_EDGE('',*,*,#17612,.F.);
#17637=ORIENTED_EDGE('',*,*,#17636,.F.);
#17638=ORIENTED_EDGE('',*,*,#15928,.T.);
#17640=ORIENTED_EDGE('',*,*,#17639,.T.);
#17641=EDGE_LOOP('',(#17635,#17637,#17638,#17640));
#17642=FACE_OUTER_BOUND('',#17641,.F.);
#17644=CARTESIAN_POINT('',(-2.54E1,-1.105E1,-2.15E1));
#17645=DIRECTION('',(0.E0,0.E0,1.E0));
#17646=DIRECTION('',(3.354945581555E-2,-9.994370585557E-1,0.E0));
#17647=AXIS2_PLACEMENT_3D('',#17644,#17645,#17646);
#17648=TOROIDAL_SURFACE('',#17647,4.5E0,5.E-1);
#17649=ORIENTED_EDGE('',*,*,#15930,.T.);
#17650=ORIENTED_EDGE('',*,*,#17636,.T.);
#17652=ORIENTED_EDGE('',*,*,#17651,.F.);
#17654=ORIENTED_EDGE('',*,*,#17653,.F.);
#17655=EDGE_LOOP('',(#17649,#17650,#17652,#17654));
#17656=FACE_OUTER_BOUND('',#17655,.F.);
#17658=CARTESIAN_POINT('',(-2.54E1,-1.105E1,-2.E1));
#17659=DIRECTION('',(0.E0,0.E0,1.E0));
#17660=DIRECTION('',(1.E0,0.E0,0.E0));
#17661=AXIS2_PLACEMENT_3D('',#17658,#17659,#17660);
#17662=CYLINDRICAL_SURFACE('',#17661,5.E0);
#17663=ORIENTED_EDGE('',*,*,#17651,.T.);
#17664=ORIENTED_EDGE('',*,*,#17625,.F.);
#17665=ORIENTED_EDGE('',*,*,#15680,.T.);
#17667=ORIENTED_EDGE('',*,*,#17666,.T.);
#17668=EDGE_LOOP('',(#17663,#17664,#17665,#17667));
#17669=FACE_OUTER_BOUND('',#17668,.F.);
#17671=CARTESIAN_POINT('',(-2.54E1,-1.605E1,-2.E1));
#17672=DIRECTION('',(0.E0,-1.E0,0.E0));
#17673=DIRECTION('',(1.E0,0.E0,0.E0));
#17674=AXIS2_PLACEMENT_3D('',#17671,#17672,#17673);
#17675=PLANE('',#17674);
#17677=ORIENTED_EDGE('',*,*,#17676,.T.);
#17678=ORIENTED_EDGE('',*,*,#17666,.F.);
#17679=ORIENTED_EDGE('',*,*,#15678,.T.);
#17681=ORIENTED_EDGE('',*,*,#17680,.T.);
#17682=EDGE_LOOP('',(#17677,#17678,#17679,#17681));
#17683=FACE_OUTER_BOUND('',#17682,.F.);
#17685=CARTESIAN_POINT('',(2.556777876347E1,-1.555E1,-2.15E1));
#17686=DIRECTION('',(-1.E0,0.E0,0.E0));
#17687=DIRECTION('',(0.E0,0.E0,-1.E0));
#17688=AXIS2_PLACEMENT_3D('',#17685,#17686,#17687);
#17689=CYLINDRICAL_SURFACE('',#17688,5.E-1);
#17690=ORIENTED_EDGE('',*,*,#15932,.T.);
#17691=ORIENTED_EDGE('',*,*,#17653,.T.);
#17692=ORIENTED_EDGE('',*,*,#17676,.F.);
#17694=ORIENTED_EDGE('',*,*,#17693,.F.);
#17695=EDGE_LOOP('',(#17690,#17691,#17692,#17694));
#17696=FACE_OUTER_BOUND('',#17695,.F.);
#17698=CARTESIAN_POINT('',(2.54E1,-1.105E1,-2.15E1));
#17699=DIRECTION('',(0.E0,0.E0,1.E0));
#17700=DIRECTION('',(9.994370585557E-1,3.354945581555E-2,0.E0));
#17701=AXIS2_PLACEMENT_3D('',#17698,#17699,#17700);
#17702=TOROIDAL_SURFACE('',#17701,4.5E0,5.E-1);
#17703=ORIENTED_EDGE('',*,*,#15934,.T.);
#17704=ORIENTED_EDGE('',*,*,#17693,.T.);
#17706=ORIENTED_EDGE('',*,*,#17705,.F.);
#17708=ORIENTED_EDGE('',*,*,#17707,.F.);
#17709=EDGE_LOOP('',(#17703,#17704,#17706,#17708));
#17710=FACE_OUTER_BOUND('',#17709,.F.);
#17712=CARTESIAN_POINT('',(2.54E1,-1.105E1,-2.E1));
#17713=DIRECTION('',(0.E0,0.E0,1.E0));
#17714=DIRECTION('',(1.E0,0.E0,0.E0));
#17715=AXIS2_PLACEMENT_3D('',#17712,#17713,#17714);
#17716=CYLINDRICAL_SURFACE('',#17715,5.E0);
#17717=ORIENTED_EDGE('',*,*,#17705,.T.);
#17718=ORIENTED_EDGE('',*,*,#17680,.F.);
#17719=ORIENTED_EDGE('',*,*,#15676,.T.);
#17720=ORIENTED_EDGE('',*,*,#17072,.T.);
#17721=EDGE_LOOP('',(#17717,#17718,#17719,#17720));
#17722=FACE_OUTER_BOUND('',#17721,.F.);
#17724=CARTESIAN_POINT('',(2.99E1,5.789556E1,-2.15E1));
#17725=DIRECTION('',(0.E0,-1.E0,0.E0));
#17726=DIRECTION('',(0.E0,0.E0,-1.E0));
#17727=AXIS2_PLACEMENT_3D('',#17724,#17725,#17726);
#17728=CYLINDRICAL_SURFACE('',#17727,5.E-1);
#17729=ORIENTED_EDGE('',*,*,#15936,.T.);
#17730=ORIENTED_EDGE('',*,*,#17707,.T.);
#17731=ORIENTED_EDGE('',*,*,#17070,.F.);
#17733=ORIENTED_EDGE('',*,*,#17732,.T.);
#17734=EDGE_LOOP('',(#17729,#17730,#17731,#17733));
#17735=FACE_OUTER_BOUND('',#17734,.F.);
#17737=CARTESIAN_POINT('',(3.04E1,-8.400000000001E0,-2.2E1));
#17738=DIRECTION('',(0.E0,-1.E0,0.E0));
#17739=DIRECTION('',(-1.E0,0.E0,0.E0));
#17740=AXIS2_PLACEMENT_3D('',#17737,#17738,#17739);
#17741=PLANE('',#17740);
#17742=ORIENTED_EDGE('',*,*,#15938,.F.);
#17743=ORIENTED_EDGE('',*,*,#17732,.F.);
#17744=ORIENTED_EDGE('',*,*,#17068,.T.);
#17745=ORIENTED_EDGE('',*,*,#17343,.T.);
#17747=ORIENTED_EDGE('',*,*,#17746,.F.);
#17748=EDGE_LOOP('',(#17742,#17743,#17744,#17745,#17747));
#17749=FACE_OUTER_BOUND('',#17748,.F.);
#17751=CARTESIAN_POINT('',(2.860440890611E1,-9.400000000001E0,-2.2E1));
#17752=DIRECTION('',(0.E0,0.E0,-1.E0));
#17753=DIRECTION('',(-1.E0,0.E0,0.E0));
#17754=AXIS2_PLACEMENT_3D('',#17751,#17752,#17753);
#17755=CYLINDRICAL_SURFACE('',#17754,1.E0);
#17756=ORIENTED_EDGE('',*,*,#15940,.T.);
#17757=ORIENTED_EDGE('',*,*,#17746,.T.);
#17758=ORIENTED_EDGE('',*,*,#17341,.T.);
#17760=ORIENTED_EDGE('',*,*,#17759,.T.);
#17761=EDGE_LOOP('',(#17756,#17757,#17758,#17760));
#17762=FACE_OUTER_BOUND('',#17761,.F.);
#17764=CARTESIAN_POINT('',(2.52E1,-7.300000000001E0,-2.2E1));
#17765=DIRECTION('',(0.E0,0.E0,1.E0));
#17766=DIRECTION('',(1.E0,0.E0,0.E0));
#17767=AXIS2_PLACEMENT_3D('',#17764,#17765,#17766);
#17768=CYLINDRICAL_SURFACE('',#17767,3.E0);
#17770=ORIENTED_EDGE('',*,*,#17769,.T.);
#17771=ORIENTED_EDGE('',*,*,#17126,.F.);
#17772=ORIENTED_EDGE('',*,*,#15942,.T.);
#17773=ORIENTED_EDGE('',*,*,#17759,.F.);
#17774=ORIENTED_EDGE('',*,*,#17339,.T.);
#17775=ORIENTED_EDGE('',*,*,#17120,.T.);
#17776=EDGE_LOOP('',(#17770,#17771,#17772,#17773,#17774,#17775));
#17777=FACE_OUTER_BOUND('',#17776,.F.);
#17779=CARTESIAN_POINT('',(2.52E1,-7.300000000001E0,-3.375E1));
#17780=DIRECTION('',(0.E0,0.E0,1.E0));
#17781=DIRECTION('',(9.984365346034E-1,5.589710519501E-2,0.E0));
#17782=AXIS2_PLACEMENT_3D('',#17779,#17780,#17781);
#17783=TOROIDAL_SURFACE('',#17782,2.5E0,5.E-1);
#17784=ORIENTED_EDGE('',*,*,#17181,.T.);
#17785=ORIENTED_EDGE('',*,*,#17141,.T.);
#17786=ORIENTED_EDGE('',*,*,#17769,.F.);
#17787=ORIENTED_EDGE('',*,*,#17138,.F.);
#17788=EDGE_LOOP('',(#17784,#17785,#17786,#17787));
#17789=FACE_OUTER_BOUND('',#17788,.F.);
#17791=CARTESIAN_POINT('',(-2.860440890611E1,-8.400000000001E0,-2.2E1));
#17792=DIRECTION('',(0.E0,-1.E0,0.E0));
#17793=DIRECTION('',(-1.E0,0.E0,0.E0));
#17794=AXIS2_PLACEMENT_3D('',#17791,#17792,#17793);
#17795=PLANE('',#17794);
#17796=ORIENTED_EDGE('',*,*,#17614,.T.);
#17797=ORIENTED_EDGE('',*,*,#17639,.F.);
#17798=ORIENTED_EDGE('',*,*,#15926,.T.);
#17800=ORIENTED_EDGE('',*,*,#17799,.T.);
#17801=ORIENTED_EDGE('',*,*,#17325,.T.);
#17802=EDGE_LOOP('',(#17796,#17797,#17798,#17800,#17801));
#17803=FACE_OUTER_BOUND('',#17802,.F.);
#17805=CARTESIAN_POINT('',(-2.860440890611E1,-9.400000000001E0,-2.2E1));
#17806=DIRECTION('',(0.E0,0.E0,-1.E0));
#17807=DIRECTION('',(-1.E0,0.E0,0.E0));
#17808=AXIS2_PLACEMENT_3D('',#17805,#17806,#17807);
#17809=CYLINDRICAL_SURFACE('',#17808,1.E0);
#17810=ORIENTED_EDGE('',*,*,#15924,.T.);
#17811=ORIENTED_EDGE('',*,*,#17260,.F.);
#17812=ORIENTED_EDGE('',*,*,#17327,.T.);
#17813=ORIENTED_EDGE('',*,*,#17799,.F.);
#17814=EDGE_LOOP('',(#17810,#17811,#17812,#17813));
#17815=FACE_OUTER_BOUND('',#17814,.F.);
#17817=CARTESIAN_POINT('',(-3.04E1,-6.200000000001E0,-2.2E1));
#17818=DIRECTION('',(0.E0,1.E0,0.E0));
#17819=DIRECTION('',(1.E0,0.E0,0.E0));
#17820=AXIS2_PLACEMENT_3D('',#17817,#17818,#17819);
#17821=PLANE('',#17820);
#17822=ORIENTED_EDGE('',*,*,#15916,.F.);
#17824=ORIENTED_EDGE('',*,*,#17823,.F.);
#17825=ORIENTED_EDGE('',*,*,#17617,.T.);
#17826=ORIENTED_EDGE('',*,*,#17321,.T.);
#17828=ORIENTED_EDGE('',*,*,#17827,.F.);
#17829=EDGE_LOOP('',(#17822,#17824,#17825,#17826,#17828));
#17830=FACE_OUTER_BOUND('',#17829,.F.);
#17832=CARTESIAN_POINT('',(-2.99E1,-5.789556E1,-2.15E1));
#17833=DIRECTION('',(0.E0,1.E0,0.E0));
#17834=DIRECTION('',(0.E0,0.E0,-1.E0));
#17835=AXIS2_PLACEMENT_3D('',#17832,#17833,#17834);
#17836=CYLINDRICAL_SURFACE('',#17835,5.E-1);
#17837=ORIENTED_EDGE('',*,*,#17619,.F.);
#17838=ORIENTED_EDGE('',*,*,#17823,.T.);
#17839=ORIENTED_EDGE('',*,*,#15914,.T.);
#17840=ORIENTED_EDGE('',*,*,#17599,.T.);
#17841=EDGE_LOOP('',(#17837,#17838,#17839,#17840));
#17842=FACE_OUTER_BOUND('',#17841,.F.);
#17844=CARTESIAN_POINT('',(-2.860440890611E1,-5.200000000001E0,-2.2E1));
#17845=DIRECTION('',(0.E0,0.E0,-1.E0));
#17846=DIRECTION('',(-1.E0,0.E0,0.E0));
#17847=AXIS2_PLACEMENT_3D('',#17844,#17845,#17846);
#17848=CYLINDRICAL_SURFACE('',#17847,1.E0);
#17849=ORIENTED_EDGE('',*,*,#15918,.T.);
#17850=ORIENTED_EDGE('',*,*,#17827,.T.);
#17851=ORIENTED_EDGE('',*,*,#17319,.T.);
#17852=ORIENTED_EDGE('',*,*,#17242,.T.);
#17853=EDGE_LOOP('',(#17849,#17850,#17851,#17852));
#17854=FACE_OUTER_BOUND('',#17853,.F.);
#17856=CARTESIAN_POINT('',(-2.710440890611E1,1.29E1,-2.2E1));
#17857=DIRECTION('',(0.E0,0.E0,-1.E0));
#17858=DIRECTION('',(-1.E0,0.E0,0.E0));
#17859=AXIS2_PLACEMENT_3D('',#17856,#17857,#17858);
#17860=CYLINDRICAL_SURFACE('',#17859,1.E0);
#17861=ORIENTED_EDGE('',*,*,#15904,.T.);
#17863=ORIENTED_EDGE('',*,*,#17862,.T.);
#17864=ORIENTED_EDGE('',*,*,#17297,.T.);
#17865=ORIENTED_EDGE('',*,*,#17529,.T.);
#17866=EDGE_LOOP('',(#17861,#17863,#17864,#17865));
#17867=FACE_OUTER_BOUND('',#17866,.F.);
#17869=CARTESIAN_POINT('',(-3.032722031170E1,1.19E1,-2.2E1));
#17870=DIRECTION('',(0.E0,1.E0,0.E0));
#17871=DIRECTION('',(1.E0,0.E0,0.E0));
#17872=AXIS2_PLACEMENT_3D('',#17869,#17870,#17871);
#17873=PLANE('',#17872);
#17874=ORIENTED_EDGE('',*,*,#15902,.F.);
#17875=ORIENTED_EDGE('',*,*,#15873,.F.);
#17876=ORIENTED_EDGE('',*,*,#15858,.T.);
#17877=ORIENTED_EDGE('',*,*,#17299,.T.);
#17878=ORIENTED_EDGE('',*,*,#17862,.F.);
#17879=EDGE_LOOP('',(#17874,#17875,#17876,#17877,#17878));
#17880=FACE_OUTER_BOUND('',#17879,.F.);
#17882=CARTESIAN_POINT('',(-2.52E1,-7.300000000001E0,-3.425E1));
#17883=DIRECTION('',(0.E0,0.E0,-1.E0));
#17884=DIRECTION('',(1.E0,0.E0,0.E0));
#17885=AXIS2_PLACEMENT_3D('',#17882,#17883,#17884);
#17886=CYLINDRICAL_SURFACE('',#17885,7.5E-1);
#17887=ORIENTED_EDGE('',*,*,#17157,.F.);
#17889=ORIENTED_EDGE('',*,*,#17888,.T.);
#17891=ORIENTED_EDGE('',*,*,#17890,.T.);
#17893=ORIENTED_EDGE('',*,*,#17892,.F.);
#17894=EDGE_LOOP('',(#17887,#17889,#17891,#17893));
#17895=FACE_OUTER_BOUND('',#17894,.F.);
#17897=CARTESIAN_POINT('',(-2.52E1,-7.300000000001E0,-3.425E1));
#17898=DIRECTION('',(0.E0,0.E0,-1.E0));
#17899=DIRECTION('',(1.E0,0.E0,0.E0));
#17900=AXIS2_PLACEMENT_3D('',#17897,#17898,#17899);
#17901=CYLINDRICAL_SURFACE('',#17900,7.5E-1);
#17902=ORIENTED_EDGE('',*,*,#17159,.F.);
#17903=ORIENTED_EDGE('',*,*,#17892,.T.);
#17905=ORIENTED_EDGE('',*,*,#17904,.T.);
#17906=ORIENTED_EDGE('',*,*,#17888,.F.);
#17907=EDGE_LOOP('',(#17902,#17903,#17905,#17906));
#17908=FACE_OUTER_BOUND('',#17907,.F.);
#17910=CARTESIAN_POINT('',(0.E0,0.E0,-3.625E1));
#17911=DIRECTION('',(0.E0,0.E0,-1.E0));
#17912=DIRECTION('',(1.E0,0.E0,0.E0));
#17913=AXIS2_PLACEMENT_3D('',#17910,#17911,#17912);
#17914=PLANE('',#17913);
#17915=ORIENTED_EDGE('',*,*,#17890,.F.);
#17916=ORIENTED_EDGE('',*,*,#17904,.F.);
#17917=EDGE_LOOP('',(#17915,#17916));
#17918=FACE_OUTER_BOUND('',#17917,.F.);
#17920=CARTESIAN_POINT('',(0.E0,0.E0,-3.625E1));
#17921=DIRECTION('',(0.E0,0.E0,-1.E0));
#17922=DIRECTION('',(1.E0,0.E0,0.E0));
#17923=AXIS2_PLACEMENT_3D('',#17920,#17921,#17922);
#17924=PLANE('',#17923);
#17926=ORIENTED_EDGE('',*,*,#17925,.F.);
#17928=ORIENTED_EDGE('',*,*,#17927,.F.);
#17929=EDGE_LOOP('',(#17926,#17928));
#17930=FACE_OUTER_BOUND('',#17929,.F.);
#17932=CARTESIAN_POINT('',(2.37E1,1.08E1,-3.425E1));
#17933=DIRECTION('',(0.E0,0.E0,-1.E0));
#17934=DIRECTION('',(1.E0,0.E0,0.E0));
#17935=AXIS2_PLACEMENT_3D('',#17932,#17933,#17934);
#17936=CYLINDRICAL_SURFACE('',#17935,7.5E-1);
#17937=ORIENTED_EDGE('',*,*,#17198,.F.);
#17939=ORIENTED_EDGE('',*,*,#17938,.T.);
#17940=ORIENTED_EDGE('',*,*,#17925,.T.);
#17942=ORIENTED_EDGE('',*,*,#17941,.F.);
#17943=EDGE_LOOP('',(#17937,#17939,#17940,#17942));
#17944=FACE_OUTER_BOUND('',#17943,.F.);
#17946=CARTESIAN_POINT('',(2.37E1,1.08E1,-3.425E1));
#17947=DIRECTION('',(0.E0,0.E0,-1.E0));
#17948=DIRECTION('',(1.E0,0.E0,0.E0));
#17949=AXIS2_PLACEMENT_3D('',#17946,#17947,#17948);
#17950=CYLINDRICAL_SURFACE('',#17949,7.5E-1);
#17951=ORIENTED_EDGE('',*,*,#17200,.F.);
#17952=ORIENTED_EDGE('',*,*,#17941,.T.);
#17953=ORIENTED_EDGE('',*,*,#17927,.T.);
#17954=ORIENTED_EDGE('',*,*,#17938,.F.);
#17955=EDGE_LOOP('',(#17951,#17952,#17953,#17954));
#17956=FACE_OUTER_BOUND('',#17955,.F.);
#17958=CARTESIAN_POINT('',(2.37E1,1.08E1,-2.E1));
#17959=DIRECTION('',(0.E0,0.E0,1.E0));
#17960=DIRECTION('',(1.E0,0.E0,0.E0));
#17961=AXIS2_PLACEMENT_3D('',#17958,#17959,#17960);
#17962=CYLINDRICAL_SURFACE('',#17961,1.6E0);
#17963=ORIENTED_EDGE('',*,*,#15711,.T.);
#17964=ORIENTED_EDGE('',*,*,#15658,.T.);
#17965=ORIENTED_EDGE('',*,*,#15643,.T.);
#17966=ORIENTED_EDGE('',*,*,#15655,.F.);
#17967=EDGE_LOOP('',(#17963,#17964,#17965,#17966));
#17968=FACE_OUTER_BOUND('',#17967,.F.);
#17970=CARTESIAN_POINT('',(2.52E1,-7.300000000001E0,-2.E1));
#17971=DIRECTION('',(0.E0,0.E0,1.E0));
#17972=DIRECTION('',(1.E0,0.E0,0.E0));
#17973=AXIS2_PLACEMENT_3D('',#17970,#17971,#17972);
#17974=CYLINDRICAL_SURFACE('',#17973,1.6E0);
#17975=ORIENTED_EDGE('',*,*,#15721,.T.);
#17977=ORIENTED_EDGE('',*,*,#17976,.T.);
#17978=ORIENTED_EDGE('',*,*,#15614,.T.);
#17980=ORIENTED_EDGE('',*,*,#17979,.F.);
#17981=EDGE_LOOP('',(#17975,#17977,#17978,#17980));
#17982=FACE_OUTER_BOUND('',#17981,.F.);
#17984=CARTESIAN_POINT('',(2.52E1,-7.300000000001E0,-2.E1));
#17985=DIRECTION('',(0.E0,0.E0,1.E0));
#17986=DIRECTION('',(1.E0,0.E0,0.E0));
#17987=AXIS2_PLACEMENT_3D('',#17984,#17985,#17986);
#17988=CYLINDRICAL_SURFACE('',#17987,1.6E0);
#17989=ORIENTED_EDGE('',*,*,#15723,.T.);
#17990=ORIENTED_EDGE('',*,*,#17979,.T.);
#17991=ORIENTED_EDGE('',*,*,#15616,.T.);
#17992=ORIENTED_EDGE('',*,*,#17976,.F.);
#17993=EDGE_LOOP('',(#17989,#17990,#17991,#17992));
#17994=FACE_OUTER_BOUND('',#17993,.F.);
#17996=CARTESIAN_POINT('',(-2.37E1,1.08E1,-2.E1));
#17997=DIRECTION('',(0.E0,0.E0,1.E0));
#17998=DIRECTION('',(1.E0,0.E0,0.E0));
#17999=AXIS2_PLACEMENT_3D('',#17996,#17997,#17998);
#18000=CYLINDRICAL_SURFACE('',#17999,1.6E0);
#18001=ORIENTED_EDGE('',*,*,#15733,.T.);
#18003=ORIENTED_EDGE('',*,*,#18002,.T.);
#18004=ORIENTED_EDGE('',*,*,#15555,.T.);
#18006=ORIENTED_EDGE('',*,*,#18005,.F.);
#18007=EDGE_LOOP('',(#18001,#18003,#18004,#18006));
#18008=FACE_OUTER_BOUND('',#18007,.F.);
#18010=CARTESIAN_POINT('',(-2.37E1,1.08E1,-2.E1));
#18011=DIRECTION('',(0.E0,0.E0,1.E0));
#18012=DIRECTION('',(1.E0,0.E0,0.E0));
#18013=AXIS2_PLACEMENT_3D('',#18010,#18011,#18012);
#18014=CYLINDRICAL_SURFACE('',#18013,1.6E0);
#18015=ORIENTED_EDGE('',*,*,#15735,.T.);
#18016=ORIENTED_EDGE('',*,*,#18005,.T.);
#18017=ORIENTED_EDGE('',*,*,#15557,.T.);
#18018=ORIENTED_EDGE('',*,*,#18002,.F.);
#18019=EDGE_LOOP('',(#18015,#18016,#18017,#18018));
#18020=FACE_OUTER_BOUND('',#18019,.F.);
#18022=CARTESIAN_POINT('',(-2.52E1,-7.300000000001E0,-2.E1));
#18023=DIRECTION('',(0.E0,0.E0,1.E0));
#18024=DIRECTION('',(1.E0,0.E0,0.E0));
#18025=AXIS2_PLACEMENT_3D('',#18022,#18023,#18024);
#18026=CYLINDRICAL_SURFACE('',#18025,1.6E0);
#18027=ORIENTED_EDGE('',*,*,#15745,.T.);
#18029=ORIENTED_EDGE('',*,*,#18028,.T.);
#18030=ORIENTED_EDGE('',*,*,#15585,.T.);
#18032=ORIENTED_EDGE('',*,*,#18031,.F.);
#18033=EDGE_LOOP('',(#18027,#18029,#18030,#18032));
#18034=FACE_OUTER_BOUND('',#18033,.F.);
#18036=CARTESIAN_POINT('',(-2.52E1,-7.300000000001E0,-2.E1));
#18037=DIRECTION('',(0.E0,0.E0,1.E0));
#18038=DIRECTION('',(1.E0,0.E0,0.E0));
#18039=AXIS2_PLACEMENT_3D('',#18036,#18037,#18038);
#18040=CYLINDRICAL_SURFACE('',#18039,1.6E0);
#18041=ORIENTED_EDGE('',*,*,#15747,.T.);
#18042=ORIENTED_EDGE('',*,*,#18031,.T.);
#18043=ORIENTED_EDGE('',*,*,#15587,.T.);
#18044=ORIENTED_EDGE('',*,*,#18028,.F.);
#18045=EDGE_LOOP('',(#18041,#18042,#18043,#18044));
#18046=FACE_OUTER_BOUND('',#18045,.F.);
#18048=CARTESIAN_POINT('',(2.37E1,1.08E1,-2.E1));
#18049=DIRECTION('',(0.E0,0.E0,1.E0));
#18050=DIRECTION('',(1.E0,0.E0,0.E0));
#18051=AXIS2_PLACEMENT_3D('',#18048,#18049,#18050);
#18052=CYLINDRICAL_SURFACE('',#18051,3.25E0);
#18053=ORIENTED_EDGE('',*,*,#15775,.F.);
#18055=ORIENTED_EDGE('',*,*,#18054,.T.);
#18056=ORIENTED_EDGE('',*,*,#15633,.T.);
#18058=ORIENTED_EDGE('',*,*,#18057,.F.);
#18059=EDGE_LOOP('',(#18053,#18055,#18056,#18058));
#18060=FACE_OUTER_BOUND('',#18059,.F.);
#18062=CARTESIAN_POINT('',(2.27E1,6.669322089535E0,-2.E1));
#18063=DIRECTION('',(0.E0,0.E0,1.E0));
#18064=DIRECTION('',(1.E0,0.E0,0.E0));
#18065=AXIS2_PLACEMENT_3D('',#18062,#18063,#18064);
#18066=CYLINDRICAL_SURFACE('',#18065,1.E0);
#18067=ORIENTED_EDGE('',*,*,#15839,.T.);
#18069=ORIENTED_EDGE('',*,*,#18068,.F.);
#18070=ORIENTED_EDGE('',*,*,#15506,.T.);
#18071=ORIENTED_EDGE('',*,*,#15635,.T.);
#18072=ORIENTED_EDGE('',*,*,#18054,.F.);
#18073=EDGE_LOOP('',(#18067,#18069,#18070,#18071,#18072));
#18074=FACE_OUTER_BOUND('',#18073,.F.);
#18076=CARTESIAN_POINT('',(1.55E1,5.6E0,-1.95E1));
#18077=DIRECTION('',(0.E0,0.E0,1.E0));
#18078=DIRECTION('',(-1.728726351594E-2,9.998505640945E-1,0.E0));
#18079=AXIS2_PLACEMENT_3D('',#18076,#18077,#18078);
#18080=TOROIDAL_SURFACE('',#18079,6.7E0,5.E-1);
#18081=ORIENTED_EDGE('',*,*,#15372,.T.);
#18083=ORIENTED_EDGE('',*,*,#18082,.T.);
#18084=ORIENTED_EDGE('',*,*,#15784,.T.);
#18085=EDGE_LOOP('',(#18081,#18083,#18084));
#18086=FACE_OUTER_BOUND('',#18085,.F.);
#18088=CARTESIAN_POINT('',(1.55E1,5.6E0,-1.95E1));
#18089=DIRECTION('',(0.E0,0.E0,1.E0));
#18090=DIRECTION('',(-1.728726351594E-2,9.998505640945E-1,0.E0));
#18091=AXIS2_PLACEMENT_3D('',#18088,#18089,#18090);
#18092=TOROIDAL_SURFACE('',#18091,6.7E0,5.E-1);
#18093=ORIENTED_EDGE('',*,*,#15508,.T.);
#18094=ORIENTED_EDGE('',*,*,#18068,.T.);
#18095=ORIENTED_EDGE('',*,*,#15837,.T.);
#18097=ORIENTED_EDGE('',*,*,#18096,.F.);
#18098=EDGE_LOOP('',(#18093,#18094,#18095,#18097));
#18099=FACE_OUTER_BOUND('',#18098,.F.);
#18101=CARTESIAN_POINT('',(-1.560718637302E1,1.23E1,-1.95E1));
#18102=DIRECTION('',(1.E0,0.E0,0.E0));
#18103=DIRECTION('',(0.E0,-1.E0,0.E0));
#18104=AXIS2_PLACEMENT_3D('',#18101,#18102,#18103);
#18105=CYLINDRICAL_SURFACE('',#18104,5.E-1);
#18106=ORIENTED_EDGE('',*,*,#15370,.F.);
#18108=ORIENTED_EDGE('',*,*,#18107,.T.);
#18109=ORIENTED_EDGE('',*,*,#15786,.T.);
#18110=ORIENTED_EDGE('',*,*,#18082,.F.);
#18111=EDGE_LOOP('',(#18106,#18108,#18109,#18110));
#18112=FACE_OUTER_BOUND('',#18111,.F.);
#18114=CARTESIAN_POINT('',(-1.55E1,5.6E0,-1.95E1));
#18115=DIRECTION('',(0.E0,0.E0,1.E0));
#18116=DIRECTION('',(-9.998505640945E-1,-1.728726351594E-2,0.E0));
#18117=AXIS2_PLACEMENT_3D('',#18114,#18115,#18116);
#18118=TOROIDAL_SURFACE('',#18117,6.7E0,5.E-1);
#18120=ORIENTED_EDGE('',*,*,#18119,.T.);
#18122=ORIENTED_EDGE('',*,*,#18121,.T.);
#18123=ORIENTED_EDGE('',*,*,#15801,.T.);
#18125=ORIENTED_EDGE('',*,*,#18124,.T.);
#18126=EDGE_LOOP('',(#18120,#18122,#18123,#18125));
#18127=FACE_OUTER_BOUND('',#18126,.F.);
#18129=CARTESIAN_POINT('',(-1.55E1,5.6E0,-1.95E1));
#18130=DIRECTION('',(0.E0,0.E0,1.E0));
#18131=DIRECTION('',(-9.998505640945E-1,-1.728726351594E-2,0.E0));
#18132=AXIS2_PLACEMENT_3D('',#18129,#18130,#18131);
#18133=TOROIDAL_SURFACE('',#18132,6.7E0,5.E-1);
#18134=ORIENTED_EDGE('',*,*,#15368,.T.);
#18135=ORIENTED_EDGE('',*,*,#15788,.T.);
#18136=ORIENTED_EDGE('',*,*,#18107,.F.);
#18137=EDGE_LOOP('',(#18134,#18135,#18136));
#18138=FACE_OUTER_BOUND('',#18137,.F.);
#18140=CARTESIAN_POINT('',(-2.17E1,5.6E0,0.E0));
#18141=DIRECTION('',(-1.E0,0.E0,0.E0));
#18142=DIRECTION('',(0.E0,-1.E0,0.E0));
#18143=AXIS2_PLACEMENT_3D('',#18140,#18141,#18142);
#18144=PLANE('',#18143);
#18145=ORIENTED_EDGE('',*,*,#15435,.T.);
#18147=ORIENTED_EDGE('',*,*,#18146,.T.);
#18148=ORIENTED_EDGE('',*,*,#15579,.F.);
#18150=ORIENTED_EDGE('',*,*,#18149,.F.);
#18152=ORIENTED_EDGE('',*,*,#18151,.T.);
#18153=ORIENTED_EDGE('',*,*,#18119,.F.);
#18155=ORIENTED_EDGE('',*,*,#18154,.T.);
#18156=ORIENTED_EDGE('',*,*,#15539,.T.);
#18157=ORIENTED_EDGE('',*,*,#15406,.F.);
#18158=EDGE_LOOP('',(#18145,#18147,#18148,#18150,#18152,#18153,#18155,#18156,
#18157));
#18159=FACE_OUTER_BOUND('',#18158,.F.);
#18161=CARTESIAN_POINT('',(-1.55E1,-5.6E0,0.E0));
#18162=DIRECTION('',(0.E0,0.E0,1.E0));
#18163=DIRECTION('',(1.E0,0.E0,0.E0));
#18164=AXIS2_PLACEMENT_3D('',#18161,#18162,#18163);
#18165=CYLINDRICAL_SURFACE('',#18164,6.2E0);
#18166=ORIENTED_EDGE('',*,*,#15449,.T.);
#18168=ORIENTED_EDGE('',*,*,#18167,.T.);
#18170=ORIENTED_EDGE('',*,*,#18169,.T.);
#18172=ORIENTED_EDGE('',*,*,#18171,.T.);
#18173=ORIENTED_EDGE('',*,*,#15581,.F.);
#18174=ORIENTED_EDGE('',*,*,#18146,.F.);
#18175=EDGE_LOOP('',(#18166,#18168,#18170,#18172,#18173,#18174));
#18176=FACE_OUTER_BOUND('',#18175,.F.);
#18178=CARTESIAN_POINT('',(-1.55E1,-1.18E1,0.E0));
#18179=DIRECTION('',(0.E0,-1.E0,0.E0));
#18180=DIRECTION('',(1.E0,0.E0,0.E0));
#18181=AXIS2_PLACEMENT_3D('',#18178,#18179,#18180);
#18182=PLANE('',#18181);
#18183=ORIENTED_EDGE('',*,*,#15463,.T.);
#18185=ORIENTED_EDGE('',*,*,#18184,.T.);
#18187=ORIENTED_EDGE('',*,*,#18186,.T.);
#18188=ORIENTED_EDGE('',*,*,#18167,.F.);
#18189=EDGE_LOOP('',(#18183,#18185,#18187,#18188));
#18190=FACE_OUTER_BOUND('',#18189,.F.);
#18192=CARTESIAN_POINT('',(1.55E1,-5.6E0,0.E0));
#18193=DIRECTION('',(0.E0,0.E0,1.E0));
#18194=DIRECTION('',(1.E0,0.E0,0.E0));
#18195=AXIS2_PLACEMENT_3D('',#18192,#18193,#18194);
#18196=CYLINDRICAL_SURFACE('',#18195,6.2E0);
#18197=ORIENTED_EDGE('',*,*,#15477,.T.);
#18198=ORIENTED_EDGE('',*,*,#15516,.T.);
#18199=ORIENTED_EDGE('',*,*,#15609,.F.);
#18201=ORIENTED_EDGE('',*,*,#18200,.F.);
#18203=ORIENTED_EDGE('',*,*,#18202,.T.);
#18204=ORIENTED_EDGE('',*,*,#18184,.F.);
#18205=EDGE_LOOP('',(#18197,#18198,#18199,#18201,#18203,#18204));
#18206=FACE_OUTER_BOUND('',#18205,.F.);
#18208=CARTESIAN_POINT('',(1.923329613077E1,-1.055E1,-2.E1));
#18209=DIRECTION('',(0.E0,-1.E0,0.E0));
#18210=DIRECTION('',(1.E0,0.E0,0.E0));
#18211=AXIS2_PLACEMENT_3D('',#18208,#18209,#18210);
#18212=PLANE('',#18211);
#18213=ORIENTED_EDGE('',*,*,#18200,.T.);
#18214=ORIENTED_EDGE('',*,*,#15607,.T.);
#18216=ORIENTED_EDGE('',*,*,#18215,.F.);
#18217=ORIENTED_EDGE('',*,*,#15823,.F.);
#18219=ORIENTED_EDGE('',*,*,#18218,.F.);
#18220=EDGE_LOOP('',(#18213,#18214,#18216,#18217,#18219));
#18221=FACE_OUTER_BOUND('',#18220,.F.);
#18223=CARTESIAN_POINT('',(2.52E1,-7.300000000001E0,-2.E1));
#18224=DIRECTION('',(0.E0,0.E0,1.E0));
#18225=DIRECTION('',(1.E0,0.E0,0.E0));
#18226=AXIS2_PLACEMENT_3D('',#18223,#18224,#18225);
#18227=CYLINDRICAL_SURFACE('',#18226,3.25E0);
#18228=ORIENTED_EDGE('',*,*,#15825,.F.);
#18229=ORIENTED_EDGE('',*,*,#18215,.T.);
#18230=ORIENTED_EDGE('',*,*,#15605,.T.);
#18232=ORIENTED_EDGE('',*,*,#18231,.F.);
#18233=EDGE_LOOP('',(#18228,#18229,#18230,#18232));
#18234=FACE_OUTER_BOUND('',#18233,.F.);
#18236=CARTESIAN_POINT('',(2.74E1,-9.692174742782E0,-2.E1));
#18237=DIRECTION('',(1.E0,0.E0,0.E0));
#18238=DIRECTION('',(0.E0,1.E0,0.E0));
#18239=AXIS2_PLACEMENT_3D('',#18236,#18237,#18238);
#18240=PLANE('',#18239);
#18241=ORIENTED_EDGE('',*,*,#15827,.F.);
#18242=ORIENTED_EDGE('',*,*,#18231,.T.);
#18243=ORIENTED_EDGE('',*,*,#15603,.T.);
#18245=ORIENTED_EDGE('',*,*,#18244,.F.);
#18246=EDGE_LOOP('',(#18241,#18242,#18243,#18245));
#18247=FACE_OUTER_BOUND('',#18246,.F.);
#18249=CARTESIAN_POINT('',(2.52E1,-7.300000000001E0,-2.E1));
#18250=DIRECTION('',(0.E0,0.E0,1.E0));
#18251=DIRECTION('',(1.E0,0.E0,0.E0));
#18252=AXIS2_PLACEMENT_3D('',#18249,#18250,#18251);
#18253=CYLINDRICAL_SURFACE('',#18252,3.25E0);
#18254=ORIENTED_EDGE('',*,*,#15829,.F.);
#18255=ORIENTED_EDGE('',*,*,#18244,.T.);
#18256=ORIENTED_EDGE('',*,*,#15601,.T.);
#18258=ORIENTED_EDGE('',*,*,#18257,.F.);
#18259=EDGE_LOOP('',(#18254,#18255,#18256,#18258));
#18260=FACE_OUTER_BOUND('',#18259,.F.);
#18262=CARTESIAN_POINT('',(2.52E1,-4.050000000001E0,-2.E1));
#18263=DIRECTION('',(0.E0,1.E0,0.E0));
#18264=DIRECTION('',(-1.E0,0.E0,0.E0));
#18265=AXIS2_PLACEMENT_3D('',#18262,#18263,#18264);
#18266=PLANE('',#18265);
#18267=ORIENTED_EDGE('',*,*,#15831,.F.);
#18268=ORIENTED_EDGE('',*,*,#18257,.T.);
#18269=ORIENTED_EDGE('',*,*,#15599,.T.);
#18271=ORIENTED_EDGE('',*,*,#18270,.F.);
#18272=EDGE_LOOP('',(#18267,#18268,#18269,#18271));
#18273=FACE_OUTER_BOUND('',#18272,.F.);
#18275=CARTESIAN_POINT('',(2.27E1,-3.050000000001E0,-2.E1));
#18276=DIRECTION('',(0.E0,0.E0,1.E0));
#18277=DIRECTION('',(1.E0,0.E0,0.E0));
#18278=AXIS2_PLACEMENT_3D('',#18275,#18276,#18277);
#18279=CYLINDRICAL_SURFACE('',#18278,1.E0);
#18280=ORIENTED_EDGE('',*,*,#15512,.F.);
#18282=ORIENTED_EDGE('',*,*,#18281,.F.);
#18283=ORIENTED_EDGE('',*,*,#15833,.T.);
#18284=ORIENTED_EDGE('',*,*,#18270,.T.);
#18285=ORIENTED_EDGE('',*,*,#15597,.T.);
#18286=EDGE_LOOP('',(#18280,#18282,#18283,#18284,#18285));
#18287=FACE_OUTER_BOUND('',#18286,.F.);
#18289=CARTESIAN_POINT('',(2.22E1,5.707186373016E0,-1.95E1));
#18290=DIRECTION('',(0.E0,-1.E0,0.E0));
#18291=DIRECTION('',(-1.E0,0.E0,0.E0));
#18292=AXIS2_PLACEMENT_3D('',#18289,#18290,#18291);
#18293=CYLINDRICAL_SURFACE('',#18292,5.E-1);
#18294=ORIENTED_EDGE('',*,*,#18281,.T.);
#18295=ORIENTED_EDGE('',*,*,#15510,.F.);
#18296=ORIENTED_EDGE('',*,*,#18096,.T.);
#18297=ORIENTED_EDGE('',*,*,#15835,.T.);
#18298=EDGE_LOOP('',(#18294,#18295,#18296,#18297));
#18299=FACE_OUTER_BOUND('',#18298,.F.);
#18301=CARTESIAN_POINT('',(1.55E1,-5.6E0,-1.95E1));
#18302=DIRECTION('',(0.E0,0.E0,1.E0));
#18303=DIRECTION('',(9.998505640945E-1,1.728726351594E-2,0.E0));
#18304=AXIS2_PLACEMENT_3D('',#18301,#18302,#18303);
#18305=TOROIDAL_SURFACE('',#18304,6.7E0,5.E-1);
#18306=ORIENTED_EDGE('',*,*,#18218,.T.);
#18307=ORIENTED_EDGE('',*,*,#15821,.T.);
#18309=ORIENTED_EDGE('',*,*,#18308,.F.);
#18310=ORIENTED_EDGE('',*,*,#18202,.F.);
#18311=EDGE_LOOP('',(#18306,#18307,#18309,#18310));
#18312=FACE_OUTER_BOUND('',#18311,.F.);
#18314=CARTESIAN_POINT('',(1.560718637302E1,-1.23E1,-1.95E1));
#18315=DIRECTION('',(-1.E0,0.E0,0.E0));
#18316=DIRECTION('',(0.E0,1.E0,0.E0));
#18317=AXIS2_PLACEMENT_3D('',#18314,#18315,#18316);
#18318=CYLINDRICAL_SURFACE('',#18317,5.E-1);
#18319=ORIENTED_EDGE('',*,*,#18186,.F.);
#18320=ORIENTED_EDGE('',*,*,#18308,.T.);
#18321=ORIENTED_EDGE('',*,*,#15819,.T.);
#18323=ORIENTED_EDGE('',*,*,#18322,.F.);
#18324=EDGE_LOOP('',(#18319,#18320,#18321,#18323));
#18325=FACE_OUTER_BOUND('',#18324,.F.);
#18327=CARTESIAN_POINT('',(-1.55E1,-5.6E0,-1.95E1));
#18328=DIRECTION('',(0.E0,0.E0,1.E0));
#18329=DIRECTION('',(1.728726351594E-2,-9.998505640945E-1,0.E0));
#18330=AXIS2_PLACEMENT_3D('',#18327,#18328,#18329);
#18331=TOROIDAL_SURFACE('',#18330,6.7E0,5.E-1);
#18333=ORIENTED_EDGE('',*,*,#18332,.T.);
#18334=ORIENTED_EDGE('',*,*,#18169,.F.);
#18335=ORIENTED_EDGE('',*,*,#18322,.T.);
#18336=ORIENTED_EDGE('',*,*,#15817,.T.);
#18337=EDGE_LOOP('',(#18333,#18334,#18335,#18336));
#18338=FACE_OUTER_BOUND('',#18337,.F.);
#18340=CARTESIAN_POINT('',(-2.52E1,-1.055E1,-2.E1));
#18341=DIRECTION('',(0.E0,-1.E0,0.E0));
#18342=DIRECTION('',(1.E0,0.E0,0.E0));
#18343=AXIS2_PLACEMENT_3D('',#18340,#18341,#18342);
#18344=PLANE('',#18343);
#18345=ORIENTED_EDGE('',*,*,#18171,.F.);
#18346=ORIENTED_EDGE('',*,*,#18332,.F.);
#18347=ORIENTED_EDGE('',*,*,#15815,.F.);
#18349=ORIENTED_EDGE('',*,*,#18348,.T.);
#18350=ORIENTED_EDGE('',*,*,#15567,.T.);
#18351=EDGE_LOOP('',(#18345,#18346,#18347,#18349,#18350));
#18352=FACE_OUTER_BOUND('',#18351,.F.);
#18354=CARTESIAN_POINT('',(-2.52E1,-7.300000000001E0,-2.E1));
#18355=DIRECTION('',(0.E0,0.E0,1.E0));
#18356=DIRECTION('',(1.E0,0.E0,0.E0));
#18357=AXIS2_PLACEMENT_3D('',#18354,#18355,#18356);
#18358=CYLINDRICAL_SURFACE('',#18357,3.25E0);
#18359=ORIENTED_EDGE('',*,*,#15813,.F.);
#18361=ORIENTED_EDGE('',*,*,#18360,.T.);
#18362=ORIENTED_EDGE('',*,*,#15569,.T.);
#18363=ORIENTED_EDGE('',*,*,#18348,.F.);
#18364=EDGE_LOOP('',(#18359,#18361,#18362,#18363));
#18365=FACE_OUTER_BOUND('',#18364,.F.);
#18367=CARTESIAN_POINT('',(-2.74E1,-4.907825257220E0,-2.E1));
#18368=DIRECTION('',(-1.E0,0.E0,0.E0));
#18369=DIRECTION('',(0.E0,-1.E0,0.E0));
#18370=AXIS2_PLACEMENT_3D('',#18367,#18368,#18369);
#18371=PLANE('',#18370);
#18372=ORIENTED_EDGE('',*,*,#15811,.F.);
#18374=ORIENTED_EDGE('',*,*,#18373,.T.);
#18375=ORIENTED_EDGE('',*,*,#15571,.T.);
#18376=ORIENTED_EDGE('',*,*,#18360,.F.);
#18377=EDGE_LOOP('',(#18372,#18374,#18375,#18376));
#18378=FACE_OUTER_BOUND('',#18377,.F.);
#18380=CARTESIAN_POINT('',(-2.52E1,-7.300000000001E0,-2.E1));
#18381=DIRECTION('',(0.E0,0.E0,1.E0));
#18382=DIRECTION('',(1.E0,0.E0,0.E0));
#18383=AXIS2_PLACEMENT_3D('',#18380,#18381,#18382);
#18384=CYLINDRICAL_SURFACE('',#18383,3.25E0);
#18385=ORIENTED_EDGE('',*,*,#15809,.F.);
#18387=ORIENTED_EDGE('',*,*,#18386,.T.);
#18388=ORIENTED_EDGE('',*,*,#15573,.T.);
#18389=ORIENTED_EDGE('',*,*,#18373,.F.);
#18390=EDGE_LOOP('',(#18385,#18387,#18388,#18389));
#18391=FACE_OUTER_BOUND('',#18390,.F.);
#18393=CARTESIAN_POINT('',(-2.27E1,-4.050000000001E0,-2.E1));
#18394=DIRECTION('',(0.E0,1.E0,0.E0));
#18395=DIRECTION('',(-1.E0,0.E0,0.E0));
#18396=AXIS2_PLACEMENT_3D('',#18393,#18394,#18395);
#18397=PLANE('',#18396);
#18398=ORIENTED_EDGE('',*,*,#15807,.F.);
#18400=ORIENTED_EDGE('',*,*,#18399,.T.);
#18401=ORIENTED_EDGE('',*,*,#15575,.T.);
#18402=ORIENTED_EDGE('',*,*,#18386,.F.);
#18403=EDGE_LOOP('',(#18398,#18400,#18401,#18402));
#18404=FACE_OUTER_BOUND('',#18403,.F.);
#18406=CARTESIAN_POINT('',(-2.27E1,-3.050000000001E0,-2.E1));
#18407=DIRECTION('',(0.E0,0.E0,1.E0));
#18408=DIRECTION('',(1.E0,0.E0,0.E0));
#18409=AXIS2_PLACEMENT_3D('',#18406,#18407,#18408);
#18410=CYLINDRICAL_SURFACE('',#18409,1.E0);
#18411=ORIENTED_EDGE('',*,*,#18149,.T.);
#18412=ORIENTED_EDGE('',*,*,#15577,.T.);
#18413=ORIENTED_EDGE('',*,*,#18399,.F.);
#18414=ORIENTED_EDGE('',*,*,#15805,.T.);
#18416=ORIENTED_EDGE('',*,*,#18415,.F.);
#18417=EDGE_LOOP('',(#18411,#18412,#18413,#18414,#18416));
#18418=FACE_OUTER_BOUND('',#18417,.F.);
#18420=CARTESIAN_POINT('',(-2.22E1,-5.707186373016E0,-1.95E1));
#18421=DIRECTION('',(0.E0,1.E0,0.E0));
#18422=DIRECTION('',(1.E0,0.E0,0.E0));
#18423=AXIS2_PLACEMENT_3D('',#18420,#18421,#18422);
#18424=CYLINDRICAL_SURFACE('',#18423,5.E-1);
#18425=ORIENTED_EDGE('',*,*,#18415,.T.);
#18426=ORIENTED_EDGE('',*,*,#15803,.T.);
#18427=ORIENTED_EDGE('',*,*,#18121,.F.);
#18428=ORIENTED_EDGE('',*,*,#18151,.F.);
#18429=EDGE_LOOP('',(#18425,#18426,#18427,#18428));
#18430=FACE_OUTER_BOUND('',#18429,.F.);
#18432=CARTESIAN_POINT('',(-2.27E1,6.669322089535E0,-2.E1));
#18433=DIRECTION('',(0.E0,0.E0,1.E0));
#18434=DIRECTION('',(1.E0,0.E0,0.E0));
#18435=AXIS2_PLACEMENT_3D('',#18432,#18433,#18434);
#18436=CYLINDRICAL_SURFACE('',#18435,1.E0);
#18437=ORIENTED_EDGE('',*,*,#15799,.T.);
#18439=ORIENTED_EDGE('',*,*,#18438,.T.);
#18440=ORIENTED_EDGE('',*,*,#15541,.T.);
#18441=ORIENTED_EDGE('',*,*,#18154,.F.);
#18442=ORIENTED_EDGE('',*,*,#18124,.F.);
#18443=EDGE_LOOP('',(#18437,#18439,#18440,#18441,#18442));
#18444=FACE_OUTER_BOUND('',#18443,.F.);
#18446=CARTESIAN_POINT('',(-2.37E1,1.08E1,-2.E1));
#18447=DIRECTION('',(0.E0,0.E0,1.E0));
#18448=DIRECTION('',(1.E0,0.E0,0.E0));
#18449=AXIS2_PLACEMENT_3D('',#18446,#18447,#18448);
#18450=CYLINDRICAL_SURFACE('',#18449,3.25E0);
#18451=ORIENTED_EDGE('',*,*,#15797,.F.);
#18453=ORIENTED_EDGE('',*,*,#18452,.T.);
#18454=ORIENTED_EDGE('',*,*,#15543,.T.);
#18455=ORIENTED_EDGE('',*,*,#18438,.F.);
#18456=EDGE_LOOP('',(#18451,#18453,#18454,#18455));
#18457=FACE_OUTER_BOUND('',#18456,.F.);
#18459=CARTESIAN_POINT('',(-2.135479212009E1,1.305E1,-2.E1));
#18460=DIRECTION('',(0.E0,1.E0,0.E0));
#18461=DIRECTION('',(-1.E0,0.E0,0.E0));
#18462=AXIS2_PLACEMENT_3D('',#18459,#18460,#18461);
#18463=PLANE('',#18462);
#18464=ORIENTED_EDGE('',*,*,#15795,.F.);
#18466=ORIENTED_EDGE('',*,*,#18465,.T.);
#18467=ORIENTED_EDGE('',*,*,#15545,.T.);
#18468=ORIENTED_EDGE('',*,*,#18452,.F.);
#18469=EDGE_LOOP('',(#18464,#18466,#18467,#18468));
#18470=FACE_OUTER_BOUND('',#18469,.F.);
#18472=CARTESIAN_POINT('',(-2.37E1,1.08E1,-2.E1));
#18473=DIRECTION('',(0.E0,0.E0,1.E0));
#18474=DIRECTION('',(1.E0,0.E0,0.E0));
#18475=AXIS2_PLACEMENT_3D('',#18472,#18473,#18474);
#18476=CYLINDRICAL_SURFACE('',#18475,3.25E0);
#18477=ORIENTED_EDGE('',*,*,#15793,.F.);
#18479=ORIENTED_EDGE('',*,*,#18478,.T.);
#18480=ORIENTED_EDGE('',*,*,#15547,.T.);
#18481=ORIENTED_EDGE('',*,*,#18465,.F.);
#18482=EDGE_LOOP('',(#18477,#18479,#18480,#18481));
#18483=FACE_OUTER_BOUND('',#18482,.F.);
#18485=CARTESIAN_POINT('',(-1.995E1,1.28E1,-2.E1));
#18486=DIRECTION('',(0.E0,0.E0,1.E0));
#18487=DIRECTION('',(1.E0,0.E0,0.E0));
#18488=AXIS2_PLACEMENT_3D('',#18485,#18486,#18487);
#18489=CYLINDRICAL_SURFACE('',#18488,1.E0);
#18490=ORIENTED_EDGE('',*,*,#15791,.T.);
#18491=ORIENTED_EDGE('',*,*,#15364,.T.);
#18492=ORIENTED_EDGE('',*,*,#15549,.T.);
#18493=ORIENTED_EDGE('',*,*,#18478,.F.);
#18494=EDGE_LOOP('',(#18490,#18491,#18492,#18493));
#18495=FACE_OUTER_BOUND('',#18494,.F.);
#18497=CARTESIAN_POINT('',(2.604520787991E1,1.305E1,-2.E1));
#18498=DIRECTION('',(0.E0,1.E0,0.E0));
#18499=DIRECTION('',(-1.E0,0.E0,0.E0));
#18500=AXIS2_PLACEMENT_3D('',#18497,#18498,#18499);
#18501=PLANE('',#18500);
#18502=ORIENTED_EDGE('',*,*,#15777,.F.);
#18503=ORIENTED_EDGE('',*,*,#18057,.T.);
#18504=ORIENTED_EDGE('',*,*,#15631,.T.);
#18506=ORIENTED_EDGE('',*,*,#18505,.F.);
#18507=EDGE_LOOP('',(#18502,#18503,#18504,#18506));
#18508=FACE_OUTER_BOUND('',#18507,.F.);
#18510=CARTESIAN_POINT('',(2.37E1,1.08E1,-2.E1));
#18511=DIRECTION('',(0.E0,0.E0,1.E0));
#18512=DIRECTION('',(1.E0,0.E0,0.E0));
#18513=AXIS2_PLACEMENT_3D('',#18510,#18511,#18512);
#18514=CYLINDRICAL_SURFACE('',#18513,3.25E0);
#18515=ORIENTED_EDGE('',*,*,#15779,.F.);
#18516=ORIENTED_EDGE('',*,*,#18505,.T.);
#18517=ORIENTED_EDGE('',*,*,#15629,.T.);
#18519=ORIENTED_EDGE('',*,*,#18518,.F.);
#18520=EDGE_LOOP('',(#18515,#18516,#18517,#18519));
#18521=FACE_OUTER_BOUND('',#18520,.F.);
#18523=CARTESIAN_POINT('',(1.995E1,1.28E1,-2.E1));
#18524=DIRECTION('',(0.E0,0.E0,1.E0));
#18525=DIRECTION('',(1.E0,0.E0,0.E0));
#18526=AXIS2_PLACEMENT_3D('',#18523,#18524,#18525);
#18527=CYLINDRICAL_SURFACE('',#18526,1.E0);
#18528=ORIENTED_EDGE('',*,*,#15781,.T.);
#18529=ORIENTED_EDGE('',*,*,#18518,.T.);
#18530=ORIENTED_EDGE('',*,*,#15627,.T.);
#18531=ORIENTED_EDGE('',*,*,#15376,.F.);
#18532=EDGE_LOOP('',(#18528,#18529,#18530,#18531));
#18533=FACE_OUTER_BOUND('',#18532,.F.);
#18535=CARTESIAN_POINT('',(-2.54E1,1.105E1,-2.E1));
#18536=DIRECTION('',(0.E0,0.E0,1.E0));
#18537=DIRECTION('',(1.E0,0.E0,0.E0));
#18538=AXIS2_PLACEMENT_3D('',#18535,#18536,#18537);
#18539=CYLINDRICAL_SURFACE('',#18538,2.3E0);
#18541=ORIENTED_EDGE('',*,*,#18540,.T.);
#18543=ORIENTED_EDGE('',*,*,#18542,.F.);
#18544=ORIENTED_EDGE('',*,*,#15757,.F.);
#18546=ORIENTED_EDGE('',*,*,#18545,.T.);
#18547=EDGE_LOOP('',(#18541,#18543,#18544,#18546));
#18548=FACE_OUTER_BOUND('',#18547,.F.);
#18550=CARTESIAN_POINT('',(-2.54E1,1.105E1,-1.9E1));
#18551=DIRECTION('',(0.E0,0.E0,1.E0));
#18552=DIRECTION('',(-9.973405261898E-1,-7.288260985641E-2,0.E0));
#18553=AXIS2_PLACEMENT_3D('',#18550,#18551,#18552);
#18554=TOROIDAL_SURFACE('',#18553,2.8E0,5.E-1);
#18556=ORIENTED_EDGE('',*,*,#18555,.T.);
#18558=ORIENTED_EDGE('',*,*,#18557,.T.);
#18559=ORIENTED_EDGE('',*,*,#18540,.F.);
#18561=ORIENTED_EDGE('',*,*,#18560,.F.);
#18562=EDGE_LOOP('',(#18556,#18558,#18559,#18561));
#18563=FACE_OUTER_BOUND('',#18562,.F.);
#18565=CARTESIAN_POINT('',(0.E0,0.E0,-1.85E1));
#18566=DIRECTION('',(0.E0,0.E0,1.E0));
#18567=DIRECTION('',(1.E0,0.E0,0.E0));
#18568=AXIS2_PLACEMENT_3D('',#18565,#18566,#18567);
#18569=PLANE('',#18568);
#18571=ORIENTED_EDGE('',*,*,#18570,.F.);
#18573=ORIENTED_EDGE('',*,*,#18572,.F.);
#18575=ORIENTED_EDGE('',*,*,#18574,.F.);
#18577=ORIENTED_EDGE('',*,*,#18576,.F.);
#18579=ORIENTED_EDGE('',*,*,#18578,.F.);
#18581=ORIENTED_EDGE('',*,*,#18580,.F.);
#18583=ORIENTED_EDGE('',*,*,#18582,.F.);
#18585=ORIENTED_EDGE('',*,*,#18584,.F.);
#18586=EDGE_LOOP('',(#18571,#18573,#18575,#18577,#18579,#18581,#18583,#18585));
#18587=FACE_OUTER_BOUND('',#18586,.F.);
#18588=ORIENTED_EDGE('',*,*,#18555,.F.);
#18590=ORIENTED_EDGE('',*,*,#18589,.F.);
#18592=ORIENTED_EDGE('',*,*,#18591,.F.);
#18594=ORIENTED_EDGE('',*,*,#18593,.F.);
#18596=ORIENTED_EDGE('',*,*,#18595,.F.);
#18598=ORIENTED_EDGE('',*,*,#18597,.F.);
#18600=ORIENTED_EDGE('',*,*,#18599,.F.);
#18602=ORIENTED_EDGE('',*,*,#18601,.F.);
#18603=EDGE_LOOP('',(#18588,#18590,#18592,#18594,#18596,#18598,#18600,#18602));
#18604=FACE_BOUND('',#18603,.F.);
#18606=CARTESIAN_POINT('',(-2.82E1,-1.116810784349E1,-1.9E1));
#18607=DIRECTION('',(0.E0,1.E0,0.E0));
#18608=DIRECTION('',(0.E0,0.E0,1.E0));
#18609=AXIS2_PLACEMENT_3D('',#18606,#18607,#18608);
#18610=CYLINDRICAL_SURFACE('',#18609,5.E-1);
#18611=ORIENTED_EDGE('',*,*,#18589,.T.);
#18612=ORIENTED_EDGE('',*,*,#18560,.T.);
#18614=ORIENTED_EDGE('',*,*,#18613,.F.);
#18616=ORIENTED_EDGE('',*,*,#18615,.F.);
#18617=EDGE_LOOP('',(#18611,#18612,#18614,#18616));
#18618=FACE_OUTER_BOUND('',#18617,.F.);
#18620=CARTESIAN_POINT('',(-2.77E1,-1.105E1,-2.E1));
#18621=DIRECTION('',(1.E0,0.E0,0.E0));
#18622=DIRECTION('',(0.E0,1.E0,0.E0));
#18623=AXIS2_PLACEMENT_3D('',#18620,#18621,#18622);
#18624=PLANE('',#18623);
#18625=ORIENTED_EDGE('',*,*,#18613,.T.);
#18626=ORIENTED_EDGE('',*,*,#18545,.F.);
#18627=ORIENTED_EDGE('',*,*,#15771,.F.);
#18629=ORIENTED_EDGE('',*,*,#18628,.T.);
#18630=EDGE_LOOP('',(#18625,#18626,#18627,#18629));
#18631=FACE_OUTER_BOUND('',#18630,.F.);
#18633=CARTESIAN_POINT('',(-2.54E1,-1.105E1,-2.E1));
#18634=DIRECTION('',(0.E0,0.E0,1.E0));
#18635=DIRECTION('',(1.E0,0.E0,0.E0));
#18636=AXIS2_PLACEMENT_3D('',#18633,#18634,#18635);
#18637=CYLINDRICAL_SURFACE('',#18636,2.3E0);
#18639=ORIENTED_EDGE('',*,*,#18638,.T.);
#18640=ORIENTED_EDGE('',*,*,#18628,.F.);
#18641=ORIENTED_EDGE('',*,*,#15769,.F.);
#18643=ORIENTED_EDGE('',*,*,#18642,.T.);
#18644=EDGE_LOOP('',(#18639,#18640,#18641,#18643));
#18645=FACE_OUTER_BOUND('',#18644,.F.);
#18647=CARTESIAN_POINT('',(-2.54E1,-1.105E1,-1.9E1));
#18648=DIRECTION('',(0.E0,0.E0,1.E0));
#18649=DIRECTION('',(7.288260985641E-2,-9.973405261898E-1,0.E0));
#18650=AXIS2_PLACEMENT_3D('',#18647,#18648,#18649);
#18651=TOROIDAL_SURFACE('',#18650,2.8E0,5.E-1);
#18652=ORIENTED_EDGE('',*,*,#18591,.T.);
#18653=ORIENTED_EDGE('',*,*,#18615,.T.);
#18654=ORIENTED_EDGE('',*,*,#18638,.F.);
#18656=ORIENTED_EDGE('',*,*,#18655,.F.);
#18657=EDGE_LOOP('',(#18652,#18653,#18654,#18656));
#18658=FACE_OUTER_BOUND('',#18657,.F.);
#18660=CARTESIAN_POINT('',(2.551810784349E1,-1.385E1,-1.9E1));
#18661=DIRECTION('',(-1.E0,0.E0,0.E0));
#18662=DIRECTION('',(0.E0,0.E0,1.E0));
#18663=AXIS2_PLACEMENT_3D('',#18660,#18661,#18662);
#18664=CYLINDRICAL_SURFACE('',#18663,5.E-1);
#18665=ORIENTED_EDGE('',*,*,#18593,.T.);
#18666=ORIENTED_EDGE('',*,*,#18655,.T.);
#18668=ORIENTED_EDGE('',*,*,#18667,.F.);
#18670=ORIENTED_EDGE('',*,*,#18669,.F.);
#18671=EDGE_LOOP('',(#18665,#18666,#18668,#18670));
#18672=FACE_OUTER_BOUND('',#18671,.F.);
#18674=CARTESIAN_POINT('',(2.54E1,-1.335E1,-2.E1));
#18675=DIRECTION('',(0.E0,1.E0,0.E0));
#18676=DIRECTION('',(-1.E0,0.E0,0.E0));
#18677=AXIS2_PLACEMENT_3D('',#18674,#18675,#18676);
#18678=PLANE('',#18677);
#18679=ORIENTED_EDGE('',*,*,#18667,.T.);
#18680=ORIENTED_EDGE('',*,*,#18642,.F.);
#18681=ORIENTED_EDGE('',*,*,#15767,.F.);
#18683=ORIENTED_EDGE('',*,*,#18682,.T.);
#18684=EDGE_LOOP('',(#18679,#18680,#18681,#18683));
#18685=FACE_OUTER_BOUND('',#18684,.F.);
#18687=CARTESIAN_POINT('',(2.54E1,-1.105E1,-2.E1));
#18688=DIRECTION('',(0.E0,0.E0,1.E0));
#18689=DIRECTION('',(1.E0,0.E0,0.E0));
#18690=AXIS2_PLACEMENT_3D('',#18687,#18688,#18689);
#18691=CYLINDRICAL_SURFACE('',#18690,2.3E0);
#18693=ORIENTED_EDGE('',*,*,#18692,.T.);
#18694=ORIENTED_EDGE('',*,*,#18682,.F.);
#18695=ORIENTED_EDGE('',*,*,#15765,.F.);
#18697=ORIENTED_EDGE('',*,*,#18696,.T.);
#18698=EDGE_LOOP('',(#18693,#18694,#18695,#18697));
#18699=FACE_OUTER_BOUND('',#18698,.F.);
#18701=CARTESIAN_POINT('',(2.54E1,-1.105E1,-1.9E1));
#18702=DIRECTION('',(0.E0,0.E0,1.E0));
#18703=DIRECTION('',(9.973405261898E-1,7.288260985641E-2,0.E0));
#18704=AXIS2_PLACEMENT_3D('',#18701,#18702,#18703);
#18705=TOROIDAL_SURFACE('',#18704,2.8E0,5.E-1);
#18706=ORIENTED_EDGE('',*,*,#18595,.T.);
#18707=ORIENTED_EDGE('',*,*,#18669,.T.);
#18708=ORIENTED_EDGE('',*,*,#18692,.F.);
#18710=ORIENTED_EDGE('',*,*,#18709,.F.);
#18711=EDGE_LOOP('',(#18706,#18707,#18708,#18710));
#18712=FACE_OUTER_BOUND('',#18711,.F.);
#18714=CARTESIAN_POINT('',(2.82E1,1.116810784349E1,-1.9E1));
#18715=DIRECTION('',(0.E0,-1.E0,0.E0));
#18716=DIRECTION('',(0.E0,0.E0,1.E0));
#18717=AXIS2_PLACEMENT_3D('',#18714,#18715,#18716);
#18718=CYLINDRICAL_SURFACE('',#18717,5.E-1);
#18719=ORIENTED_EDGE('',*,*,#18597,.T.);
#18720=ORIENTED_EDGE('',*,*,#18709,.T.);
#18722=ORIENTED_EDGE('',*,*,#18721,.F.);
#18724=ORIENTED_EDGE('',*,*,#18723,.F.);
#18725=EDGE_LOOP('',(#18719,#18720,#18722,#18724));
#18726=FACE_OUTER_BOUND('',#18725,.F.);
#18728=CARTESIAN_POINT('',(2.77E1,1.105E1,-2.E1));
#18729=DIRECTION('',(-1.E0,0.E0,0.E0));
#18730=DIRECTION('',(0.E0,-1.E0,0.E0));
#18731=AXIS2_PLACEMENT_3D('',#18728,#18729,#18730);
#18732=PLANE('',#18731);
#18733=ORIENTED_EDGE('',*,*,#18721,.T.);
#18734=ORIENTED_EDGE('',*,*,#18696,.F.);
#18735=ORIENTED_EDGE('',*,*,#15763,.F.);
#18737=ORIENTED_EDGE('',*,*,#18736,.T.);
#18738=EDGE_LOOP('',(#18733,#18734,#18735,#18737));
#18739=FACE_OUTER_BOUND('',#18738,.F.);
#18741=CARTESIAN_POINT('',(2.54E1,1.105E1,-2.E1));
#18742=DIRECTION('',(0.E0,0.E0,1.E0));
#18743=DIRECTION('',(1.E0,0.E0,0.E0));
#18744=AXIS2_PLACEMENT_3D('',#18741,#18742,#18743);
#18745=CYLINDRICAL_SURFACE('',#18744,2.3E0);
#18747=ORIENTED_EDGE('',*,*,#18746,.T.);
#18748=ORIENTED_EDGE('',*,*,#18736,.F.);
#18749=ORIENTED_EDGE('',*,*,#15761,.F.);
#18751=ORIENTED_EDGE('',*,*,#18750,.T.);
#18752=EDGE_LOOP('',(#18747,#18748,#18749,#18751));
#18753=FACE_OUTER_BOUND('',#18752,.F.);
#18755=CARTESIAN_POINT('',(2.54E1,1.105E1,-1.9E1));
#18756=DIRECTION('',(0.E0,0.E0,1.E0));
#18757=DIRECTION('',(-7.288260985641E-2,9.973405261898E-1,0.E0));
#18758=AXIS2_PLACEMENT_3D('',#18755,#18756,#18757);
#18759=TOROIDAL_SURFACE('',#18758,2.8E0,5.E-1);
#18760=ORIENTED_EDGE('',*,*,#18599,.T.);
#18761=ORIENTED_EDGE('',*,*,#18723,.T.);
#18762=ORIENTED_EDGE('',*,*,#18746,.F.);
#18764=ORIENTED_EDGE('',*,*,#18763,.F.);
#18765=EDGE_LOOP('',(#18760,#18761,#18762,#18764));
#18766=FACE_OUTER_BOUND('',#18765,.F.);
#18768=CARTESIAN_POINT('',(-2.551810784349E1,1.385E1,-1.9E1));
#18769=DIRECTION('',(1.E0,0.E0,0.E0));
#18770=DIRECTION('',(0.E0,0.E0,1.E0));
#18771=AXIS2_PLACEMENT_3D('',#18768,#18769,#18770);
#18772=CYLINDRICAL_SURFACE('',#18771,5.E-1);
#18773=ORIENTED_EDGE('',*,*,#18601,.T.);
#18774=ORIENTED_EDGE('',*,*,#18763,.T.);
#18776=ORIENTED_EDGE('',*,*,#18775,.F.);
#18777=ORIENTED_EDGE('',*,*,#18557,.F.);
#18778=EDGE_LOOP('',(#18773,#18774,#18776,#18777));
#18779=FACE_OUTER_BOUND('',#18778,.F.);
#18781=CARTESIAN_POINT('',(-2.54E1,1.335E1,-2.E1));
#18782=DIRECTION('',(0.E0,-1.E0,0.E0));
#18783=DIRECTION('',(1.E0,0.E0,0.E0));
#18784=AXIS2_PLACEMENT_3D('',#18781,#18782,#18783);
#18785=PLANE('',#18784);
#18786=ORIENTED_EDGE('',*,*,#18775,.T.);
#18787=ORIENTED_EDGE('',*,*,#18750,.F.);
#18788=ORIENTED_EDGE('',*,*,#15759,.F.);
#18789=ORIENTED_EDGE('',*,*,#18542,.T.);
#18790=EDGE_LOOP('',(#18786,#18787,#18788,#18789));
#18791=FACE_OUTER_BOUND('',#18790,.F.);
#18793=CARTESIAN_POINT('',(-2.54E1,-1.105E1,-1.9E1));
#18794=DIRECTION('',(0.E0,0.E0,1.E0));
#18795=DIRECTION('',(-9.997095212966E-1,2.410130761857E-2,0.E0));
#18796=AXIS2_PLACEMENT_3D('',#18793,#18794,#18795);
#18797=TOROIDAL_SURFACE('',#18796,4.4E0,5.E-1);
#18798=ORIENTED_EDGE('',*,*,#18570,.T.);
#18800=ORIENTED_EDGE('',*,*,#18799,.T.);
#18802=ORIENTED_EDGE('',*,*,#18801,.F.);
#18804=ORIENTED_EDGE('',*,*,#18803,.F.);
#18805=EDGE_LOOP('',(#18798,#18800,#18802,#18804));
#18806=FACE_OUTER_BOUND('',#18805,.F.);
#18808=CARTESIAN_POINT('',(-2.551810784349E1,-1.545E1,-1.9E1));
#18809=DIRECTION('',(1.E0,0.E0,0.E0));
#18810=DIRECTION('',(0.E0,0.E0,1.E0));
#18811=AXIS2_PLACEMENT_3D('',#18808,#18809,#18810);
#18812=CYLINDRICAL_SURFACE('',#18811,5.E-1);
#18813=ORIENTED_EDGE('',*,*,#18584,.T.);
#18815=ORIENTED_EDGE('',*,*,#18814,.T.);
#18817=ORIENTED_EDGE('',*,*,#18816,.F.);
#18818=ORIENTED_EDGE('',*,*,#18799,.F.);
#18819=EDGE_LOOP('',(#18813,#18815,#18817,#18818));
#18820=FACE_OUTER_BOUND('',#18819,.F.);
#18822=CARTESIAN_POINT('',(2.54E1,-1.105E1,-1.9E1));
#18823=DIRECTION('',(0.E0,0.E0,1.E0));
#18824=DIRECTION('',(-2.410130761857E-2,-9.997095212966E-1,0.E0));
#18825=AXIS2_PLACEMENT_3D('',#18822,#18823,#18824);
#18826=TOROIDAL_SURFACE('',#18825,4.4E0,5.E-1);
#18827=ORIENTED_EDGE('',*,*,#18582,.T.);
#18829=ORIENTED_EDGE('',*,*,#18828,.T.);
#18831=ORIENTED_EDGE('',*,*,#18830,.F.);
#18832=ORIENTED_EDGE('',*,*,#18814,.F.);
#18833=EDGE_LOOP('',(#18827,#18829,#18831,#18832));
#18834=FACE_OUTER_BOUND('',#18833,.F.);
#18836=CARTESIAN_POINT('',(2.98E1,-1.116810784349E1,-1.9E1));
#18837=DIRECTION('',(0.E0,1.E0,0.E0));
#18838=DIRECTION('',(0.E0,0.E0,1.E0));
#18839=AXIS2_PLACEMENT_3D('',#18836,#18837,#18838);
#18840=CYLINDRICAL_SURFACE('',#18839,5.E-1);
#18841=ORIENTED_EDGE('',*,*,#18580,.T.);
#18843=ORIENTED_EDGE('',*,*,#18842,.T.);
#18845=ORIENTED_EDGE('',*,*,#18844,.F.);
#18846=ORIENTED_EDGE('',*,*,#18828,.F.);
#18847=EDGE_LOOP('',(#18841,#18843,#18845,#18846));
#18848=FACE_OUTER_BOUND('',#18847,.F.);
#18850=CARTESIAN_POINT('',(2.54E1,1.105E1,-1.9E1));
#18851=DIRECTION('',(0.E0,0.E0,1.E0));
#18852=DIRECTION('',(9.997095212966E-1,-2.410130761857E-2,0.E0));
#18853=AXIS2_PLACEMENT_3D('',#18850,#18851,#18852);
#18854=TOROIDAL_SURFACE('',#18853,4.4E0,5.E-1);
#18855=ORIENTED_EDGE('',*,*,#18578,.T.);
#18857=ORIENTED_EDGE('',*,*,#18856,.T.);
#18859=ORIENTED_EDGE('',*,*,#18858,.F.);
#18860=ORIENTED_EDGE('',*,*,#18842,.F.);
#18861=EDGE_LOOP('',(#18855,#18857,#18859,#18860));
#18862=FACE_OUTER_BOUND('',#18861,.F.);
#18864=CARTESIAN_POINT('',(2.551810784349E1,1.545E1,-1.9E1));
#18865=DIRECTION('',(-1.E0,0.E0,0.E0));
#18866=DIRECTION('',(0.E0,0.E0,1.E0));
#18867=AXIS2_PLACEMENT_3D('',#18864,#18865,#18866);
#18868=CYLINDRICAL_SURFACE('',#18867,5.E-1);
#18869=ORIENTED_EDGE('',*,*,#18576,.T.);
#18871=ORIENTED_EDGE('',*,*,#18870,.T.);
#18873=ORIENTED_EDGE('',*,*,#18872,.F.);
#18874=ORIENTED_EDGE('',*,*,#18856,.F.);
#18875=EDGE_LOOP('',(#18869,#18871,#18873,#18874));
#18876=FACE_OUTER_BOUND('',#18875,.F.);
#18878=CARTESIAN_POINT('',(-2.54E1,1.105E1,-1.9E1));
#18879=DIRECTION('',(0.E0,0.E0,1.E0));
#18880=DIRECTION('',(2.410130761857E-2,9.997095212966E-1,0.E0));
#18881=AXIS2_PLACEMENT_3D('',#18878,#18879,#18880);
#18882=TOROIDAL_SURFACE('',#18881,4.4E0,5.E-1);
#18883=ORIENTED_EDGE('',*,*,#18574,.T.);
#18885=ORIENTED_EDGE('',*,*,#18884,.T.);
#18887=ORIENTED_EDGE('',*,*,#18886,.F.);
#18888=ORIENTED_EDGE('',*,*,#18870,.F.);
#18889=EDGE_LOOP('',(#18883,#18885,#18887,#18888));
#18890=FACE_OUTER_BOUND('',#18889,.F.);
#18892=CARTESIAN_POINT('',(-2.98E1,1.116810784349E1,-1.9E1));
#18893=DIRECTION('',(0.E0,-1.E0,0.E0));
#18894=DIRECTION('',(0.E0,0.E0,1.E0));
#18895=AXIS2_PLACEMENT_3D('',#18892,#18893,#18894);
#18896=CYLINDRICAL_SURFACE('',#18895,5.E-1);
#18897=ORIENTED_EDGE('',*,*,#18572,.T.);
#18898=ORIENTED_EDGE('',*,*,#18803,.T.);
#18900=ORIENTED_EDGE('',*,*,#18899,.F.);
#18901=ORIENTED_EDGE('',*,*,#18884,.F.);
#18902=EDGE_LOOP('',(#18897,#18898,#18900,#18901));
#18903=FACE_OUTER_BOUND('',#18902,.F.);
#18905=CARTESIAN_POINT('',(-3.03E1,1.105E1,-2.E1));
#18906=DIRECTION('',(-1.E0,0.E0,0.E0));
#18907=DIRECTION('',(0.E0,-1.E0,0.E0));
#18908=AXIS2_PLACEMENT_3D('',#18905,#18906,#18907);
#18909=PLANE('',#18908);
#18910=ORIENTED_EDGE('',*,*,#18899,.T.);
#18912=ORIENTED_EDGE('',*,*,#18911,.F.);
#18913=ORIENTED_EDGE('',*,*,#15688,.F.);
#18915=ORIENTED_EDGE('',*,*,#18914,.T.);
#18916=EDGE_LOOP('',(#18910,#18912,#18913,#18915));
#18917=FACE_OUTER_BOUND('',#18916,.F.);
#18919=CARTESIAN_POINT('',(-2.54E1,-1.105E1,-2.E1));
#18920=DIRECTION('',(0.E0,0.E0,1.E0));
#18921=DIRECTION('',(1.E0,0.E0,0.E0));
#18922=AXIS2_PLACEMENT_3D('',#18919,#18920,#18921);
#18923=CYLINDRICAL_SURFACE('',#18922,4.9E0);
#18924=ORIENTED_EDGE('',*,*,#18801,.T.);
#18926=ORIENTED_EDGE('',*,*,#18925,.F.);
#18927=ORIENTED_EDGE('',*,*,#15690,.F.);
#18928=ORIENTED_EDGE('',*,*,#18911,.T.);
#18929=EDGE_LOOP('',(#18924,#18926,#18927,#18928));
#18930=FACE_OUTER_BOUND('',#18929,.F.);
#18932=CARTESIAN_POINT('',(-2.54E1,-1.595E1,-2.E1));
#18933=DIRECTION('',(0.E0,-1.E0,0.E0));
#18934=DIRECTION('',(1.E0,0.E0,0.E0));
#18935=AXIS2_PLACEMENT_3D('',#18932,#18933,#18934);
#18936=PLANE('',#18935);
#18937=ORIENTED_EDGE('',*,*,#18816,.T.);
#18939=ORIENTED_EDGE('',*,*,#18938,.F.);
#18940=ORIENTED_EDGE('',*,*,#15692,.F.);
#18941=ORIENTED_EDGE('',*,*,#18925,.T.);
#18942=EDGE_LOOP('',(#18937,#18939,#18940,#18941));
#18943=FACE_OUTER_BOUND('',#18942,.F.);
#18945=CARTESIAN_POINT('',(2.54E1,-1.105E1,-2.E1));
#18946=DIRECTION('',(0.E0,0.E0,1.E0));
#18947=DIRECTION('',(1.E0,0.E0,0.E0));
#18948=AXIS2_PLACEMENT_3D('',#18945,#18946,#18947);
#18949=CYLINDRICAL_SURFACE('',#18948,4.9E0);
#18950=ORIENTED_EDGE('',*,*,#18830,.T.);
#18952=ORIENTED_EDGE('',*,*,#18951,.F.);
#18953=ORIENTED_EDGE('',*,*,#15694,.F.);
#18954=ORIENTED_EDGE('',*,*,#18938,.T.);
#18955=EDGE_LOOP('',(#18950,#18952,#18953,#18954));
#18956=FACE_OUTER_BOUND('',#18955,.F.);
#18958=CARTESIAN_POINT('',(3.03E1,-1.105E1,-2.E1));
#18959=DIRECTION('',(1.E0,0.E0,0.E0));
#18960=DIRECTION('',(0.E0,1.E0,0.E0));
#18961=AXIS2_PLACEMENT_3D('',#18958,#18959,#18960);
#18962=PLANE('',#18961);
#18963=ORIENTED_EDGE('',*,*,#18844,.T.);
#18965=ORIENTED_EDGE('',*,*,#18964,.F.);
#18966=ORIENTED_EDGE('',*,*,#15696,.F.);
#18967=ORIENTED_EDGE('',*,*,#18951,.T.);
#18968=EDGE_LOOP('',(#18963,#18965,#18966,#18967));
#18969=FACE_OUTER_BOUND('',#18968,.F.);
#18971=CARTESIAN_POINT('',(2.54E1,1.105E1,-2.E1));
#18972=DIRECTION('',(0.E0,0.E0,1.E0));
#18973=DIRECTION('',(1.E0,0.E0,0.E0));
#18974=AXIS2_PLACEMENT_3D('',#18971,#18972,#18973);
#18975=CYLINDRICAL_SURFACE('',#18974,4.9E0);
#18976=ORIENTED_EDGE('',*,*,#18858,.T.);
#18978=ORIENTED_EDGE('',*,*,#18977,.F.);
#18979=ORIENTED_EDGE('',*,*,#15698,.F.);
#18980=ORIENTED_EDGE('',*,*,#18964,.T.);
#18981=EDGE_LOOP('',(#18976,#18978,#18979,#18980));
#18982=FACE_OUTER_BOUND('',#18981,.F.);
#18984=CARTESIAN_POINT('',(2.54E1,1.595E1,-2.E1));
#18985=DIRECTION('',(0.E0,1.E0,0.E0));
#18986=DIRECTION('',(-1.E0,0.E0,0.E0));
#18987=AXIS2_PLACEMENT_3D('',#18984,#18985,#18986);
#18988=PLANE('',#18987);
#18989=ORIENTED_EDGE('',*,*,#18872,.T.);
#18991=ORIENTED_EDGE('',*,*,#18990,.F.);
#18992=ORIENTED_EDGE('',*,*,#15700,.F.);
#18993=ORIENTED_EDGE('',*,*,#18977,.T.);
#18994=EDGE_LOOP('',(#18989,#18991,#18992,#18993));
#18995=FACE_OUTER_BOUND('',#18994,.F.);
#18997=CARTESIAN_POINT('',(-2.54E1,1.105E1,-2.E1));
#18998=DIRECTION('',(0.E0,0.E0,1.E0));
#18999=DIRECTION('',(1.E0,0.E0,0.E0));
#19000=AXIS2_PLACEMENT_3D('',#18997,#18998,#18999);
#19001=CYLINDRICAL_SURFACE('',#19000,4.9E0);
#19002=ORIENTED_EDGE('',*,*,#18886,.T.);
#19003=ORIENTED_EDGE('',*,*,#18914,.F.);
#19004=ORIENTED_EDGE('',*,*,#15686,.F.);
#19005=ORIENTED_EDGE('',*,*,#18990,.T.);
#19006=EDGE_LOOP('',(#19002,#19003,#19004,#19005));
#19007=FACE_OUTER_BOUND('',#19006,.F.);
#19009=CARTESIAN_POINT('',(4.325022672948E0,1.38E1,-5.4E0));
#19010=DIRECTION('',(-9.961946980917E-1,-8.715574274766E-2,0.E0));
#19011=DIRECTION('',(8.715574274766E-2,-9.961946980917E-1,0.E0));
#19012=AXIS2_PLACEMENT_3D('',#19009,#19010,#19011);
#19013=PLANE('',#19012);
#19014=ORIENTED_EDGE('',*,*,#15383,.F.);
#19016=ORIENTED_EDGE('',*,*,#19015,.F.);
#19018=ORIENTED_EDGE('',*,*,#19017,.F.);
#19020=ORIENTED_EDGE('',*,*,#19019,.T.);
#19021=EDGE_LOOP('',(#19014,#19016,#19018,#19020));
#19022=FACE_OUTER_BOUND('',#19021,.F.);
#19024=CARTESIAN_POINT('',(-4.5E0,1.38E1,-3.9E0));
#19025=DIRECTION('',(0.E0,8.619342151578E-1,5.070201265634E-1));
#19026=DIRECTION('',(0.E0,-5.070201265634E-1,8.619342151578E-1));
#19027=AXIS2_PLACEMENT_3D('',#19024,#19025,#19026);
#19028=PLANE('',#19027);
#19029=ORIENTED_EDGE('',*,*,#15339,.T.);
#19031=ORIENTED_EDGE('',*,*,#19030,.F.);
#19033=ORIENTED_EDGE('',*,*,#19032,.T.);
#19035=ORIENTED_EDGE('',*,*,#19034,.T.);
#19036=EDGE_LOOP('',(#19029,#19031,#19033,#19035));
#19037=FACE_OUTER_BOUND('',#19036,.F.);
#19039=CARTESIAN_POINT('',(-4.5E0,1.38E1,-3.9E0));
#19040=DIRECTION('',(0.E0,8.619342151578E-1,5.070201265634E-1));
#19041=DIRECTION('',(0.E0,-5.070201265634E-1,8.619342151578E-1));
#19042=AXIS2_PLACEMENT_3D('',#19039,#19040,#19041);
#19043=PLANE('',#19042);
#19044=ORIENTED_EDGE('',*,*,#15343,.T.);
#19046=ORIENTED_EDGE('',*,*,#19045,.F.);
#19048=ORIENTED_EDGE('',*,*,#19047,.T.);
#19049=ORIENTED_EDGE('',*,*,#19015,.T.);
#19050=EDGE_LOOP('',(#19044,#19046,#19048,#19049));
#19051=FACE_OUTER_BOUND('',#19050,.F.);
#19053=CARTESIAN_POINT('',(-4.5E0,1.18E1,-5.4E0));
#19054=DIRECTION('',(9.961946980917E-1,-8.715574274766E-2,0.E0));
#19055=DIRECTION('',(8.715574274766E-2,9.961946980917E-1,0.E0));
#19056=AXIS2_PLACEMENT_3D('',#19053,#19054,#19055);
#19057=PLANE('',#19056);
#19058=ORIENTED_EDGE('',*,*,#15394,.T.);
#19060=ORIENTED_EDGE('',*,*,#19059,.T.);
#19062=ORIENTED_EDGE('',*,*,#19061,.T.);
#19063=ORIENTED_EDGE('',*,*,#19030,.T.);
#19064=EDGE_LOOP('',(#19058,#19060,#19062,#19063));
#19065=FACE_OUTER_BOUND('',#19064,.F.);
#19067=CARTESIAN_POINT('',(-4.5E0,1.18E1,-5.4E0));
#19068=DIRECTION('',(0.E0,0.E0,-1.E0));
#19069=DIRECTION('',(0.E0,1.E0,0.E0));
#19070=AXIS2_PLACEMENT_3D('',#19067,#19068,#19069);
#19071=PLANE('',#19070);
#19073=ORIENTED_EDGE('',*,*,#19072,.F.);
#19074=ORIENTED_EDGE('',*,*,#19059,.F.);
#19075=ORIENTED_EDGE('',*,*,#15392,.T.);
#19077=ORIENTED_EDGE('',*,*,#19076,.F.);
#19078=EDGE_LOOP('',(#19073,#19074,#19075,#19077));
#19079=FACE_OUTER_BOUND('',#19078,.F.);
#19081=CARTESIAN_POINT('',(-4.5E0,1.18E1,-5.4E0));
#19082=DIRECTION('',(0.E0,0.E0,-1.E0));
#19083=DIRECTION('',(0.E0,1.E0,0.E0));
#19084=AXIS2_PLACEMENT_3D('',#19081,#19082,#19083);
#19085=PLANE('',#19084);
#19087=ORIENTED_EDGE('',*,*,#19086,.F.);
#19089=ORIENTED_EDGE('',*,*,#19088,.F.);
#19090=ORIENTED_EDGE('',*,*,#15385,.T.);
#19091=ORIENTED_EDGE('',*,*,#19019,.F.);
#19092=EDGE_LOOP('',(#19087,#19089,#19090,#19091));
#19093=FACE_OUTER_BOUND('',#19092,.F.);
#19095=CARTESIAN_POINT('',(-4.5E0,1.38E1,-5.4E0));
#19096=DIRECTION('',(0.E0,1.E0,0.E0));
#19097=DIRECTION('',(0.E0,0.E0,1.E0));
#19098=AXIS2_PLACEMENT_3D('',#19095,#19096,#19097);
#19099=PLANE('',#19098);
#19100=ORIENTED_EDGE('',*,*,#19072,.T.);
#19102=ORIENTED_EDGE('',*,*,#19101,.T.);
#19103=ORIENTED_EDGE('',*,*,#19032,.F.);
#19104=ORIENTED_EDGE('',*,*,#19061,.F.);
#19105=EDGE_LOOP('',(#19100,#19102,#19103,#19104));
#19106=FACE_OUTER_BOUND('',#19105,.F.);
#19108=CARTESIAN_POINT('',(-4.5E0,1.38E1,-5.4E0));
#19109=DIRECTION('',(0.E0,1.E0,0.E0));
#19110=DIRECTION('',(0.E0,0.E0,1.E0));
#19111=AXIS2_PLACEMENT_3D('',#19108,#19109,#19110);
#19112=PLANE('',#19111);
#19113=ORIENTED_EDGE('',*,*,#19086,.T.);
#19114=ORIENTED_EDGE('',*,*,#19017,.T.);
#19115=ORIENTED_EDGE('',*,*,#19047,.F.);
#19117=ORIENTED_EDGE('',*,*,#19116,.F.);
#19118=EDGE_LOOP('',(#19113,#19114,#19115,#19117));
#19119=FACE_OUTER_BOUND('',#19118,.F.);
#19121=CARTESIAN_POINT('',(-2.874977327052E0,1.38E1,-5.4E0));
#19122=DIRECTION('',(-9.961946980917E-1,-8.715574274766E-2,0.E0));
#19123=DIRECTION('',(8.715574274766E-2,-9.961946980917E-1,0.E0));
#19124=AXIS2_PLACEMENT_3D('',#19121,#19122,#19123);
#19125=PLANE('',#19124);
#19126=ORIENTED_EDGE('',*,*,#15390,.F.);
#19127=ORIENTED_EDGE('',*,*,#19034,.F.);
#19128=ORIENTED_EDGE('',*,*,#19101,.F.);
#19129=ORIENTED_EDGE('',*,*,#19076,.T.);
#19130=EDGE_LOOP('',(#19126,#19127,#19128,#19129));
#19131=FACE_OUTER_BOUND('',#19130,.F.);
#19133=CARTESIAN_POINT('',(2.7E0,1.18E1,-5.4E0));
#19134=DIRECTION('',(9.961946980917E-1,-8.715574274766E-2,0.E0));
#19135=DIRECTION('',(8.715574274766E-2,9.961946980917E-1,0.E0));
#19136=AXIS2_PLACEMENT_3D('',#19133,#19134,#19135);
#19137=PLANE('',#19136);
#19138=ORIENTED_EDGE('',*,*,#15387,.T.);
#19139=ORIENTED_EDGE('',*,*,#19088,.T.);
#19140=ORIENTED_EDGE('',*,*,#19116,.T.);
#19141=ORIENTED_EDGE('',*,*,#19045,.T.);
#19142=EDGE_LOOP('',(#19138,#19139,#19140,#19141));
#19143=FACE_OUTER_BOUND('',#19142,.F.);
#19149=PLANE_ANGLE_MEASURE_WITH_UNIT(PLANE_ANGLE_MEASURE(1.745329251994E-2),
#19148);
#19150=(CONVERSION_BASED_UNIT('DEGREE',#19149)NAMED_UNIT(*)PLANE_ANGLE_UNIT());
#19152=UNCERTAINTY_MEASURE_WITH_UNIT(LENGTH_MEASURE(7.858919451447E-3),#19147,
'distance_accuracy_value',
'Maximum model space distance between geometric entities at asserted connectivities');
#19155=APPLICATION_CONTEXT('automotive_design');
#19156=APPLICATION_PROTOCOL_DEFINITION('international standard',
'automotive_design',2001,#19155);
#19157=PRODUCT_DEFINITION_CONTEXT('part definition',#19155,'design');
#19158=PRODUCT_CONTEXT('',#19155,'mechanical');
#19159=PRODUCT('C-776228-1','C-776228-1','NOT SPECIFIED',(#19158));
#19160=PRODUCT_DEFINITION_FORMATION('1','LAST_VERSION',#19159);
#19168=DERIVED_UNIT_ELEMENT(#19167,2.E0);
#19169=DERIVED_UNIT((#19168));
#19170=MEASURE_REPRESENTATION_ITEM('surface area measure',AREA_MEASURE(
1.330484381030E4),#19169);
#19175=DERIVED_UNIT_ELEMENT(#19174,3.E0);
#19176=DERIVED_UNIT((#19175));
#19177=MEASURE_REPRESENTATION_ITEM('volume measure',VOLUME_MEASURE(
1.248724713644E4),#19176);
#19181=CARTESIAN_POINT('centre point',(5.850860175295E-3,2.765772577828E-1,
-1.921565775326E1));
#19186=DERIVED_UNIT_ELEMENT(#19185,2.E0);
#19187=DERIVED_UNIT((#19186));
#19188=MEASURE_REPRESENTATION_ITEM('surface area measure',AREA_MEASURE(
1.330484381030E4),#19187);
#19193=DERIVED_UNIT_ELEMENT(#19192,3.E0);
#19194=DERIVED_UNIT((#19193));
#19195=MEASURE_REPRESENTATION_ITEM('volume measure',VOLUME_MEASURE(
1.248724713644E4),#19194);
#19199=CARTESIAN_POINT('centre point',(5.850860175295E-3,2.765772577828E-1,
-1.921565775326E1));
#19204=PRODUCT_RELATED_PRODUCT_CATEGORY('part','',(#19159));
#1=COLOUR_RGB('',8.784E-1,9.49E-1,1.E0);
#10=CIRCLE('',#9,5.235898384862E0);
#19=CIRCLE('',#18,5.235898384862E0);
#28=CIRCLE('',#27,5.235898384862E0);
#37=CIRCLE('',#36,5.235898384862E0);
#42=CIRCLE('',#41,5.7E0);
#51=CIRCLE('',#50,5.7E0);
#60=CIRCLE('',#59,5.7E0);
#69=CIRCLE('',#68,5.7E0);
#110=CIRCLE('',#109,4.7E0);
#121=B_SPLINE_CURVE_WITH_KNOTS('',3,(#115,#116,#117,#118,#119,#120),
.UNSPECIFIED.,.F.,.F.,(4,1,1,4),(0.E0,3.333333333333E-1,6.666666666667E-1,1.E0),
.UNSPECIFIED.);
#136=B_SPLINE_CURVE_WITH_KNOTS('',3,(#130,#131,#132,#133,#134,#135),
.UNSPECIFIED.,.F.,.F.,(4,1,1,4),(0.E0,3.333333333333E-1,6.666666666667E-1,1.E0),
.UNSPECIFIED.);
#147=B_SPLINE_CURVE_WITH_KNOTS('',3,(#141,#142,#143,#144,#145,#146),
.UNSPECIFIED.,.F.,.F.,(4,1,1,4),(0.E0,3.333333333333E-1,6.666666666667E-1,1.E0),
.UNSPECIFIED.);
#162=B_SPLINE_CURVE_WITH_KNOTS('',3,(#156,#157,#158,#159,#160,#161),
.UNSPECIFIED.,.F.,.F.,(4,1,1,4),(0.E0,3.333333333333E-1,6.666666666667E-1,1.E0),
.UNSPECIFIED.);
#173=B_SPLINE_CURVE_WITH_KNOTS('',3,(#167,#168,#169,#170,#171,#172),
.UNSPECIFIED.,.F.,.F.,(4,1,1,4),(0.E0,3.333333333333E-1,6.666666666667E-1,1.E0),
.UNSPECIFIED.);
#188=B_SPLINE_CURVE_WITH_KNOTS('',3,(#182,#183,#184,#185,#186,#187),
.UNSPECIFIED.,.F.,.F.,(4,1,1,4),(0.E0,3.333333333333E-1,6.666666666667E-1,1.E0),
.UNSPECIFIED.);
#199=B_SPLINE_CURVE_WITH_KNOTS('',3,(#193,#194,#195,#196,#197,#198),
.UNSPECIFIED.,.F.,.F.,(4,1,1,4),(0.E0,3.333333333333E-1,6.666666666667E-1,1.E0),
.UNSPECIFIED.);
#214=B_SPLINE_CURVE_WITH_KNOTS('',3,(#208,#209,#210,#211,#212,#213),
.UNSPECIFIED.,.F.,.F.,(4,1,1,4),(0.E0,3.333333333333E-1,6.666666666667E-1,1.E0),
.UNSPECIFIED.);
#225=B_SPLINE_CURVE_WITH_KNOTS('',3,(#219,#220,#221,#222,#223,#224),
.UNSPECIFIED.,.F.,.F.,(4,1,1,4),(0.E0,3.333333333333E-1,6.666666666667E-1,1.E0),
.UNSPECIFIED.);
#240=B_SPLINE_CURVE_WITH_KNOTS('',3,(#234,#235,#236,#237,#238,#239),
.UNSPECIFIED.,.F.,.F.,(4,1,1,4),(0.E0,3.333333333333E-1,6.666666666667E-1,1.E0),
.UNSPECIFIED.);
#251=B_SPLINE_CURVE_WITH_KNOTS('',3,(#245,#246,#247,#248,#249,#250),
.UNSPECIFIED.,.F.,.F.,(4,1,1,4),(0.E0,3.333333333333E-1,6.666666666667E-1,1.E0),
.UNSPECIFIED.);
#266=B_SPLINE_CURVE_WITH_KNOTS('',3,(#260,#261,#262,#263,#264,#265),
.UNSPECIFIED.,.F.,.F.,(4,1,1,4),(0.E0,3.333333333333E-1,6.666666666667E-1,1.E0),
.UNSPECIFIED.);
#277=B_SPLINE_CURVE_WITH_KNOTS('',3,(#271,#272,#273,#274,#275,#276),
.UNSPECIFIED.,.F.,.F.,(4,1,1,4),(0.E0,3.333333333333E-1,6.666666666667E-1,1.E0),
.UNSPECIFIED.);
#292=B_SPLINE_CURVE_WITH_KNOTS('',3,(#286,#287,#288,#289,#290,#291),
.UNSPECIFIED.,.F.,.F.,(4,1,1,4),(0.E0,3.333333333333E-1,6.666666666667E-1,1.E0),
.UNSPECIFIED.);
#303=B_SPLINE_CURVE_WITH_KNOTS('',3,(#297,#298,#299,#300,#301,#302),
.UNSPECIFIED.,.F.,.F.,(4,1,1,4),(0.E0,3.333333333333E-1,6.666666666667E-1,1.E0),
.UNSPECIFIED.);
#326=B_SPLINE_CURVE_WITH_KNOTS('',3,(#320,#321,#322,#323,#324,#325),
.UNSPECIFIED.,.F.,.F.,(4,1,1,4),(0.E0,3.333333333333E-1,6.666666666667E-1,1.E0),
.UNSPECIFIED.);
#335=CIRCLE('',#334,1.E-1);
#340=CIRCLE('',#339,1.E-1);
#353=CIRCLE('',#352,2.E-1);
#370=CIRCLE('',#369,4.E-1);
#387=CIRCLE('',#386,4.E-1);
#404=CIRCLE('',#403,4.E-1);
#421=CIRCLE('',#420,4.E-1);
#438=CIRCLE('',#437,4.E-1);
#451=CIRCLE('',#450,5.75E-1);
#472=CIRCLE('',#471,4.E-1);
#489=CIRCLE('',#488,4.E-1);
#502=CIRCLE('',#501,4.E-1);
#519=CIRCLE('',#518,4.E-1);
#536=CIRCLE('',#535,4.E-1);
#557=CIRCLE('',#556,4.E-1);
#574=CIRCLE('',#573,5.75E-1);
#587=CIRCLE('',#586,4.E-1);
#604=CIRCLE('',#603,4.E-1);
#621=CIRCLE('',#620,4.E-1);
#630=CIRCLE('',#629,1.E-1);
#635=CIRCLE('',#634,1.E-1);
#644=CIRCLE('',#643,2.E-1);
#653=CIRCLE('',#652,1.E-1);
#658=CIRCLE('',#657,1.E-1);
#665=B_SPLINE_CURVE_WITH_KNOTS('',3,(#659,#660,#661,#662,#663,#664),
.UNSPECIFIED.,.F.,.F.,(4,1,1,4),(0.E0,3.333333333333E-1,6.666666666667E-1,1.E0),
.UNSPECIFIED.);
#680=B_SPLINE_CURVE_WITH_KNOTS('',3,(#674,#675,#676,#677,#678,#679),
.UNSPECIFIED.,.F.,.F.,(4,1,1,4),(0.E0,3.333333333333E-1,6.666666666667E-1,1.E0),
.UNSPECIFIED.);
#691=B_SPLINE_CURVE_WITH_KNOTS('',3,(#685,#686,#687,#688,#689,#690),
.UNSPECIFIED.,.F.,.F.,(4,1,1,4),(0.E0,3.333333333333E-1,6.666666666667E-1,1.E0),
.UNSPECIFIED.);
#706=B_SPLINE_CURVE_WITH_KNOTS('',3,(#700,#701,#702,#703,#704,#705),
.UNSPECIFIED.,.F.,.F.,(4,1,1,4),(0.E0,3.333333333333E-1,6.666666666667E-1,1.E0),
.UNSPECIFIED.);
#717=B_SPLINE_CURVE_WITH_KNOTS('',3,(#711,#712,#713,#714,#715,#716),
.UNSPECIFIED.,.F.,.F.,(4,1,1,4),(0.E0,3.333333333333E-1,6.666666666667E-1,1.E0),
.UNSPECIFIED.);
#732=B_SPLINE_CURVE_WITH_KNOTS('',3,(#726,#727,#728,#729,#730,#731),
.UNSPECIFIED.,.F.,.F.,(4,1,1,4),(0.E0,3.333333333333E-1,6.666666666667E-1,1.E0),
.UNSPECIFIED.);
#743=B_SPLINE_CURVE_WITH_KNOTS('',3,(#737,#738,#739,#740,#741,#742),
.UNSPECIFIED.,.F.,.F.,(4,1,1,4),(0.E0,3.333333333333E-1,6.666666666667E-1,1.E0),
.UNSPECIFIED.);
#758=B_SPLINE_CURVE_WITH_KNOTS('',3,(#752,#753,#754,#755,#756,#757),
.UNSPECIFIED.,.F.,.F.,(4,1,1,4),(0.E0,3.333333333333E-1,6.666666666667E-1,1.E0),
.UNSPECIFIED.);
#769=B_SPLINE_CURVE_WITH_KNOTS('',3,(#763,#764,#765,#766,#767,#768),
.UNSPECIFIED.,.F.,.F.,(4,1,1,4),(0.E0,3.333333333333E-1,6.666666666667E-1,1.E0),
.UNSPECIFIED.);
#784=B_SPLINE_CURVE_WITH_KNOTS('',3,(#778,#779,#780,#781,#782,#783),
.UNSPECIFIED.,.F.,.F.,(4,1,1,4),(0.E0,3.333333333333E-1,6.666666666667E-1,1.E0),
.UNSPECIFIED.);
#795=B_SPLINE_CURVE_WITH_KNOTS('',3,(#789,#790,#791,#792,#793,#794),
.UNSPECIFIED.,.F.,.F.,(4,1,1,4),(0.E0,3.333333333333E-1,6.666666666667E-1,1.E0),
.UNSPECIFIED.);
#810=B_SPLINE_CURVE_WITH_KNOTS('',3,(#804,#805,#806,#807,#808,#809),
.UNSPECIFIED.,.F.,.F.,(4,1,1,4),(0.E0,3.333333333333E-1,6.666666666667E-1,1.E0),
.UNSPECIFIED.);
#821=B_SPLINE_CURVE_WITH_KNOTS('',3,(#815,#816,#817,#818,#819,#820),
.UNSPECIFIED.,.F.,.F.,(4,1,1,4),(0.E0,3.333333333333E-1,6.666666666667E-1,1.E0),
.UNSPECIFIED.);
#836=B_SPLINE_CURVE_WITH_KNOTS('',3,(#830,#831,#832,#833,#834,#835),
.UNSPECIFIED.,.F.,.F.,(4,1,1,4),(0.E0,3.333333333333E-1,6.666666666667E-1,1.E0),
.UNSPECIFIED.);
#847=B_SPLINE_CURVE_WITH_KNOTS('',3,(#841,#842,#843,#844,#845,#846),
.UNSPECIFIED.,.F.,.F.,(4,1,1,4),(0.E0,3.333333333333E-1,6.666666666667E-1,1.E0),
.UNSPECIFIED.);
#870=B_SPLINE_CURVE_WITH_KNOTS('',3,(#864,#865,#866,#867,#868,#869),
.UNSPECIFIED.,.F.,.F.,(4,1,1,4),(0.E0,3.333333333333E-1,6.666666666667E-1,1.E0),
.UNSPECIFIED.);
#879=CIRCLE('',#878,1.E-1);
#884=CIRCLE('',#883,1.E-1);
#897=CIRCLE('',#896,2.E-1);
#902=CIRCLE('',#901,5.E-1);
#907=CIRCLE('',#906,5.E-1);
#912=CIRCLE('',#911,1.5E0);
#917=CIRCLE('',#916,1.5E0);
#922=CIRCLE('',#921,1.5E0);
#927=CIRCLE('',#926,1.5E0);
#932=CIRCLE('',#931,6.5E-1);
#937=CIRCLE('',#936,6.5E-1);
#942=CIRCLE('',#941,6.5E-1);
#947=CIRCLE('',#946,6.5E-1);
#952=CIRCLE('',#951,6.5E-1);
#957=CIRCLE('',#956,6.5E-1);
#962=CIRCLE('',#961,6.5E-1);
#967=CIRCLE('',#966,6.5E-1);
#972=CIRCLE('',#971,6.5E-1);
#977=CIRCLE('',#976,6.5E-1);
#982=CIRCLE('',#981,6.5E-1);
#987=CIRCLE('',#986,6.5E-1);
#992=CIRCLE('',#991,6.5E-1);
#997=CIRCLE('',#996,6.5E-1);
#1002=CIRCLE('',#1001,6.5E-1);
#1007=CIRCLE('',#1006,6.5E-1);
#1012=CIRCLE('',#1011,6.5E-1);
#1017=CIRCLE('',#1016,6.5E-1);
#1022=CIRCLE('',#1021,6.5E-1);
#1027=CIRCLE('',#1026,6.5E-1);
#1032=CIRCLE('',#1031,6.5E-1);
#1037=CIRCLE('',#1036,6.5E-1);
#1042=CIRCLE('',#1041,6.5E-1);
#1047=CIRCLE('',#1046,6.5E-1);
#1052=CIRCLE('',#1051,6.5E-1);
#1057=CIRCLE('',#1056,6.5E-1);
#1062=CIRCLE('',#1061,6.5E-1);
#1067=CIRCLE('',#1066,6.5E-1);
#1072=CIRCLE('',#1071,6.5E-1);
#1077=CIRCLE('',#1076,6.5E-1);
#1082=CIRCLE('',#1081,6.5E-1);
#1087=CIRCLE('',#1086,6.5E-1);
#1092=CIRCLE('',#1091,6.5E-1);
#1097=CIRCLE('',#1096,6.5E-1);
#1102=CIRCLE('',#1101,6.5E-1);
#1107=CIRCLE('',#1106,6.5E-1);
#1112=CIRCLE('',#1111,6.5E-1);
#1117=CIRCLE('',#1116,6.5E-1);
#1122=CIRCLE('',#1121,6.5E-1);
#1127=CIRCLE('',#1126,6.5E-1);
#1132=CIRCLE('',#1131,6.5E-1);
#1137=CIRCLE('',#1136,6.5E-1);
#1142=CIRCLE('',#1141,6.5E-1);
#1147=CIRCLE('',#1146,6.5E-1);
#1152=CIRCLE('',#1151,6.5E-1);
#1157=CIRCLE('',#1156,6.5E-1);
#1246=CIRCLE('',#1245,4.7E0);
#1259=CIRCLE('',#1258,5.E-1);
#1276=CIRCLE('',#1275,5.E-1);
#1289=CIRCLE('',#1288,4.7E0);
#1394=CIRCLE('',#1393,4.7E0);
#1407=CIRCLE('',#1406,5.E-1);
#1424=CIRCLE('',#1423,5.E-1);
#1437=CIRCLE('',#1436,4.7E0);
#1466=CIRCLE('',#1465,1.5E0);
#1471=CIRCLE('',#1470,1.5E0);
#1476=CIRCLE('',#1475,1.5E0);
#1481=CIRCLE('',#1480,1.5E0);
#2606=CIRCLE('',#2605,6.5E-1);
#2611=CIRCLE('',#2610,6.5E-1);
#2616=CIRCLE('',#2615,6.5E-1);
#2621=CIRCLE('',#2620,6.5E-1);
#2626=CIRCLE('',#2625,6.5E-1);
#2631=CIRCLE('',#2630,6.5E-1);
#2636=CIRCLE('',#2635,6.5E-1);
#2641=CIRCLE('',#2640,6.5E-1);
#2646=CIRCLE('',#2645,6.5E-1);
#2651=CIRCLE('',#2650,6.5E-1);
#2656=CIRCLE('',#2655,6.5E-1);
#2661=CIRCLE('',#2660,6.5E-1);
#2666=CIRCLE('',#2665,6.5E-1);
#2671=CIRCLE('',#2670,6.5E-1);
#2676=CIRCLE('',#2675,6.5E-1);
#2681=CIRCLE('',#2680,6.5E-1);
#2686=CIRCLE('',#2685,6.5E-1);
#2691=CIRCLE('',#2690,6.5E-1);
#2696=CIRCLE('',#2695,6.5E-1);
#2701=CIRCLE('',#2700,6.5E-1);
#2706=CIRCLE('',#2705,6.5E-1);
#2711=CIRCLE('',#2710,6.5E-1);
#2716=CIRCLE('',#2715,6.5E-1);
#2721=CIRCLE('',#2720,6.5E-1);
#2726=CIRCLE('',#2725,6.5E-1);
#2731=CIRCLE('',#2730,6.5E-1);
#2736=CIRCLE('',#2735,6.5E-1);
#2741=CIRCLE('',#2740,6.5E-1);
#2746=CIRCLE('',#2745,6.5E-1);
#2751=CIRCLE('',#2750,6.5E-1);
#2756=CIRCLE('',#2755,6.5E-1);
#2761=CIRCLE('',#2760,6.5E-1);
#2766=CIRCLE('',#2765,6.5E-1);
#2771=CIRCLE('',#2770,6.5E-1);
#2776=CIRCLE('',#2775,6.5E-1);
#2781=CIRCLE('',#2780,6.5E-1);
#2786=CIRCLE('',#2785,6.5E-1);
#2791=CIRCLE('',#2790,6.5E-1);
#2796=CIRCLE('',#2795,6.5E-1);
#2801=CIRCLE('',#2800,6.5E-1);
#2806=CIRCLE('',#2805,6.5E-1);
#2811=CIRCLE('',#2810,6.5E-1);
#2816=CIRCLE('',#2815,6.5E-1);
#2821=CIRCLE('',#2820,6.5E-1);
#2826=CIRCLE('',#2825,6.5E-1);
#2831=CIRCLE('',#2830,6.5E-1);
#3020=CIRCLE('',#3019,2.E-1);
#3025=CIRCLE('',#3024,1.E-1);
#3030=CIRCLE('',#3029,1.E-1);
#3039=CIRCLE('',#3038,2.E-1);
#3048=CIRCLE('',#3047,1.E-1);
#3053=CIRCLE('',#3052,1.E-1);
#3058=CIRCLE('',#3057,1.E-1);
#3063=CIRCLE('',#3062,1.E-1);
#3068=CIRCLE('',#3067,5.E-1);
#3073=CIRCLE('',#3072,5.E-1);
#3086=CIRCLE('',#3085,2.E-1);
#3091=CIRCLE('',#3090,1.E-1);
#3096=CIRCLE('',#3095,1.E-1);
#3105=CIRCLE('',#3104,2.E-1);
#3114=CIRCLE('',#3113,1.E-1);
#3119=CIRCLE('',#3118,1.E-1);
#3124=CIRCLE('',#3123,1.E-1);
#3129=CIRCLE('',#3128,1.E-1);
#3134=CIRCLE('',#3133,5.E-1);
#3139=CIRCLE('',#3138,5.E-1);
#3152=CIRCLE('',#3151,2.E-1);
#3157=CIRCLE('',#3156,1.E-1);
#3162=CIRCLE('',#3161,1.E-1);
#3171=CIRCLE('',#3170,2.E-1);
#3180=CIRCLE('',#3179,1.E-1);
#3185=CIRCLE('',#3184,1.E-1);
#3190=CIRCLE('',#3189,1.E-1);
#3195=CIRCLE('',#3194,1.E-1);
#3200=CIRCLE('',#3199,6.75E-1);
#3205=CIRCLE('',#3204,6.75E-1);
#3218=CIRCLE('',#3217,2.E-1);
#3223=CIRCLE('',#3222,1.E-1);
#3228=CIRCLE('',#3227,1.E-1);
#3237=CIRCLE('',#3236,2.E-1);
#3246=CIRCLE('',#3245,1.E-1);
#3251=CIRCLE('',#3250,1.E-1);
#3256=CIRCLE('',#3255,1.E-1);
#3261=CIRCLE('',#3260,1.E-1);
#3266=CIRCLE('',#3265,5.E-1);
#3271=CIRCLE('',#3270,5.E-1);
#3284=CIRCLE('',#3283,2.E-1);
#3289=CIRCLE('',#3288,1.E-1);
#3294=CIRCLE('',#3293,1.E-1);
#3303=CIRCLE('',#3302,2.E-1);
#3312=CIRCLE('',#3311,1.E-1);
#3317=CIRCLE('',#3316,1.E-1);
#3322=CIRCLE('',#3321,1.E-1);
#3327=CIRCLE('',#3326,1.E-1);
#3332=CIRCLE('',#3331,5.E-1);
#3337=CIRCLE('',#3336,5.E-1);
#3350=CIRCLE('',#3349,2.E-1);
#3355=CIRCLE('',#3354,1.E-1);
#3360=CIRCLE('',#3359,1.E-1);
#3369=CIRCLE('',#3368,2.E-1);
#3378=CIRCLE('',#3377,1.E-1);
#3383=CIRCLE('',#3382,1.E-1);
#3388=CIRCLE('',#3387,1.E-1);
#3393=CIRCLE('',#3392,1.E-1);
#3398=CIRCLE('',#3397,5.E-1);
#3403=CIRCLE('',#3402,5.E-1);
#3408=CIRCLE('',#3407,5.E-1);
#3413=CIRCLE('',#3412,5.E-1);
#3418=CIRCLE('',#3417,1.E-1);
#3423=CIRCLE('',#3422,1.E-1);
#3432=CIRCLE('',#3431,2.E-1);
#3441=CIRCLE('',#3440,1.E-1);
#3446=CIRCLE('',#3445,1.E-1);
#3451=CIRCLE('',#3450,4.7E0);
#3462=B_SPLINE_CURVE_WITH_KNOTS('',3,(#3456,#3457,#3458,#3459,#3460,#3461),
.UNSPECIFIED.,.F.,.F.,(4,1,1,4),(0.E0,3.333333333333E-1,6.666666666667E-1,1.E0),
.UNSPECIFIED.);
#3485=B_SPLINE_CURVE_WITH_KNOTS('',3,(#3479,#3480,#3481,#3482,#3483,#3484),
.UNSPECIFIED.,.F.,.F.,(4,1,1,4),(0.E0,3.333333333333E-1,6.666666666667E-1,1.E0),
.UNSPECIFIED.);
#3496=B_SPLINE_CURVE_WITH_KNOTS('',3,(#3490,#3491,#3492,#3493,#3494,#3495),
.UNSPECIFIED.,.F.,.F.,(4,1,1,4),(0.E0,3.333333333333E-1,6.666666666667E-1,1.E0),
.UNSPECIFIED.);
#3511=B_SPLINE_CURVE_WITH_KNOTS('',3,(#3505,#3506,#3507,#3508,#3509,#3510),
.UNSPECIFIED.,.F.,.F.,(4,1,1,4),(0.E0,3.333333333333E-1,6.666666666667E-1,1.E0),
.UNSPECIFIED.);
#3520=CIRCLE('',#3519,1.E-1);
#3525=CIRCLE('',#3524,1.E-1);
#3534=CIRCLE('',#3533,2.E-1);
#3551=CIRCLE('',#3550,4.E-1);
#3568=CIRCLE('',#3567,4.E-1);
#3585=CIRCLE('',#3584,4.E-1);
#3602=CIRCLE('',#3601,4.E-1);
#3607=CIRCLE('',#3606,1.E-1);
#3612=CIRCLE('',#3611,1.E-1);
#3617=CIRCLE('',#3616,1.E-1);
#3622=CIRCLE('',#3621,1.E-1);
#3629=B_SPLINE_CURVE_WITH_KNOTS('',3,(#3623,#3624,#3625,#3626,#3627,#3628),
.UNSPECIFIED.,.F.,.F.,(4,1,1,4),(0.E0,3.333333333333E-1,6.666666666667E-1,1.E0),
.UNSPECIFIED.);
#3644=B_SPLINE_CURVE_WITH_KNOTS('',3,(#3638,#3639,#3640,#3641,#3642,#3643),
.UNSPECIFIED.,.F.,.F.,(4,1,1,4),(0.E0,3.333333333333E-1,6.666666666667E-1,1.E0),
.UNSPECIFIED.);
#3655=B_SPLINE_CURVE_WITH_KNOTS('',3,(#3649,#3650,#3651,#3652,#3653,#3654),
.UNSPECIFIED.,.F.,.F.,(4,1,1,4),(0.E0,3.333333333333E-1,6.666666666667E-1,1.E0),
.UNSPECIFIED.);
#3678=B_SPLINE_CURVE_WITH_KNOTS('',3,(#3672,#3673,#3674,#3675,#3676,#3677),
.UNSPECIFIED.,.F.,.F.,(4,1,1,4),(0.E0,3.333333333333E-1,6.666666666667E-1,1.E0),
.UNSPECIFIED.);
#3691=CIRCLE('',#3690,2.E-1);
#3696=CIRCLE('',#3695,5.E-1);
#3705=CIRCLE('',#3704,1.E-1);
#3710=CIRCLE('',#3709,1.E-1);
#3719=CIRCLE('',#3718,2.E-1);
#3732=CIRCLE('',#3731,2.E-1);
#3741=CIRCLE('',#3740,1.E-1);
#3746=CIRCLE('',#3745,1.E-1);
#3751=CIRCLE('',#3750,5.E-1);
#3764=CIRCLE('',#3763,2.E-1);
#3769=CIRCLE('',#3768,1.E-1);
#3774=CIRCLE('',#3773,1.E-1);
#3779=CIRCLE('',#3778,1.E-1);
#3784=CIRCLE('',#3783,1.E-1);
#3789=CIRCLE('',#3788,4.7E0);
#3798=CIRCLE('',#3797,1.E-1);
#3803=CIRCLE('',#3802,1.E-1);
#3812=CIRCLE('',#3811,2.E-1);
#3821=CIRCLE('',#3820,1.E-1);
#3826=CIRCLE('',#3825,1.E-1);
#3831=CIRCLE('',#3830,5.E-1);
#3840=CIRCLE('',#3839,1.E-1);
#3845=CIRCLE('',#3844,1.E-1);
#3854=CIRCLE('',#3853,2.E-1);
#3863=CIRCLE('',#3862,1.E-1);
#3868=CIRCLE('',#3867,1.E-1);
#3873=CIRCLE('',#3872,1.E-1);
#3878=CIRCLE('',#3877,1.E-1);
#3887=CIRCLE('',#3886,2.E-1);
#3892=CIRCLE('',#3891,5.E-1);
#3901=CIRCLE('',#3900,4.7E0);
#3918=CIRCLE('',#3917,2.E-1);
#3923=CIRCLE('',#3922,1.E-1);
#3928=CIRCLE('',#3927,1.E-1);
#3937=CIRCLE('',#3936,2.E-1);
#3946=CIRCLE('',#3945,1.E-1);
#3951=CIRCLE('',#3950,1.E-1);
#3956=CIRCLE('',#3955,1.E-1);
#3961=CIRCLE('',#3960,1.E-1);
#3966=CIRCLE('',#3965,5.E-1);
#3971=CIRCLE('',#3970,5.E-1);
#3984=CIRCLE('',#3983,2.E-1);
#3989=CIRCLE('',#3988,1.E-1);
#3994=CIRCLE('',#3993,1.E-1);
#4003=CIRCLE('',#4002,2.E-1);
#4012=CIRCLE('',#4011,1.E-1);
#4017=CIRCLE('',#4016,1.E-1);
#4022=CIRCLE('',#4021,1.E-1);
#4027=CIRCLE('',#4026,1.E-1);
#4032=CIRCLE('',#4031,5.E-1);
#4037=CIRCLE('',#4036,5.E-1);
#4050=CIRCLE('',#4049,2.E-1);
#4055=CIRCLE('',#4054,1.E-1);
#4060=CIRCLE('',#4059,1.E-1);
#4069=CIRCLE('',#4068,2.E-1);
#4078=CIRCLE('',#4077,1.E-1);
#4083=CIRCLE('',#4082,1.E-1);
#4088=CIRCLE('',#4087,1.E-1);
#4093=CIRCLE('',#4092,1.E-1);
#4098=CIRCLE('',#4097,6.75E-1);
#4103=CIRCLE('',#4102,6.75E-1);
#4116=CIRCLE('',#4115,2.E-1);
#4121=CIRCLE('',#4120,1.E-1);
#4126=CIRCLE('',#4125,1.E-1);
#4135=CIRCLE('',#4134,2.E-1);
#4144=CIRCLE('',#4143,1.E-1);
#4149=CIRCLE('',#4148,1.E-1);
#4154=CIRCLE('',#4153,1.E-1);
#4159=CIRCLE('',#4158,1.E-1);
#4164=CIRCLE('',#4163,5.E-1);
#4169=CIRCLE('',#4168,5.E-1);
#4182=CIRCLE('',#4181,2.E-1);
#4187=CIRCLE('',#4186,1.E-1);
#4192=CIRCLE('',#4191,1.E-1);
#4201=CIRCLE('',#4200,2.E-1);
#4210=CIRCLE('',#4209,1.E-1);
#4215=CIRCLE('',#4214,1.E-1);
#4220=CIRCLE('',#4219,1.E-1);
#4225=CIRCLE('',#4224,1.E-1);
#4230=CIRCLE('',#4229,5.E-1);
#4235=CIRCLE('',#4234,5.E-1);
#4248=CIRCLE('',#4247,2.E-1);
#4253=CIRCLE('',#4252,1.E-1);
#4258=CIRCLE('',#4257,1.E-1);
#4267=CIRCLE('',#4266,2.E-1);
#4276=CIRCLE('',#4275,1.E-1);
#4281=CIRCLE('',#4280,1.E-1);
#4286=CIRCLE('',#4285,1.E-1);
#4291=CIRCLE('',#4290,1.E-1);
#4296=CIRCLE('',#4295,5.E-1);
#4301=CIRCLE('',#4300,5.E-1);
#4314=CIRCLE('',#4313,2.E-1);
#4319=CIRCLE('',#4318,1.E-1);
#4324=CIRCLE('',#4323,1.E-1);
#4333=CIRCLE('',#4332,2.E-1);
#4342=CIRCLE('',#4341,1.E-1);
#4347=CIRCLE('',#4346,1.E-1);
#4352=CIRCLE('',#4351,1.E-1);
#4357=CIRCLE('',#4356,1.E-1);
#4362=CIRCLE('',#4361,5.E-1);
#4367=CIRCLE('',#4366,5.E-1);
#4380=CIRCLE('',#4379,2.E-1);
#4385=CIRCLE('',#4384,1.E-1);
#4390=CIRCLE('',#4389,1.E-1);
#4399=CIRCLE('',#4398,2.E-1);
#4408=CIRCLE('',#4407,1.E-1);
#4413=CIRCLE('',#4412,1.E-1);
#4418=CIRCLE('',#4417,1.E-1);
#4423=CIRCLE('',#4422,1.E-1);
#4428=CIRCLE('',#4427,5.E-1);
#4433=CIRCLE('',#4432,5.E-1);
#4438=CIRCLE('',#4437,5.E-1);
#4443=CIRCLE('',#4442,5.E-1);
#4496=CIRCLE('',#4495,6.2E0);
#4501=CIRCLE('',#4500,6.2E0);
#4510=CIRCLE('',#4509,5.E-1);
#4515=CIRCLE('',#4514,5.E-1);
#4520=CIRCLE('',#4519,5.E-1);
#4525=CIRCLE('',#4524,5.E-1);
#4530=CIRCLE('',#4529,5.E-1);
#4535=CIRCLE('',#4534,5.E-1);
#4560=CIRCLE('',#4559,6.2E0);
#4565=CIRCLE('',#4564,6.2E0);
#4574=CIRCLE('',#4573,1.6E0);
#4579=CIRCLE('',#4578,1.6E0);
#4584=CIRCLE('',#4583,1.6E0);
#4589=CIRCLE('',#4588,1.6E0);
#4594=CIRCLE('',#4593,1.6E0);
#4599=CIRCLE('',#4598,1.6E0);
#4604=CIRCLE('',#4603,1.6E0);
#4609=CIRCLE('',#4608,1.6E0);
#4618=CIRCLE('',#4617,1.E0);
#4623=CIRCLE('',#4622,3.25E0);
#4632=CIRCLE('',#4631,3.25E0);
#4637=CIRCLE('',#4636,1.E0);
#4650=CIRCLE('',#4649,3.25E0);
#4659=CIRCLE('',#4658,3.25E0);
#4668=CIRCLE('',#4667,1.E0);
#4673=CIRCLE('',#4672,1.E0);
#4682=CIRCLE('',#4681,3.25E0);
#4691=CIRCLE('',#4690,3.25E0);
#4704=CIRCLE('',#4703,1.E0);
#4709=CIRCLE('',#4708,3.25E0);
#4718=CIRCLE('',#4717,3.25E0);
#4723=CIRCLE('',#4722,1.E0);
#4736=CIRCLE('',#4735,5.E0);
#4745=CIRCLE('',#4744,5.E0);
#4754=CIRCLE('',#4753,5.E0);
#4763=CIRCLE('',#4762,5.E0);
#4772=CIRCLE('',#4771,1.6E0);
#4777=CIRCLE('',#4776,1.6E0);
#4782=CIRCLE('',#4781,1.6E0);
#4787=CIRCLE('',#4786,1.6E0);
#4792=CIRCLE('',#4791,1.6E0);
#4797=CIRCLE('',#4796,1.6E0);
#4802=CIRCLE('',#4801,1.6E0);
#4807=CIRCLE('',#4806,1.6E0);
#4812=CIRCLE('',#4811,3.25E0);
#4821=CIRCLE('',#4820,3.25E0);
#4826=CIRCLE('',#4825,1.E0);
#4835=CIRCLE('',#4834,6.7E0);
#4844=CIRCLE('',#4843,6.7E0);
#4853=CIRCLE('',#4852,1.E0);
#4858=CIRCLE('',#4857,3.25E0);
#4867=CIRCLE('',#4866,3.25E0);
#4872=CIRCLE('',#4871,1.E0);
#4877=CIRCLE('',#4876,6.7E0);
#4886=CIRCLE('',#4885,1.E0);
#4895=CIRCLE('',#4894,3.25E0);
#4904=CIRCLE('',#4903,3.25E0);
#4913=CIRCLE('',#4912,6.7E0);
#4922=CIRCLE('',#4921,6.7E0);
#4931=CIRCLE('',#4930,3.25E0);
#4940=CIRCLE('',#4939,3.25E0);
#4949=CIRCLE('',#4948,1.E0);
#4958=CIRCLE('',#4957,6.7E0);
#4963=CIRCLE('',#4962,1.E0);
#4968=CIRCLE('',#4967,2.3E0);
#4977=CIRCLE('',#4976,2.3E0);
#4986=CIRCLE('',#4985,2.3E0);
#4995=CIRCLE('',#4994,2.3E0);
#5004=CIRCLE('',#5003,4.9E0);
#5013=CIRCLE('',#5012,4.9E0);
#5022=CIRCLE('',#5021,4.9E0);
#5031=CIRCLE('',#5030,4.9E0);
#5040=CIRCLE('',#5039,5.E0);
#5057=B_SPLINE_CURVE_WITH_KNOTS('',3,(#5049,#5050,#5051,#5052,#5053,#5054,#5055,
#5056),.UNSPECIFIED.,.F.,.F.,(4,1,1,1,1,4),(0.E0,2.E-1,4.E-1,6.E-1,8.E-1,1.E0),
.UNSPECIFIED.);
#5086=CIRCLE('',#5085,1.E0);
#5091=CIRCLE('',#5090,3.E0);
#5096=CIRCLE('',#5095,3.E0);
#5101=CIRCLE('',#5100,1.E0);
#5110=CIRCLE('',#5109,4.5E0);
#5119=CIRCLE('',#5118,4.5E0);
#5128=CIRCLE('',#5127,1.E0);
#5133=CIRCLE('',#5132,3.E0);
#5138=CIRCLE('',#5137,3.E0);
#5143=CIRCLE('',#5142,1.E0);
#5160=CIRCLE('',#5159,1.E0);
#5165=CIRCLE('',#5164,3.E0);
#5170=CIRCLE('',#5169,3.E0);
#5175=CIRCLE('',#5174,1.E0);
#5188=CIRCLE('',#5187,4.5E0);
#5197=CIRCLE('',#5196,4.5E0);
#5210=CIRCLE('',#5209,1.E0);
#5215=CIRCLE('',#5214,3.E0);
#5220=CIRCLE('',#5219,3.E0);
#5225=CIRCLE('',#5224,1.E0);
#5254=CIRCLE('',#5253,6.5E-1);
#5259=CIRCLE('',#5258,6.5E-1);
#5264=CIRCLE('',#5263,6.5E-1);
#5269=CIRCLE('',#5268,6.5E-1);
#5274=CIRCLE('',#5273,6.5E-1);
#5279=CIRCLE('',#5278,6.5E-1);
#5284=CIRCLE('',#5283,6.5E-1);
#5289=CIRCLE('',#5288,6.5E-1);
#5294=CIRCLE('',#5293,6.5E-1);
#5299=CIRCLE('',#5298,6.5E-1);
#5304=CIRCLE('',#5303,6.5E-1);
#5309=CIRCLE('',#5308,6.5E-1);
#5314=CIRCLE('',#5313,6.5E-1);
#5319=CIRCLE('',#5318,6.5E-1);
#5324=CIRCLE('',#5323,6.5E-1);
#5329=CIRCLE('',#5328,6.5E-1);
#5334=CIRCLE('',#5333,6.5E-1);
#5339=CIRCLE('',#5338,6.5E-1);
#5344=CIRCLE('',#5343,6.5E-1);
#5349=CIRCLE('',#5348,6.5E-1);
#5354=CIRCLE('',#5353,6.5E-1);
#5359=CIRCLE('',#5358,6.5E-1);
#5364=CIRCLE('',#5363,6.5E-1);
#5369=CIRCLE('',#5368,6.5E-1);
#5374=CIRCLE('',#5373,6.5E-1);
#5379=CIRCLE('',#5378,6.5E-1);
#5384=CIRCLE('',#5383,6.5E-1);
#5389=CIRCLE('',#5388,6.5E-1);
#5394=CIRCLE('',#5393,6.5E-1);
#5399=CIRCLE('',#5398,6.5E-1);
#5404=CIRCLE('',#5403,6.5E-1);
#5409=CIRCLE('',#5408,6.5E-1);
#5414=CIRCLE('',#5413,6.5E-1);
#5419=CIRCLE('',#5418,6.5E-1);
#5424=CIRCLE('',#5423,6.5E-1);
#5429=CIRCLE('',#5428,6.5E-1);
#5434=CIRCLE('',#5433,6.5E-1);
#5439=CIRCLE('',#5438,6.5E-1);
#5444=CIRCLE('',#5443,6.5E-1);
#5449=CIRCLE('',#5448,6.5E-1);
#5454=CIRCLE('',#5453,6.5E-1);
#5459=CIRCLE('',#5458,6.5E-1);
#5464=CIRCLE('',#5463,6.5E-1);
#5469=CIRCLE('',#5468,6.5E-1);
#5474=CIRCLE('',#5473,6.5E-1);
#5479=CIRCLE('',#5478,6.5E-1);
#5504=CIRCLE('',#5503,6.5E-1);
#5509=CIRCLE('',#5508,6.5E-1);
#5514=CIRCLE('',#5513,6.5E-1);
#5519=CIRCLE('',#5518,6.5E-1);
#5524=CIRCLE('',#5523,6.5E-1);
#5529=CIRCLE('',#5528,6.5E-1);
#5534=CIRCLE('',#5533,6.5E-1);
#5539=CIRCLE('',#5538,6.5E-1);
#5544=CIRCLE('',#5543,6.5E-1);
#5549=CIRCLE('',#5548,6.5E-1);
#5554=CIRCLE('',#5553,6.5E-1);
#5559=CIRCLE('',#5558,6.5E-1);
#5564=CIRCLE('',#5563,6.5E-1);
#5569=CIRCLE('',#5568,6.5E-1);
#5574=CIRCLE('',#5573,6.5E-1);
#5579=CIRCLE('',#5578,6.5E-1);
#5584=CIRCLE('',#5583,6.5E-1);
#5589=CIRCLE('',#5588,6.5E-1);
#5594=CIRCLE('',#5593,6.5E-1);
#5599=CIRCLE('',#5598,6.5E-1);
#5604=CIRCLE('',#5603,6.5E-1);
#5609=CIRCLE('',#5608,6.5E-1);
#5614=CIRCLE('',#5613,6.5E-1);
#5619=CIRCLE('',#5618,6.5E-1);
#5624=CIRCLE('',#5623,6.5E-1);
#5629=CIRCLE('',#5628,6.5E-1);
#5634=CIRCLE('',#5633,6.5E-1);
#5639=CIRCLE('',#5638,6.5E-1);
#5644=CIRCLE('',#5643,6.5E-1);
#5649=CIRCLE('',#5648,6.5E-1);
#5654=CIRCLE('',#5653,6.5E-1);
#5659=CIRCLE('',#5658,6.5E-1);
#5664=CIRCLE('',#5663,6.5E-1);
#5669=CIRCLE('',#5668,6.5E-1);
#5674=CIRCLE('',#5673,6.5E-1);
#5679=CIRCLE('',#5678,6.5E-1);
#5684=CIRCLE('',#5683,6.5E-1);
#5689=CIRCLE('',#5688,6.5E-1);
#5694=CIRCLE('',#5693,6.5E-1);
#5699=CIRCLE('',#5698,6.5E-1);
#5704=CIRCLE('',#5703,6.5E-1);
#5709=CIRCLE('',#5708,6.5E-1);
#5714=CIRCLE('',#5713,6.5E-1);
#5719=CIRCLE('',#5718,6.5E-1);
#5724=CIRCLE('',#5723,6.5E-1);
#5729=CIRCLE('',#5728,6.5E-1);
#5910=CIRCLE('',#5909,5.E-1);
#5915=CIRCLE('',#5914,5.E-1);
#5940=CIRCLE('',#5939,3.E0);
#5949=CIRCLE('',#5948,3.E0);
#5958=CIRCLE('',#5957,5.E-1);
#5963=CIRCLE('',#5962,2.5E0);
#5968=CIRCLE('',#5967,2.5E0);
#5973=CIRCLE('',#5972,2.5E0);
#5978=CIRCLE('',#5977,2.5E0);
#5983=CIRCLE('',#5982,2.5E0);
#5988=CIRCLE('',#5987,2.5E0);
#5993=CIRCLE('',#5992,2.5E0);
#5998=CIRCLE('',#5997,2.5E0);
#6003=CIRCLE('',#6002,7.5E-1);
#6008=CIRCLE('',#6007,7.5E-1);
#6013=CIRCLE('',#6012,7.5E-1);
#6018=CIRCLE('',#6017,7.5E-1);
#6023=CIRCLE('',#6022,5.E-1);
#6028=CIRCLE('',#6027,5.E-1);
#6033=CIRCLE('',#6032,3.E0);
#6046=CIRCLE('',#6045,3.E0);
#6051=CIRCLE('',#6050,3.E0);
#6060=CIRCLE('',#6059,3.E0);
#6069=CIRCLE('',#6068,1.E0);
#6082=CIRCLE('',#6081,5.E0);
#6091=CIRCLE('',#6090,1.E0);
#6096=CIRCLE('',#6095,1.E0);
#6105=CIRCLE('',#6104,5.E0);
#6118=CIRCLE('',#6117,1.E0);
#6123=CIRCLE('',#6122,1.E0);
#6140=CIRCLE('',#6139,1.E0);
#6145=CIRCLE('',#6144,1.E0);
#6162=CIRCLE('',#6161,1.E0);
#6167=CIRCLE('',#6166,3.E0);
#6176=CIRCLE('',#6175,3.E0);
#6185=CIRCLE('',#6184,5.E-1);
#6190=CIRCLE('',#6189,5.E-1);
#6195=CIRCLE('',#6194,3.E0);
#6208=CIRCLE('',#6207,3.E0);
#6229=CIRCLE('',#6228,5.E0);
#6238=CIRCLE('',#6237,5.E-1);
#6247=B_SPLINE_CURVE_WITH_KNOTS('',3,(#6239,#6240,#6241,#6242,#6243,#6244,#6245,
#6246),.UNSPECIFIED.,.F.,.F.,(4,1,1,1,1,4),(0.E0,2.E-1,4.E-1,6.E-1,8.E-1,1.E0),
.UNSPECIFIED.);
#6252=CIRCLE('',#6251,5.E-1);
#6265=CIRCLE('',#6264,3.E0);
#6278=CIRCLE('',#6277,3.E0);
#6283=CIRCLE('',#6282,5.E-1);
#6288=CIRCLE('',#6287,5.E-1);
#6293=CIRCLE('',#6292,3.E0);
#6302=CIRCLE('',#6301,3.E0);
#6327=CIRCLE('',#6326,5.E-1);
#6332=CIRCLE('',#6331,5.E-1);
#6337=CIRCLE('',#6336,5.E-1);
#6342=CIRCLE('',#6341,5.E0);
#6359=CIRCLE('',#6358,5.E-1);
#6364=CIRCLE('',#6363,5.E-1);
#6369=CIRCLE('',#6368,5.E0);
#6378=CIRCLE('',#6377,5.E-1);
#6391=CIRCLE('',#6390,3.E0);
#6404=CIRCLE('',#6403,3.E0);
#6409=CIRCLE('',#6408,5.E-1);
#6426=CIRCLE('',#6425,5.E-1);
#6431=CIRCLE('',#6430,5.E-1);
#6456=CIRCLE('',#6455,7.5E-1);
#6461=CIRCLE('',#6460,7.5E-1);
#6466=CIRCLE('',#6465,7.5E-1);
#6471=CIRCLE('',#6470,7.5E-1);
#6527=B_SPLINE_CURVE_WITH_KNOTS('',3,(#6516,#6517,#6518,#6519,#6520,#6521,#6522,
#6523,#6524,#6525,#6526),.UNSPECIFIED.,.F.,.F.,(4,1,1,1,1,1,1,1,4),(0.E0,
1.25E-1,2.5E-1,3.75E-1,5.E-1,6.25E-1,7.5E-1,8.75E-1,1.E0),.UNSPECIFIED.);
#6532=CIRCLE('',#6531,5.E-1);
#6539=B_SPLINE_CURVE_WITH_KNOTS('',3,(#6533,#6534,#6535,#6536,#6537,#6538),
.UNSPECIFIED.,.F.,.F.,(4,1,1,4),(0.E0,3.333333333333E-1,6.666666666667E-1,1.E0),
.UNSPECIFIED.);
#6548=B_SPLINE_CURVE_WITH_KNOTS('',3,(#6540,#6541,#6542,#6543,#6544,#6545,#6546,
#6547),.UNSPECIFIED.,.F.,.F.,(4,1,1,1,1,4),(0.E0,2.E-1,4.E-1,6.E-1,8.E-1,1.E0),
.UNSPECIFIED.);
#6553=CIRCLE('',#6552,5.E-1);
#6560=B_SPLINE_CURVE_WITH_KNOTS('',3,(#6554,#6555,#6556,#6557,#6558,#6559),
.UNSPECIFIED.,.F.,.F.,(4,1,1,4),(0.E0,3.333333333333E-1,6.666666666667E-1,1.E0),
.UNSPECIFIED.);
#6565=CIRCLE('',#6564,5.E-1);
#6573=B_SPLINE_CURVE_WITH_KNOTS('',3,(#6566,#6567,#6568,#6569,#6570,#6571,
#6572),.UNSPECIFIED.,.F.,.F.,(4,1,1,1,4),(0.E0,2.5E-1,5.E-1,7.5E-1,1.E0),
.UNSPECIFIED.);
#6585=B_SPLINE_CURVE_WITH_KNOTS('',3,(#6574,#6575,#6576,#6577,#6578,#6579,#6580,
#6581,#6582,#6583,#6584),.UNSPECIFIED.,.F.,.F.,(4,1,1,1,1,1,1,1,4),(0.E0,
1.25E-1,2.5E-1,3.75E-1,5.E-1,6.25E-1,7.5E-1,8.75E-1,1.E0),.UNSPECIFIED.);
#6614=CIRCLE('',#6613,6.2E0);
#6619=CIRCLE('',#6618,6.2E0);
#6628=CIRCLE('',#6627,6.2E0);
#6649=CIRCLE('',#6648,6.2E0);
#6654=CIRCLE('',#6653,6.2E0);
#6663=CIRCLE('',#6662,6.2E0);
#6699=B_SPLINE_CURVE_WITH_KNOTS('',3,(#6688,#6689,#6690,#6691,#6692,#6693,#6694,
#6695,#6696,#6697,#6698),.UNSPECIFIED.,.F.,.F.,(4,1,1,1,1,1,1,1,4),(0.E0,
1.25E-1,2.5E-1,3.75E-1,5.E-1,6.25E-1,7.5E-1,8.75E-1,1.E0),.UNSPECIFIED.);
#6704=CIRCLE('',#6703,5.E-1);
#6715=B_SPLINE_CURVE_WITH_KNOTS('',3,(#6705,#6706,#6707,#6708,#6709,#6710,#6711,
#6712,#6713,#6714),.UNSPECIFIED.,.F.,.F.,(4,1,1,1,1,1,1,4),(0.E0,
1.428571428571E-1,2.857142857143E-1,4.285714285714E-1,5.714285714286E-1,
7.142857142857E-1,8.571428571429E-1,1.E0),.UNSPECIFIED.);
#6720=CIRCLE('',#6719,5.E-1);
#6731=B_SPLINE_CURVE_WITH_KNOTS('',3,(#6721,#6722,#6723,#6724,#6725,#6726,#6727,
#6728,#6729,#6730),.UNSPECIFIED.,.F.,.F.,(4,1,1,1,1,1,1,4),(0.E0,
1.428571428571E-1,2.857142857143E-1,4.285714285714E-1,5.714285714286E-1,
7.142857142857E-1,8.571428571429E-1,1.E0),.UNSPECIFIED.);
#6736=CIRCLE('',#6735,5.E-1);
#6768=B_SPLINE_CURVE_WITH_KNOTS('',3,(#6757,#6758,#6759,#6760,#6761,#6762,#6763,
#6764,#6765,#6766,#6767),.UNSPECIFIED.,.F.,.F.,(4,1,1,1,1,1,1,1,4),(0.E0,
1.25E-1,2.5E-1,3.75E-1,5.E-1,6.25E-1,7.5E-1,8.75E-1,1.E0),.UNSPECIFIED.);
#6805=CIRCLE('',#6804,2.3E0);
#6814=CIRCLE('',#6813,5.E-1);
#6819=CIRCLE('',#6818,2.8E0);
#6828=CIRCLE('',#6827,2.8E0);
#6837=CIRCLE('',#6836,2.8E0);
#6846=CIRCLE('',#6845,2.8E0);
#6855=CIRCLE('',#6854,4.4E0);
#6864=CIRCLE('',#6863,4.4E0);
#6873=CIRCLE('',#6872,4.4E0);
#6882=CIRCLE('',#6881,4.4E0);
#6891=CIRCLE('',#6890,5.E-1);
#6904=CIRCLE('',#6903,2.3E0);
#6913=CIRCLE('',#6912,5.E-1);
#6918=CIRCLE('',#6917,5.E-1);
#6931=CIRCLE('',#6930,2.3E0);
#6940=CIRCLE('',#6939,5.E-1);
#6945=CIRCLE('',#6944,5.E-1);
#6958=CIRCLE('',#6957,2.3E0);
#6967=CIRCLE('',#6966,5.E-1);
#6972=CIRCLE('',#6971,5.E-1);
#6985=CIRCLE('',#6984,5.E-1);
#6990=CIRCLE('',#6989,5.E-1);
#6995=CIRCLE('',#6994,5.E-1);
#7000=CIRCLE('',#6999,5.E-1);
#7005=CIRCLE('',#7004,5.E-1);
#7010=CIRCLE('',#7009,5.E-1);
#7015=CIRCLE('',#7014,5.E-1);
#7020=CIRCLE('',#7019,5.E-1);
#7033=CIRCLE('',#7032,4.9E0);
#7050=CIRCLE('',#7049,4.9E0);
#7067=CIRCLE('',#7066,4.9E0);
#7084=CIRCLE('',#7083,4.9E0);
#9186=EDGE_CURVE('',#8241,#8242,#42,.T.);
#9188=EDGE_CURVE('',#8248,#8241,#46,.T.);
#9190=EDGE_CURVE('',#8252,#8248,#51,.T.);
#9192=EDGE_CURVE('',#8256,#8252,#55,.T.);
#9194=EDGE_CURVE('',#8260,#8256,#60,.T.);
#9196=EDGE_CURVE('',#8264,#8260,#64,.T.);
#9198=EDGE_CURVE('',#8268,#8264,#69,.T.);
#9200=EDGE_CURVE('',#8242,#8268,#73,.T.);
#9204=EDGE_CURVE('',#7541,#7542,#5,.T.);
#9206=EDGE_CURVE('',#7554,#7541,#10,.T.);
#9208=EDGE_CURVE('',#7552,#7554,#14,.T.);
#9210=EDGE_CURVE('',#7550,#7552,#19,.T.);
#9212=EDGE_CURVE('',#7548,#7550,#23,.T.);
#9214=EDGE_CURVE('',#7546,#7548,#28,.T.);
#9216=EDGE_CURVE('',#7544,#7546,#32,.T.);
#9218=EDGE_CURVE('',#7542,#7544,#37,.T.);
#9222=ADVANCED_FACE('',(#9203,#9221),#9185,.T.);
#9229=EDGE_CURVE('',#7570,#7542,#77,.T.);
#9231=EDGE_CURVE('',#7570,#7557,#311,.T.);
#9233=EDGE_CURVE('',#7557,#7541,#101,.T.);
#9237=ADVANCED_FACE('',(#9236),#9227,.F.);
#9244=EDGE_CURVE('',#7568,#7544,#81,.T.);
#9246=EDGE_CURVE('',#7568,#7570,#3451,.T.);
#9251=ADVANCED_FACE('',(#9250),#9242,.F.);
#9258=EDGE_CURVE('',#7566,#7546,#85,.T.);
#9260=EDGE_CURVE('',#7566,#7568,#3470,.T.);
#9265=ADVANCED_FACE('',(#9264),#9256,.F.);
#9272=EDGE_CURVE('',#7564,#7548,#89,.T.);
#9274=EDGE_CURVE('',#7564,#7566,#3901,.T.);
#9279=ADVANCED_FACE('',(#9278),#9270,.F.);
#9286=EDGE_CURVE('',#7562,#7550,#93,.T.);
#9288=EDGE_CURVE('',#7562,#7564,#855,.T.);
#9293=ADVANCED_FACE('',(#9292),#9284,.F.);
#9300=EDGE_CURVE('',#7560,#7552,#97,.T.);
#9302=EDGE_CURVE('',#7560,#7562,#3789,.T.);
#9307=ADVANCED_FACE('',(#9306),#9298,.F.);
#9314=EDGE_CURVE('',#7558,#7554,#105,.T.);
#9316=EDGE_CURVE('',#7558,#7560,#3663,.T.);
#9321=ADVANCED_FACE('',(#9320),#9312,.F.);
#9329=EDGE_CURVE('',#7557,#7558,#110,.T.);
#9334=ADVANCED_FACE('',(#9333),#9326,.F.);
#9341=EDGE_CURVE('',#7557,#7179,#114,.T.);
#9343=EDGE_CURVE('',#7179,#7180,#1437,.T.);
#9345=EDGE_CURVE('',#7558,#7180,#3667,.T.);
#9349=ADVANCED_FACE('',(#9348),#9339,.F.);
#9355=EDGE_CURVE('',#8908,#8928,#121,.T.);
#9357=EDGE_CURVE('',#7415,#8928,#125,.T.);
#9359=EDGE_CURVE('',#7415,#7416,#1229,.T.);
#9361=EDGE_CURVE('',#7416,#8950,#129,.T.);
#9363=EDGE_CURVE('',#8950,#8931,#136,.T.);
#9365=EDGE_CURVE('',#8931,#8932,#140,.T.);
#9367=EDGE_CURVE('',#8932,#8952,#147,.T.);
#9369=EDGE_CURVE('',#7419,#8952,#151,.T.);
#9371=EDGE_CURVE('',#7419,#7420,#1217,.T.);
#9373=EDGE_CURVE('',#7420,#8974,#155,.T.);
#9375=EDGE_CURVE('',#8974,#8955,#162,.T.);
#9377=EDGE_CURVE('',#8955,#8956,#166,.T.);
#9379=EDGE_CURVE('',#8956,#8976,#173,.T.);
#9381=EDGE_CURVE('',#7423,#8976,#177,.T.);
#9383=EDGE_CURVE('',#7423,#7424,#1205,.T.);
#9385=EDGE_CURVE('',#7424,#8998,#181,.T.);
#9387=EDGE_CURVE('',#8998,#8995,#188,.T.);
#9389=EDGE_CURVE('',#8995,#8996,#192,.T.);
#9391=EDGE_CURVE('',#8996,#9000,#199,.T.);
#9393=EDGE_CURVE('',#7427,#9000,#203,.T.);
#9395=EDGE_CURVE('',#7427,#7428,#1193,.T.);
#9397=EDGE_CURVE('',#7428,#9022,#207,.T.);
#9399=EDGE_CURVE('',#9022,#9019,#214,.T.);
#9401=EDGE_CURVE('',#9019,#9020,#218,.T.);
#9403=EDGE_CURVE('',#9020,#9024,#225,.T.);
#9405=EDGE_CURVE('',#7431,#9024,#229,.T.);
#9407=EDGE_CURVE('',#7431,#7432,#1181,.T.);
#9409=EDGE_CURVE('',#7432,#9046,#233,.T.);
#9411=EDGE_CURVE('',#9046,#9027,#240,.T.);
#9413=EDGE_CURVE('',#9027,#9028,#244,.T.);
#9415=EDGE_CURVE('',#9028,#9048,#251,.T.);
#9417=EDGE_CURVE('',#7435,#9048,#255,.T.);
#9419=EDGE_CURVE('',#7435,#7436,#1169,.T.);
#9421=EDGE_CURVE('',#7436,#9070,#259,.T.);
#9423=EDGE_CURVE('',#9070,#9051,#266,.T.);
#9425=EDGE_CURVE('',#9051,#9052,#270,.T.);
#9427=EDGE_CURVE('',#9052,#9072,#277,.T.);
#9429=EDGE_CURVE('',#7439,#9072,#281,.T.);
#9431=EDGE_CURVE('',#7439,#7440,#1453,.T.);
#9433=EDGE_CURVE('',#7440,#9094,#285,.T.);
#9435=EDGE_CURVE('',#9094,#9075,#292,.T.);
#9437=EDGE_CURVE('',#9075,#9076,#296,.T.);
#9439=EDGE_CURVE('',#9076,#9096,#303,.T.);
#9441=EDGE_CURVE('',#7574,#9096,#307,.T.);
#9443=EDGE_CURVE('',#7574,#7179,#1441,.T.);
#9447=EDGE_CURVE('',#7570,#7192,#315,.T.);
#9449=EDGE_CURVE('',#7192,#7412,#1241,.T.);
#9451=EDGE_CURVE('',#7412,#8926,#319,.T.);
#9453=EDGE_CURVE('',#8926,#8907,#326,.T.);
#9455=EDGE_CURVE('',#8907,#8908,#330,.T.);
#9459=ADVANCED_FACE('',(#9458),#9354,.F.);
#9465=EDGE_CURVE('',#8917,#8928,#353,.T.);
#9468=EDGE_CURVE('',#8912,#8908,#335,.T.);
#9470=EDGE_CURVE('',#8917,#8912,#340,.T.);
#9474=ADVANCED_FACE('',(#9473),#9464,.T.);
#9480=EDGE_CURVE('',#8917,#8918,#344,.T.);
#9482=EDGE_CURVE('',#8918,#7620,#348,.T.);
#9484=EDGE_CURVE('',#7415,#7620,#1233,.T.);
#9490=ADVANCED_FACE('',(#9489),#9479,.T.);
#9496=EDGE_CURVE('',#8912,#8914,#506,.T.);
#9498=EDGE_CURVE('',#8914,#8918,#3418,.T.);
#9504=ADVANCED_FACE('',(#9503),#9495,.T.);
#9510=EDGE_CURVE('',#8715,#8716,#357,.T.);
#9512=EDGE_CURVE('',#8728,#8715,#361,.T.);
#9514=EDGE_CURVE('',#8722,#8728,#365,.T.);
#9516=EDGE_CURVE('',#8716,#8722,#370,.T.);
#9520=ADVANCED_FACE('',(#9519),#9509,.T.);
#9526=EDGE_CURVE('',#8739,#8740,#374,.T.);
#9528=EDGE_CURVE('',#8752,#8739,#378,.T.);
#9530=EDGE_CURVE('',#8746,#8752,#382,.T.);
#9532=EDGE_CURVE('',#8740,#8746,#387,.T.);
#9536=ADVANCED_FACE('',(#9535),#9525,.T.);
#9542=EDGE_CURVE('',#8763,#8764,#391,.T.);
#9544=EDGE_CURVE('',#8776,#8763,#395,.T.);
#9546=EDGE_CURVE('',#8770,#8776,#399,.T.);
#9548=EDGE_CURVE('',#8764,#8770,#404,.T.);
#9552=ADVANCED_FACE('',(#9551),#9541,.T.);
#9558=EDGE_CURVE('',#8787,#8788,#408,.T.);
#9560=EDGE_CURVE('',#8800,#8787,#412,.T.);
#9562=EDGE_CURVE('',#8794,#8800,#416,.T.);
#9564=EDGE_CURVE('',#8788,#8794,#421,.T.);
#9568=ADVANCED_FACE('',(#9567),#9557,.T.);
#9574=EDGE_CURVE('',#8811,#8812,#425,.T.);
#9576=EDGE_CURVE('',#8824,#8811,#429,.T.);
#9578=EDGE_CURVE('',#8818,#8824,#433,.T.);
#9580=EDGE_CURVE('',#8812,#8818,#438,.T.);
#9584=ADVANCED_FACE('',(#9583),#9573,.T.);
#9590=EDGE_CURVE('',#8839,#8840,#442,.T.);
#9592=EDGE_CURVE('',#8848,#8839,#446,.T.);
#9594=EDGE_CURVE('',#8842,#8848,#451,.T.);
#9596=EDGE_CURVE('',#8840,#8842,#455,.T.);
#9600=ADVANCED_FACE('',(#9599),#9589,.T.);
#9606=EDGE_CURVE('',#8859,#8860,#459,.T.);
#9608=EDGE_CURVE('',#8872,#8859,#463,.T.);
#9610=EDGE_CURVE('',#8866,#8872,#467,.T.);
#9612=EDGE_CURVE('',#8860,#8866,#472,.T.);
#9616=ADVANCED_FACE('',(#9615),#9605,.T.);
#9622=EDGE_CURVE('',#8883,#8884,#476,.T.);
#9624=EDGE_CURVE('',#8896,#8883,#480,.T.);
#9626=EDGE_CURVE('',#8890,#8896,#484,.T.);
#9628=EDGE_CURVE('',#8884,#8890,#489,.T.);
#9632=ADVANCED_FACE('',(#9631),#9621,.T.);
#9638=EDGE_CURVE('',#8911,#8912,#493,.T.);
#9640=EDGE_CURVE('',#8920,#8911,#497,.T.);
#9642=EDGE_CURVE('',#8914,#8920,#502,.T.);
#9647=ADVANCED_FACE('',(#9646),#9637,.T.);
#9653=EDGE_CURVE('',#8935,#8936,#510,.T.);
#9655=EDGE_CURVE('',#8944,#8935,#514,.T.);
#9657=EDGE_CURVE('',#8938,#8944,#519,.T.);
#9659=EDGE_CURVE('',#8936,#8938,#523,.T.);
#9663=ADVANCED_FACE('',(#9662),#9652,.T.);
#9669=EDGE_CURVE('',#8959,#8960,#527,.T.);
#9671=EDGE_CURVE('',#8968,#8959,#531,.T.);
#9673=EDGE_CURVE('',#8962,#8968,#536,.T.);
#9675=EDGE_CURVE('',#8960,#8962,#540,.T.);
#9679=ADVANCED_FACE('',(#9678),#9668,.T.);
#9685=EDGE_CURVE('',#8979,#8980,#544,.T.);
#9687=EDGE_CURVE('',#8992,#8979,#548,.T.);
#9689=EDGE_CURVE('',#8986,#8992,#552,.T.);
#9691=EDGE_CURVE('',#8980,#8986,#557,.T.);
#9695=ADVANCED_FACE('',(#9694),#9684,.T.);
#9701=EDGE_CURVE('',#9003,#9004,#561,.T.);
#9703=EDGE_CURVE('',#9016,#9003,#565,.T.);
#9705=EDGE_CURVE('',#9010,#9016,#569,.T.);
#9707=EDGE_CURVE('',#9004,#9010,#574,.T.);
#9711=ADVANCED_FACE('',(#9710),#9700,.T.);
#9717=EDGE_CURVE('',#9031,#9032,#578,.T.);
#9719=EDGE_CURVE('',#9040,#9031,#582,.T.);
#9721=EDGE_CURVE('',#9034,#9040,#587,.T.);
#9723=EDGE_CURVE('',#9032,#9034,#591,.T.);
#9727=ADVANCED_FACE('',(#9726),#9716,.T.);
#9733=EDGE_CURVE('',#9055,#9056,#595,.T.);
#9735=EDGE_CURVE('',#9064,#9055,#599,.T.);
#9737=EDGE_CURVE('',#9058,#9064,#604,.T.);
#9739=EDGE_CURVE('',#9056,#9058,#608,.T.);
#9743=ADVANCED_FACE('',(#9742),#9732,.T.);
#9749=EDGE_CURVE('',#9079,#9080,#612,.T.);
#9751=EDGE_CURVE('',#9088,#9079,#616,.T.);
#9753=EDGE_CURVE('',#9082,#9088,#621,.T.);
#9755=EDGE_CURVE('',#9080,#9082,#625,.T.);
#9759=ADVANCED_FACE('',(#9758),#9748,.T.);
#9766=EDGE_CURVE('',#8716,#8720,#630,.T.);
#9768=EDGE_CURVE('',#8719,#8720,#888,.T.);
#9770=EDGE_CURVE('',#8719,#8715,#884,.T.);
#9774=ADVANCED_FACE('',(#9773),#9764,.T.);
#9781=EDGE_CURVE('',#8722,#8724,#635,.T.);
#9783=EDGE_CURVE('',#8720,#8724,#902,.T.);
#9788=ADVANCED_FACE('',(#9787),#9779,.T.);
#9794=EDGE_CURVE('',#8724,#8726,#639,.T.);
#9798=EDGE_CURVE('',#8728,#8726,#653,.T.);
#9802=ADVANCED_FACE('',(#9801),#9793,.T.);
#9809=EDGE_CURVE('',#8726,#8734,#644,.T.);
#9811=EDGE_CURVE('',#7382,#8734,#863,.T.);
#9813=EDGE_CURVE('',#7382,#7670,#1385,.T.);
#9815=EDGE_CURVE('',#7670,#8724,#648,.T.);
#9819=ADVANCED_FACE('',(#9818),#9807,.T.);
#9827=EDGE_CURVE('',#8731,#8728,#658,.T.);
#9829=EDGE_CURVE('',#8734,#8731,#870,.T.);
#9833=ADVANCED_FACE('',(#9832),#9824,.T.);
#9839=EDGE_CURVE('',#8731,#8732,#874,.T.);
#9843=EDGE_CURVE('',#8715,#8732,#879,.T.);
#9847=ADVANCED_FACE('',(#9846),#9838,.F.);
#9853=EDGE_CURVE('',#8732,#8736,#665,.T.);
#9855=EDGE_CURVE('',#7385,#8736,#669,.T.);
#9857=EDGE_CURVE('',#7385,#7386,#1377,.T.);
#9859=EDGE_CURVE('',#7386,#8758,#673,.T.);
#9861=EDGE_CURVE('',#8758,#8755,#680,.T.);
#9863=EDGE_CURVE('',#8755,#8756,#684,.T.);
#9865=EDGE_CURVE('',#8756,#8760,#691,.T.);
#9867=EDGE_CURVE('',#7389,#8760,#695,.T.);
#9869=EDGE_CURVE('',#7389,#7390,#1365,.T.);
#9871=EDGE_CURVE('',#7390,#8782,#699,.T.);
#9873=EDGE_CURVE('',#8782,#8779,#706,.T.);
#9875=EDGE_CURVE('',#8779,#8780,#710,.T.);
#9877=EDGE_CURVE('',#8780,#8784,#717,.T.);
#9879=EDGE_CURVE('',#7393,#8784,#721,.T.);
#9881=EDGE_CURVE('',#7393,#7394,#1353,.T.);
#9883=EDGE_CURVE('',#7394,#8806,#725,.T.);
#9885=EDGE_CURVE('',#8806,#8803,#732,.T.);
#9887=EDGE_CURVE('',#8803,#8804,#736,.T.);
#9889=EDGE_CURVE('',#8804,#8808,#743,.T.);
#9891=EDGE_CURVE('',#7397,#8808,#747,.T.);
#9893=EDGE_CURVE('',#7397,#7398,#1341,.T.);
#9895=EDGE_CURVE('',#7398,#8830,#751,.T.);
#9897=EDGE_CURVE('',#8830,#8827,#758,.T.);
#9899=EDGE_CURVE('',#8827,#8828,#762,.T.);
#9901=EDGE_CURVE('',#8828,#8832,#769,.T.);
#9903=EDGE_CURVE('',#7401,#8832,#773,.T.);
#9905=EDGE_CURVE('',#7401,#7402,#1329,.T.);
#9907=EDGE_CURVE('',#7402,#8854,#777,.T.);
#9909=EDGE_CURVE('',#8854,#8835,#784,.T.);
#9911=EDGE_CURVE('',#8835,#8836,#788,.T.);
#9913=EDGE_CURVE('',#8836,#8856,#795,.T.);
#9915=EDGE_CURVE('',#7405,#8856,#799,.T.);
#9917=EDGE_CURVE('',#7405,#7406,#1317,.T.);
#9919=EDGE_CURVE('',#7406,#8878,#803,.T.);
#9921=EDGE_CURVE('',#8878,#8875,#810,.T.);
#9923=EDGE_CURVE('',#8875,#8876,#814,.T.);
#9925=EDGE_CURVE('',#8876,#8880,#821,.T.);
#9927=EDGE_CURVE('',#7409,#8880,#825,.T.);
#9929=EDGE_CURVE('',#7409,#7410,#1305,.T.);
#9931=EDGE_CURVE('',#7410,#8902,#829,.T.);
#9933=EDGE_CURVE('',#8902,#8899,#836,.T.);
#9935=EDGE_CURVE('',#8899,#8900,#840,.T.);
#9937=EDGE_CURVE('',#8900,#8904,#847,.T.);
#9939=EDGE_CURVE('',#7572,#8904,#851,.T.);
#9941=EDGE_CURVE('',#7572,#7187,#1293,.T.);
#9943=EDGE_CURVE('',#7564,#7187,#3905,.T.);
#9946=EDGE_CURVE('',#7562,#7184,#859,.T.);
#9948=EDGE_CURVE('',#7184,#7382,#1389,.T.);
#9955=ADVANCED_FACE('',(#9954),#9852,.F.);
#9961=EDGE_CURVE('',#8719,#8736,#897,.T.);
#9968=ADVANCED_FACE('',(#9967),#9960,.T.);
#9975=EDGE_CURVE('',#7668,#8720,#892,.T.);
#9977=EDGE_CURVE('',#7385,#7668,#1381,.T.);
#9983=ADVANCED_FACE('',(#9982),#9973,.T.);
#9991=EDGE_CURVE('',#7670,#7668,#907,.T.);
#9996=ADVANCED_FACE('',(#9995),#9988,.T.);
#10002=EDGE_CURVE('',#7439,#7640,#1161,.T.);
#10004=EDGE_CURVE('',#7642,#7640,#3073,.T.);
#10006=EDGE_CURVE('',#7436,#7642,#1165,.T.);
#10009=EDGE_CURVE('',#7435,#7636,#1173,.T.);
#10011=EDGE_CURVE('',#7638,#7636,#3139,.T.);
#10013=EDGE_CURVE('',#7432,#7638,#1177,.T.);
#10016=EDGE_CURVE('',#7431,#7652,#1185,.T.);
#10018=EDGE_CURVE('',#7654,#7652,#3205,.T.);
#10020=EDGE_CURVE('',#7428,#7654,#1189,.T.);
#10023=EDGE_CURVE('',#7427,#7608,#1197,.T.);
#10025=EDGE_CURVE('',#7610,#7608,#3271,.T.);
#10027=EDGE_CURVE('',#7424,#7610,#1201,.T.);
#10030=EDGE_CURVE('',#7423,#7612,#1209,.T.);
#10032=EDGE_CURVE('',#7614,#7612,#3337,.T.);
#10034=EDGE_CURVE('',#7420,#7614,#1213,.T.);
#10037=EDGE_CURVE('',#7419,#7616,#1221,.T.);
#10039=EDGE_CURVE('',#7618,#7616,#3403,.T.);
#10041=EDGE_CURVE('',#7416,#7618,#1225,.T.);
#10045=EDGE_CURVE('',#7622,#7620,#3413,.T.);
#10047=EDGE_CURVE('',#7412,#7622,#1237,.T.);
#10050=EDGE_CURVE('',#7191,#7192,#1246,.T.);
#10052=EDGE_CURVE('',#7577,#7191,#1250,.T.);
#10054=EDGE_CURVE('',#7577,#7578,#1254,.T.);
#10056=EDGE_CURVE('',#7578,#7582,#1259,.T.);
#10058=EDGE_CURVE('',#7581,#7582,#1263,.T.);
#10060=EDGE_CURVE('',#7594,#7581,#1267,.T.);
#10062=EDGE_CURVE('',#7594,#7596,#1271,.T.);
#10064=EDGE_CURVE('',#7596,#7598,#1276,.T.);
#10066=EDGE_CURVE('',#7592,#7598,#1280,.T.);
#10068=EDGE_CURVE('',#7188,#7592,#1284,.T.);
#10070=EDGE_CURVE('',#7187,#7188,#1289,.T.);
#10073=EDGE_CURVE('',#7572,#7632,#1297,.T.);
#10075=EDGE_CURVE('',#7634,#7632,#3971,.T.);
#10077=EDGE_CURVE('',#7410,#7634,#1301,.T.);
#10080=EDGE_CURVE('',#7409,#7628,#1309,.T.);
#10082=EDGE_CURVE('',#7630,#7628,#4037,.T.);
#10084=EDGE_CURVE('',#7406,#7630,#1313,.T.);
#10087=EDGE_CURVE('',#7405,#7658,#1321,.T.);
#10089=EDGE_CURVE('',#7656,#7658,#4103,.T.);
#10091=EDGE_CURVE('',#7402,#7656,#1325,.T.);
#10094=EDGE_CURVE('',#7401,#7626,#1333,.T.);
#10096=EDGE_CURVE('',#7624,#7626,#4169,.T.);
#10098=EDGE_CURVE('',#7398,#7624,#1337,.T.);
#10101=EDGE_CURVE('',#7397,#7650,#1345,.T.);
#10103=EDGE_CURVE('',#7648,#7650,#4235,.T.);
#10105=EDGE_CURVE('',#7394,#7648,#1349,.T.);
#10108=EDGE_CURVE('',#7393,#7660,#1357,.T.);
#10110=EDGE_CURVE('',#7662,#7660,#4301,.T.);
#10112=EDGE_CURVE('',#7390,#7662,#1361,.T.);
#10115=EDGE_CURVE('',#7389,#7664,#1369,.T.);
#10117=EDGE_CURVE('',#7666,#7664,#4367,.T.);
#10119=EDGE_CURVE('',#7386,#7666,#1373,.T.);
#10126=EDGE_CURVE('',#7183,#7184,#1394,.T.);
#10128=EDGE_CURVE('',#7590,#7183,#1398,.T.);
#10130=EDGE_CURVE('',#7590,#7604,#1402,.T.);
#10132=EDGE_CURVE('',#7604,#7606,#1407,.T.);
#10134=EDGE_CURVE('',#7588,#7606,#1411,.T.);
#10136=EDGE_CURVE('',#7587,#7588,#1415,.T.);
#10138=EDGE_CURVE('',#7587,#7600,#1419,.T.);
#10140=EDGE_CURVE('',#7600,#7602,#1424,.T.);
#10142=EDGE_CURVE('',#7584,#7602,#1428,.T.);
#10144=EDGE_CURVE('',#7180,#7584,#1432,.T.);
#10148=EDGE_CURVE('',#7574,#7644,#1445,.T.);
#10150=EDGE_CURVE('',#7646,#7644,#4433,.T.);
#10152=EDGE_CURVE('',#7440,#7646,#1449,.T.);
#10157=EDGE_CURVE('',#8527,#8528,#922,.T.);
#10159=EDGE_CURVE('',#8528,#8527,#927,.T.);
#10163=EDGE_CURVE('',#7781,#7782,#932,.T.);
#10165=EDGE_CURVE('',#7782,#7781,#937,.T.);
#10169=EDGE_CURVE('',#7785,#7786,#942,.T.);
#10171=EDGE_CURVE('',#7786,#7785,#947,.T.);
#10175=EDGE_CURVE('',#7789,#7790,#952,.T.);
#10177=EDGE_CURVE('',#7790,#7789,#957,.T.);
#10181=EDGE_CURVE('',#7793,#7794,#962,.T.);
#10183=EDGE_CURVE('',#7794,#7793,#967,.T.);
#10187=EDGE_CURVE('',#7797,#7798,#972,.T.);
#10189=EDGE_CURVE('',#7798,#7797,#977,.T.);
#10193=EDGE_CURVE('',#7801,#7802,#982,.T.);
#10195=EDGE_CURVE('',#7802,#7801,#987,.T.);
#10199=EDGE_CURVE('',#7805,#7806,#992,.T.);
#10201=EDGE_CURVE('',#7806,#7805,#997,.T.);
#10205=EDGE_CURVE('',#7809,#7810,#1002,.T.);
#10207=EDGE_CURVE('',#7810,#7809,#1007,.T.);
#10211=EDGE_CURVE('',#7813,#7814,#1012,.T.);
#10213=EDGE_CURVE('',#7814,#7813,#1017,.T.);
#10217=EDGE_CURVE('',#7817,#7818,#1022,.T.);
#10219=EDGE_CURVE('',#7818,#7817,#1027,.T.);
#10223=EDGE_CURVE('',#7821,#7822,#1032,.T.);
#10225=EDGE_CURVE('',#7822,#7821,#1037,.T.);
#10229=EDGE_CURVE('',#7825,#7826,#1042,.T.);
#10231=EDGE_CURVE('',#7826,#7825,#1047,.T.);
#10235=EDGE_CURVE('',#7829,#7830,#1052,.T.);
#10237=EDGE_CURVE('',#7830,#7829,#1057,.T.);
#10241=EDGE_CURVE('',#7833,#7834,#1062,.T.);
#10243=EDGE_CURVE('',#7834,#7833,#1067,.T.);
#10247=EDGE_CURVE('',#7837,#7838,#1072,.T.);
#10249=EDGE_CURVE('',#7838,#7837,#1077,.T.);
#10253=EDGE_CURVE('',#7841,#7842,#1082,.T.);
#10255=EDGE_CURVE('',#7842,#7841,#1087,.T.);
#10259=EDGE_CURVE('',#7845,#7846,#1092,.T.);
#10261=EDGE_CURVE('',#7846,#7845,#1097,.T.);
#10265=EDGE_CURVE('',#7849,#7850,#1102,.T.);
#10267=EDGE_CURVE('',#7850,#7849,#1107,.T.);
#10271=EDGE_CURVE('',#7853,#7854,#1112,.T.);
#10273=EDGE_CURVE('',#7854,#7853,#1117,.T.);
#10277=EDGE_CURVE('',#7857,#7858,#1122,.T.);
#10279=EDGE_CURVE('',#7858,#7857,#1127,.T.);
#10283=EDGE_CURVE('',#7861,#7862,#1132,.T.);
#10285=EDGE_CURVE('',#7862,#7861,#1137,.T.);
#10289=EDGE_CURVE('',#7865,#7866,#1142,.T.);
#10291=EDGE_CURVE('',#7866,#7865,#1147,.T.);
#10295=EDGE_CURVE('',#7869,#7870,#1152,.T.);
#10297=EDGE_CURVE('',#7870,#7869,#1157,.T.);
#10301=EDGE_CURVE('',#8523,#8524,#912,.T.);
#10303=EDGE_CURVE('',#8524,#8523,#917,.T.);
#10307=ADVANCED_FACE('',(#10156,#10162,#10168,#10174,#10180,#10186,#10192,
#10198,#10204,#10210,#10216,#10222,#10228,#10234,#10240,#10246,#10252,#10258,
#10264,#10270,#10276,#10282,#10288,#10294,#10300,#10306),#10001,.T.);
#10314=EDGE_CURVE('',#8523,#8515,#1457,.T.);
#10316=EDGE_CURVE('',#8515,#8516,#1466,.T.);
#10318=EDGE_CURVE('',#8524,#8516,#1461,.T.);
#10322=ADVANCED_FACE('',(#10321),#10312,.F.);
#10330=EDGE_CURVE('',#8516,#8515,#1471,.T.);
#10335=ADVANCED_FACE('',(#10334),#10327,.F.);
#10345=EDGE_CURVE('',#8058,#8068,#1485,.T.);
#10347=EDGE_CURVE('',#8057,#8058,#1489,.T.);
#10349=EDGE_CURVE('',#8060,#8057,#1493,.T.);
#10351=EDGE_CURVE('',#8062,#8060,#1497,.T.);
#10353=EDGE_CURVE('',#8064,#8062,#1501,.T.);
#10355=EDGE_CURVE('',#8066,#8064,#1505,.T.);
#10357=EDGE_CURVE('',#8068,#8066,#1509,.T.);
#10361=ADVANCED_FACE('',(#10344,#10360),#10340,.T.);
#10367=EDGE_CURVE('',#8519,#8520,#1476,.T.);
#10369=EDGE_CURVE('',#8520,#8519,#1481,.T.);
#10373=EDGE_CURVE('',#8072,#8124,#1513,.T.);
#10375=EDGE_CURVE('',#8071,#8072,#1517,.T.);
#10377=EDGE_CURVE('',#8074,#8071,#1521,.T.);
#10379=EDGE_CURVE('',#8076,#8074,#1525,.T.);
#10381=EDGE_CURVE('',#8078,#8076,#1529,.T.);
#10383=EDGE_CURVE('',#8080,#8078,#1533,.T.);
#10385=EDGE_CURVE('',#8082,#8080,#1537,.T.);
#10387=EDGE_CURVE('',#8084,#8082,#1541,.T.);
#10389=EDGE_CURVE('',#8086,#8084,#1545,.T.);
#10391=EDGE_CURVE('',#8088,#8086,#1549,.T.);
#10393=EDGE_CURVE('',#8090,#8088,#1553,.T.);
#10395=EDGE_CURVE('',#8092,#8090,#1557,.T.);
#10397=EDGE_CURVE('',#8094,#8092,#1561,.T.);
#10399=EDGE_CURVE('',#8096,#8094,#1565,.T.);
#10401=EDGE_CURVE('',#8098,#8096,#1569,.T.);
#10403=EDGE_CURVE('',#8100,#8098,#1573,.T.);
#10405=EDGE_CURVE('',#8102,#8100,#1577,.T.);
#10407=EDGE_CURVE('',#8104,#8102,#1581,.T.);
#10409=EDGE_CURVE('',#8106,#8104,#1585,.T.);
#10411=EDGE_CURVE('',#8108,#8106,#1589,.T.);
#10413=EDGE_CURVE('',#8110,#8108,#1593,.T.);
#10415=EDGE_CURVE('',#8112,#8110,#1597,.T.);
#10417=EDGE_CURVE('',#8114,#8112,#1601,.T.);
#10419=EDGE_CURVE('',#8116,#8114,#1605,.T.);
#10421=EDGE_CURVE('',#8118,#8116,#1609,.T.);
#10423=EDGE_CURVE('',#8120,#8118,#1613,.T.);
#10425=EDGE_CURVE('',#8122,#8120,#1617,.T.);
#10427=EDGE_CURVE('',#8124,#8122,#1621,.T.);
#10431=EDGE_CURVE('',#8128,#8238,#1625,.T.);
#10433=EDGE_CURVE('',#8127,#8128,#1629,.T.);
#10435=EDGE_CURVE('',#8130,#8127,#1633,.T.);
#10437=EDGE_CURVE('',#8132,#8130,#1637,.T.);
#10439=EDGE_CURVE('',#8134,#8132,#1641,.T.);
#10441=EDGE_CURVE('',#8136,#8134,#1645,.T.);
#10443=EDGE_CURVE('',#8138,#8136,#1649,.T.);
#10445=EDGE_CURVE('',#8140,#8138,#1653,.T.);
#10447=EDGE_CURVE('',#8142,#8140,#1657,.T.);
#10449=EDGE_CURVE('',#8144,#8142,#1661,.T.);
#10451=EDGE_CURVE('',#8146,#8144,#1665,.T.);
#10453=EDGE_CURVE('',#8148,#8146,#1669,.T.);
#10455=EDGE_CURVE('',#8150,#8148,#1673,.T.);
#10457=EDGE_CURVE('',#8152,#8150,#1677,.T.);
#10459=EDGE_CURVE('',#8154,#8152,#1681,.T.);
#10461=EDGE_CURVE('',#8156,#8154,#1685,.T.);
#10463=EDGE_CURVE('',#8158,#8156,#1689,.T.);
#10465=EDGE_CURVE('',#8160,#8158,#1693,.T.);
#10467=EDGE_CURVE('',#8162,#8160,#1697,.T.);
#10469=EDGE_CURVE('',#8164,#8162,#1701,.T.);
#10471=EDGE_CURVE('',#8166,#8164,#1705,.T.);
#10473=EDGE_CURVE('',#8168,#8166,#1709,.T.);
#10475=EDGE_CURVE('',#8170,#8168,#1713,.T.);
#10477=EDGE_CURVE('',#8172,#8170,#1717,.T.);
#10479=EDGE_CURVE('',#8174,#8172,#1721,.T.);
#10481=EDGE_CURVE('',#8176,#8174,#1725,.T.);
#10483=EDGE_CURVE('',#8178,#8176,#1729,.T.);
#10485=EDGE_CURVE('',#8180,#8178,#1733,.T.);
#10487=EDGE_CURVE('',#8182,#8180,#1737,.T.);
#10489=EDGE_CURVE('',#8184,#8182,#1741,.T.);
#10491=EDGE_CURVE('',#8186,#8184,#1745,.T.);
#10493=EDGE_CURVE('',#8188,#8186,#1749,.T.);
#10495=EDGE_CURVE('',#8190,#8188,#1753,.T.);
#10497=EDGE_CURVE('',#8192,#8190,#1757,.T.);
#10499=EDGE_CURVE('',#8194,#8192,#1761,.T.);
#10501=EDGE_CURVE('',#8196,#8194,#1765,.T.);
#10503=EDGE_CURVE('',#8198,#8196,#1769,.T.);
#10505=EDGE_CURVE('',#8200,#8198,#1773,.T.);
#10507=EDGE_CURVE('',#8202,#8200,#1777,.T.);
#10509=EDGE_CURVE('',#8204,#8202,#1781,.T.);
#10511=EDGE_CURVE('',#8206,#8204,#1785,.T.);
#10513=EDGE_CURVE('',#8208,#8206,#1789,.T.);
#10515=EDGE_CURVE('',#8210,#8208,#1793,.T.);
#10517=EDGE_CURVE('',#8212,#8210,#1797,.T.);
#10519=EDGE_CURVE('',#8214,#8212,#1801,.T.);
#10521=EDGE_CURVE('',#8216,#8214,#1805,.T.);
#10523=EDGE_CURVE('',#8218,#8216,#1809,.T.);
#10525=EDGE_CURVE('',#8220,#8218,#1813,.T.);
#10527=EDGE_CURVE('',#8222,#8220,#1817,.T.);
#10529=EDGE_CURVE('',#8224,#8222,#1821,.T.);
#10531=EDGE_CURVE('',#8226,#8224,#1825,.T.);
#10533=EDGE_CURVE('',#8228,#8226,#1829,.T.);
#10535=EDGE_CURVE('',#8230,#8228,#1833,.T.);
#10537=EDGE_CURVE('',#8232,#8230,#1837,.T.);
#10539=EDGE_CURVE('',#8234,#8232,#1841,.T.);
#10541=EDGE_CURVE('',#8236,#8234,#1845,.T.);
#10543=EDGE_CURVE('',#8238,#8236,#1849,.T.);
#10547=ADVANCED_FACE('',(#10372,#10430,#10546),#10366,.T.);
#10554=EDGE_CURVE('',#8527,#8519,#1853,.T.);
#10557=EDGE_CURVE('',#8528,#8520,#1857,.T.);
#10561=ADVANCED_FACE('',(#10560),#10552,.F.);
#10573=ADVANCED_FACE('',(#10572),#10566,.F.);
#10579=EDGE_CURVE('',#8068,#8538,#1861,.T.);
#10581=EDGE_CURVE('',#8538,#8540,#1901,.T.);
#10583=EDGE_CURVE('',#8058,#8540,#1885,.T.);
#10588=ADVANCED_FACE('',(#10587),#10578,.F.);
#10594=EDGE_CURVE('',#8066,#8536,#1865,.T.);
#10596=EDGE_CURVE('',#8536,#8538,#1905,.T.);
#10602=ADVANCED_FACE('',(#10601),#10593,.F.);
#10608=EDGE_CURVE('',#8064,#8534,#1869,.T.);
#10610=EDGE_CURVE('',#8534,#8536,#1909,.T.);
#10616=ADVANCED_FACE('',(#10615),#10607,.F.);
#10622=EDGE_CURVE('',#8062,#8532,#1873,.T.);
#10624=EDGE_CURVE('',#8532,#8534,#1913,.T.);
#10630=ADVANCED_FACE('',(#10629),#10621,.F.);
#10636=EDGE_CURVE('',#8531,#8060,#1881,.T.);
#10638=EDGE_CURVE('',#8531,#8532,#1889,.T.);
#10644=ADVANCED_FACE('',(#10643),#10635,.F.);
#10650=EDGE_CURVE('',#8057,#8542,#1877,.T.);
#10652=EDGE_CURVE('',#8542,#8531,#1893,.T.);
#10658=ADVANCED_FACE('',(#10657),#10649,.F.);
#10665=EDGE_CURVE('',#8540,#8542,#1897,.T.);
#10671=ADVANCED_FACE('',(#10670),#10663,.F.);
#10686=ADVANCED_FACE('',(#10685),#10676,.T.);
#10692=EDGE_CURVE('',#8545,#8546,#1917,.T.);
#10694=EDGE_CURVE('',#8656,#8545,#1921,.T.);
#10696=EDGE_CURVE('',#8654,#8656,#1925,.T.);
#10698=EDGE_CURVE('',#8652,#8654,#1929,.T.);
#10700=EDGE_CURVE('',#8650,#8652,#1933,.T.);
#10702=EDGE_CURVE('',#8648,#8650,#1937,.T.);
#10704=EDGE_CURVE('',#8646,#8648,#1941,.T.);
#10706=EDGE_CURVE('',#8644,#8646,#1945,.T.);
#10708=EDGE_CURVE('',#8642,#8644,#1949,.T.);
#10710=EDGE_CURVE('',#8640,#8642,#1953,.T.);
#10712=EDGE_CURVE('',#8638,#8640,#1957,.T.);
#10714=EDGE_CURVE('',#8636,#8638,#1961,.T.);
#10716=EDGE_CURVE('',#8634,#8636,#1965,.T.);
#10718=EDGE_CURVE('',#8632,#8634,#1969,.T.);
#10720=EDGE_CURVE('',#8630,#8632,#1973,.T.);
#10722=EDGE_CURVE('',#8628,#8630,#1977,.T.);
#10724=EDGE_CURVE('',#8626,#8628,#1981,.T.);
#10726=EDGE_CURVE('',#8624,#8626,#1985,.T.);
#10728=EDGE_CURVE('',#8622,#8624,#1989,.T.);
#10730=EDGE_CURVE('',#8620,#8622,#1993,.T.);
#10732=EDGE_CURVE('',#8618,#8620,#1997,.T.);
#10734=EDGE_CURVE('',#8616,#8618,#2001,.T.);
#10736=EDGE_CURVE('',#8614,#8616,#2005,.T.);
#10738=EDGE_CURVE('',#8612,#8614,#2009,.T.);
#10740=EDGE_CURVE('',#8610,#8612,#2013,.T.);
#10742=EDGE_CURVE('',#8608,#8610,#2017,.T.);
#10744=EDGE_CURVE('',#8606,#8608,#2021,.T.);
#10746=EDGE_CURVE('',#8604,#8606,#2025,.T.);
#10748=EDGE_CURVE('',#8602,#8604,#2029,.T.);
#10750=EDGE_CURVE('',#8600,#8602,#2033,.T.);
#10752=EDGE_CURVE('',#8598,#8600,#2037,.T.);
#10754=EDGE_CURVE('',#8596,#8598,#2041,.T.);
#10756=EDGE_CURVE('',#8594,#8596,#2045,.T.);
#10758=EDGE_CURVE('',#8592,#8594,#2049,.T.);
#10760=EDGE_CURVE('',#8590,#8592,#2053,.T.);
#10762=EDGE_CURVE('',#8588,#8590,#2057,.T.);
#10764=EDGE_CURVE('',#8586,#8588,#2061,.T.);
#10766=EDGE_CURVE('',#8584,#8586,#2065,.T.);
#10768=EDGE_CURVE('',#8582,#8584,#2069,.T.);
#10770=EDGE_CURVE('',#8580,#8582,#2073,.T.);
#10772=EDGE_CURVE('',#8578,#8580,#2077,.T.);
#10774=EDGE_CURVE('',#8576,#8578,#2081,.T.);
#10776=EDGE_CURVE('',#8574,#8576,#2085,.T.);
#10778=EDGE_CURVE('',#8572,#8574,#2089,.T.);
#10780=EDGE_CURVE('',#8570,#8572,#2093,.T.);
#10782=EDGE_CURVE('',#8568,#8570,#2097,.T.);
#10784=EDGE_CURVE('',#8566,#8568,#2101,.T.);
#10786=EDGE_CURVE('',#8564,#8566,#2105,.T.);
#10788=EDGE_CURVE('',#8562,#8564,#2109,.T.);
#10790=EDGE_CURVE('',#8560,#8562,#2113,.T.);
#10792=EDGE_CURVE('',#8558,#8560,#2117,.T.);
#10794=EDGE_CURVE('',#8556,#8558,#2121,.T.);
#10796=EDGE_CURVE('',#8554,#8556,#2125,.T.);
#10798=EDGE_CURVE('',#8552,#8554,#2129,.T.);
#10800=EDGE_CURVE('',#8550,#8552,#2133,.T.);
#10802=EDGE_CURVE('',#8548,#8550,#2137,.T.);
#10804=EDGE_CURVE('',#8546,#8548,#2141,.T.);
#10808=ADVANCED_FACE('',(#10807),#10691,.T.);
#10814=EDGE_CURVE('',#8659,#8660,#2145,.T.);
#10816=EDGE_CURVE('',#8712,#8659,#2149,.T.);
#10818=EDGE_CURVE('',#8710,#8712,#2153,.T.);
#10820=EDGE_CURVE('',#8708,#8710,#2157,.T.);
#10822=EDGE_CURVE('',#8706,#8708,#2161,.T.);
#10824=EDGE_CURVE('',#8704,#8706,#2165,.T.);
#10826=EDGE_CURVE('',#8702,#8704,#2169,.T.);
#10828=EDGE_CURVE('',#8700,#8702,#2173,.T.);
#10830=EDGE_CURVE('',#8698,#8700,#2177,.T.);
#10832=EDGE_CURVE('',#8696,#8698,#2181,.T.);
#10834=EDGE_CURVE('',#8694,#8696,#2185,.T.);
#10836=EDGE_CURVE('',#8692,#8694,#2189,.T.);
#10838=EDGE_CURVE('',#8690,#8692,#2193,.T.);
#10840=EDGE_CURVE('',#8688,#8690,#2197,.T.);
#10842=EDGE_CURVE('',#8686,#8688,#2201,.T.);
#10844=EDGE_CURVE('',#8684,#8686,#2205,.T.);
#10846=EDGE_CURVE('',#8682,#8684,#2209,.T.);
#10848=EDGE_CURVE('',#8680,#8682,#2213,.T.);
#10850=EDGE_CURVE('',#8678,#8680,#2217,.T.);
#10852=EDGE_CURVE('',#8676,#8678,#2221,.T.);
#10854=EDGE_CURVE('',#8674,#8676,#2225,.T.);
#10856=EDGE_CURVE('',#8672,#8674,#2229,.T.);
#10858=EDGE_CURVE('',#8670,#8672,#2233,.T.);
#10860=EDGE_CURVE('',#8668,#8670,#2237,.T.);
#10862=EDGE_CURVE('',#8666,#8668,#2241,.T.);
#10864=EDGE_CURVE('',#8664,#8666,#2245,.T.);
#10866=EDGE_CURVE('',#8662,#8664,#2249,.T.);
#10868=EDGE_CURVE('',#8660,#8662,#2253,.T.);
#10872=ADVANCED_FACE('',(#10871),#10813,.T.);
#10878=EDGE_CURVE('',#8545,#8190,#2261,.T.);
#10881=EDGE_CURVE('',#8192,#8546,#2481,.T.);
#10886=ADVANCED_FACE('',(#10885),#10877,.F.);
#10892=EDGE_CURVE('',#8188,#8656,#2257,.T.);
#10899=ADVANCED_FACE('',(#10898),#10891,.F.);
#10905=EDGE_CURVE('',#8186,#8654,#2265,.T.);
#10912=ADVANCED_FACE('',(#10911),#10904,.F.);
#10918=EDGE_CURVE('',#8184,#8652,#2269,.T.);
#10925=ADVANCED_FACE('',(#10924),#10917,.F.);
#10931=EDGE_CURVE('',#8182,#8650,#2273,.T.);
#10938=ADVANCED_FACE('',(#10937),#10930,.F.);
#10944=EDGE_CURVE('',#8180,#8648,#2277,.T.);
#10951=ADVANCED_FACE('',(#10950),#10943,.F.);
#10957=EDGE_CURVE('',#8178,#8646,#2281,.T.);
#10964=ADVANCED_FACE('',(#10963),#10956,.F.);
#10970=EDGE_CURVE('',#8176,#8644,#2285,.T.);
#10977=ADVANCED_FACE('',(#10976),#10969,.F.);
#10983=EDGE_CURVE('',#8174,#8642,#2289,.T.);
#10990=ADVANCED_FACE('',(#10989),#10982,.F.);
#10996=EDGE_CURVE('',#8172,#8640,#2293,.T.);
#11003=ADVANCED_FACE('',(#11002),#10995,.F.);
#11009=EDGE_CURVE('',#8170,#8638,#2297,.T.);
#11016=ADVANCED_FACE('',(#11015),#11008,.F.);
#11022=EDGE_CURVE('',#8168,#8636,#2301,.T.);
#11029=ADVANCED_FACE('',(#11028),#11021,.F.);
#11035=EDGE_CURVE('',#8166,#8634,#2305,.T.);
#11042=ADVANCED_FACE('',(#11041),#11034,.F.);
#11048=EDGE_CURVE('',#8164,#8632,#2309,.T.);
#11055=ADVANCED_FACE('',(#11054),#11047,.F.);
#11061=EDGE_CURVE('',#8162,#8630,#2313,.T.);
#11068=ADVANCED_FACE('',(#11067),#11060,.F.);
#11074=EDGE_CURVE('',#8160,#8628,#2317,.T.);
#11081=ADVANCED_FACE('',(#11080),#11073,.F.);
#11087=EDGE_CURVE('',#8158,#8626,#2321,.T.);
#11094=ADVANCED_FACE('',(#11093),#11086,.F.);
#11100=EDGE_CURVE('',#8156,#8624,#2325,.T.);
#11107=ADVANCED_FACE('',(#11106),#11099,.F.);
#11113=EDGE_CURVE('',#8154,#8622,#2329,.T.);
#11120=ADVANCED_FACE('',(#11119),#11112,.F.);
#11126=EDGE_CURVE('',#8152,#8620,#2333,.T.);
#11133=ADVANCED_FACE('',(#11132),#11125,.F.);
#11139=EDGE_CURVE('',#8150,#8618,#2337,.T.);
#11146=ADVANCED_FACE('',(#11145),#11138,.F.);
#11152=EDGE_CURVE('',#8148,#8616,#2341,.T.);
#11159=ADVANCED_FACE('',(#11158),#11151,.F.);
#11165=EDGE_CURVE('',#8146,#8614,#2345,.T.);
#11172=ADVANCED_FACE('',(#11171),#11164,.F.);
#11178=EDGE_CURVE('',#8144,#8612,#2349,.T.);
#11185=ADVANCED_FACE('',(#11184),#11177,.F.);
#11191=EDGE_CURVE('',#8142,#8610,#2353,.T.);
#11198=ADVANCED_FACE('',(#11197),#11190,.F.);
#11204=EDGE_CURVE('',#8140,#8608,#2357,.T.);
#11211=ADVANCED_FACE('',(#11210),#11203,.F.);
#11217=EDGE_CURVE('',#8138,#8606,#2361,.T.);
#11224=ADVANCED_FACE('',(#11223),#11216,.F.);
#11230=EDGE_CURVE('',#8136,#8604,#2365,.T.);
#11237=ADVANCED_FACE('',(#11236),#11229,.F.);
#11243=EDGE_CURVE('',#8134,#8602,#2369,.T.);
#11250=ADVANCED_FACE('',(#11249),#11242,.F.);
#11256=EDGE_CURVE('',#8132,#8600,#2373,.T.);
#11263=ADVANCED_FACE('',(#11262),#11255,.F.);
#11269=EDGE_CURVE('',#8130,#8598,#2377,.T.);
#11276=ADVANCED_FACE('',(#11275),#11268,.F.);
#11282=EDGE_CURVE('',#8127,#8596,#2381,.T.);
#11289=ADVANCED_FACE('',(#11288),#11281,.F.);
#11295=EDGE_CURVE('',#8128,#8594,#2385,.T.);
#11302=ADVANCED_FACE('',(#11301),#11294,.F.);
#11308=EDGE_CURVE('',#8238,#8592,#2389,.T.);
#11315=ADVANCED_FACE('',(#11314),#11307,.F.);
#11321=EDGE_CURVE('',#8236,#8590,#2393,.T.);
#11328=ADVANCED_FACE('',(#11327),#11320,.F.);
#11334=EDGE_CURVE('',#8234,#8588,#2397,.T.);
#11341=ADVANCED_FACE('',(#11340),#11333,.F.);
#11347=EDGE_CURVE('',#8232,#8586,#2401,.T.);
#11354=ADVANCED_FACE('',(#11353),#11346,.F.);
#11360=EDGE_CURVE('',#8230,#8584,#2405,.T.);
#11367=ADVANCED_FACE('',(#11366),#11359,.F.);
#11373=EDGE_CURVE('',#8228,#8582,#2409,.T.);
#11380=ADVANCED_FACE('',(#11379),#11372,.F.);
#11386=EDGE_CURVE('',#8226,#8580,#2413,.T.);
#11393=ADVANCED_FACE('',(#11392),#11385,.F.);
#11399=EDGE_CURVE('',#8224,#8578,#2417,.T.);
#11406=ADVANCED_FACE('',(#11405),#11398,.F.);
#11412=EDGE_CURVE('',#8222,#8576,#2421,.T.);
#11419=ADVANCED_FACE('',(#11418),#11411,.F.);
#11425=EDGE_CURVE('',#8220,#8574,#2425,.T.);
#11432=ADVANCED_FACE('',(#11431),#11424,.F.);
#11438=EDGE_CURVE('',#8218,#8572,#2429,.T.);
#11445=ADVANCED_FACE('',(#11444),#11437,.F.);
#11451=EDGE_CURVE('',#8216,#8570,#2433,.T.);
#11458=ADVANCED_FACE('',(#11457),#11450,.F.);
#11464=EDGE_CURVE('',#8214,#8568,#2437,.T.);
#11471=ADVANCED_FACE('',(#11470),#11463,.F.);
#11477=EDGE_CURVE('',#8212,#8566,#2441,.T.);
#11484=ADVANCED_FACE('',(#11483),#11476,.F.);
#11490=EDGE_CURVE('',#8210,#8564,#2445,.T.);
#11497=ADVANCED_FACE('',(#11496),#11489,.F.);
#11503=EDGE_CURVE('',#8208,#8562,#2449,.T.);
#11510=ADVANCED_FACE('',(#11509),#11502,.F.);
#11516=EDGE_CURVE('',#8206,#8560,#2453,.T.);
#11523=ADVANCED_FACE('',(#11522),#11515,.F.);
#11529=EDGE_CURVE('',#8204,#8558,#2457,.T.);
#11536=ADVANCED_FACE('',(#11535),#11528,.F.);
#11542=EDGE_CURVE('',#8202,#8556,#2461,.T.);
#11549=ADVANCED_FACE('',(#11548),#11541,.F.);
#11555=EDGE_CURVE('',#8200,#8554,#2465,.T.);
#11562=ADVANCED_FACE('',(#11561),#11554,.F.);
#11568=EDGE_CURVE('',#8198,#8552,#2469,.T.);
#11575=ADVANCED_FACE('',(#11574),#11567,.F.);
#11581=EDGE_CURVE('',#8196,#8550,#2473,.T.);
#11588=ADVANCED_FACE('',(#11587),#11580,.F.);
#11594=EDGE_CURVE('',#8194,#8548,#2477,.T.);
#11601=ADVANCED_FACE('',(#11600),#11593,.F.);
#11613=ADVANCED_FACE('',(#11612),#11606,.F.);
#11619=EDGE_CURVE('',#8659,#8106,#2489,.T.);
#11622=EDGE_CURVE('',#8108,#8660,#2593,.T.);
#11627=ADVANCED_FACE('',(#11626),#11618,.F.);
#11633=EDGE_CURVE('',#8104,#8712,#2485,.T.);
#11640=ADVANCED_FACE('',(#11639),#11632,.F.);
#11646=EDGE_CURVE('',#8102,#8710,#2493,.T.);
#11653=ADVANCED_FACE('',(#11652),#11645,.F.);
#11659=EDGE_CURVE('',#8100,#8708,#2497,.T.);
#11666=ADVANCED_FACE('',(#11665),#11658,.F.);
#11672=EDGE_CURVE('',#8098,#8706,#2501,.T.);
#11679=ADVANCED_FACE('',(#11678),#11671,.F.);
#11685=EDGE_CURVE('',#8096,#8704,#2505,.T.);
#11692=ADVANCED_FACE('',(#11691),#11684,.F.);
#11698=EDGE_CURVE('',#8094,#8702,#2509,.T.);
#11705=ADVANCED_FACE('',(#11704),#11697,.F.);
#11711=EDGE_CURVE('',#8092,#8700,#2513,.T.);
#11718=ADVANCED_FACE('',(#11717),#11710,.F.);
#11724=EDGE_CURVE('',#8090,#8698,#2517,.T.);
#11731=ADVANCED_FACE('',(#11730),#11723,.F.);
#11737=EDGE_CURVE('',#8088,#8696,#2521,.T.);
#11744=ADVANCED_FACE('',(#11743),#11736,.F.);
#11750=EDGE_CURVE('',#8086,#8694,#2525,.T.);
#11757=ADVANCED_FACE('',(#11756),#11749,.F.);
#11763=EDGE_CURVE('',#8084,#8692,#2529,.T.);
#11770=ADVANCED_FACE('',(#11769),#11762,.F.);
#11776=EDGE_CURVE('',#8082,#8690,#2533,.T.);
#11783=ADVANCED_FACE('',(#11782),#11775,.F.);
#11789=EDGE_CURVE('',#8080,#8688,#2537,.T.);
#11796=ADVANCED_FACE('',(#11795),#11788,.F.);
#11802=EDGE_CURVE('',#8078,#8686,#2541,.T.);
#11809=ADVANCED_FACE('',(#11808),#11801,.F.);
#11815=EDGE_CURVE('',#8076,#8684,#2545,.T.);
#11822=ADVANCED_FACE('',(#11821),#11814,.F.);
#11828=EDGE_CURVE('',#8074,#8682,#2549,.T.);
#11835=ADVANCED_FACE('',(#11834),#11827,.F.);
#11841=EDGE_CURVE('',#8071,#8680,#2553,.T.);
#11848=ADVANCED_FACE('',(#11847),#11840,.F.);
#11854=EDGE_CURVE('',#8072,#8678,#2557,.T.);
#11861=ADVANCED_FACE('',(#11860),#11853,.F.);
#11867=EDGE_CURVE('',#8124,#8676,#2561,.T.);
#11874=ADVANCED_FACE('',(#11873),#11866,.F.);
#11880=EDGE_CURVE('',#8122,#8674,#2565,.T.);
#11887=ADVANCED_FACE('',(#11886),#11879,.F.);
#11893=EDGE_CURVE('',#8120,#8672,#2569,.T.);
#11900=ADVANCED_FACE('',(#11899),#11892,.F.);
#11906=EDGE_CURVE('',#8118,#8670,#2573,.T.);
#11913=ADVANCED_FACE('',(#11912),#11905,.F.);
#11919=EDGE_CURVE('',#8116,#8668,#2577,.T.);
#11926=ADVANCED_FACE('',(#11925),#11918,.F.);
#11932=EDGE_CURVE('',#8114,#8666,#2581,.T.);
#11939=ADVANCED_FACE('',(#11938),#11931,.F.);
#11945=EDGE_CURVE('',#8112,#8664,#2585,.T.);
#11952=ADVANCED_FACE('',(#11951),#11944,.F.);
#11958=EDGE_CURVE('',#8110,#8662,#2589,.T.);
#11965=ADVANCED_FACE('',(#11964),#11957,.F.);
#11977=ADVANCED_FACE('',(#11976),#11970,.F.);
#11984=EDGE_CURVE('',#7781,#7689,#2597,.T.);
#11986=EDGE_CURVE('',#7689,#7690,#2606,.T.);
#11988=EDGE_CURVE('',#7782,#7690,#2601,.T.);
#11992=ADVANCED_FACE('',(#11991),#11982,.T.);
#12000=EDGE_CURVE('',#7690,#7689,#2611,.T.);
#12005=ADVANCED_FACE('',(#12004),#11997,.T.);
#12015=ADVANCED_FACE('',(#12014),#12010,.T.);
#12021=EDGE_CURVE('',#7693,#7694,#2616,.T.);
#12023=EDGE_CURVE('',#7694,#7693,#2621,.T.);
#12027=ADVANCED_FACE('',(#12026),#12020,.T.);
#12033=EDGE_CURVE('',#7697,#7698,#2626,.T.);
#12035=EDGE_CURVE('',#7698,#7697,#2631,.T.);
#12039=ADVANCED_FACE('',(#12038),#12032,.T.);
#12045=EDGE_CURVE('',#7701,#7702,#2636,.T.);
#12047=EDGE_CURVE('',#7702,#7701,#2641,.T.);
#12051=ADVANCED_FACE('',(#12050),#12044,.T.);
#12057=EDGE_CURVE('',#7705,#7706,#2646,.T.);
#12059=EDGE_CURVE('',#7706,#7705,#2651,.T.);
#12063=ADVANCED_FACE('',(#12062),#12056,.T.);
#12069=EDGE_CURVE('',#7709,#7710,#2656,.T.);
#12071=EDGE_CURVE('',#7710,#7709,#2661,.T.);
#12075=ADVANCED_FACE('',(#12074),#12068,.T.);
#12081=EDGE_CURVE('',#7713,#7714,#2666,.T.);
#12083=EDGE_CURVE('',#7714,#7713,#2671,.T.);
#12087=ADVANCED_FACE('',(#12086),#12080,.T.);
#12093=EDGE_CURVE('',#7717,#7718,#2676,.T.);
#12095=EDGE_CURVE('',#7718,#7717,#2681,.T.);
#12099=ADVANCED_FACE('',(#12098),#12092,.T.);
#12105=EDGE_CURVE('',#7721,#7722,#2686,.T.);
#12107=EDGE_CURVE('',#7722,#7721,#2691,.T.);
#12111=ADVANCED_FACE('',(#12110),#12104,.T.);
#12117=EDGE_CURVE('',#7725,#7726,#2696,.T.);
#12119=EDGE_CURVE('',#7726,#7725,#2701,.T.);
#12123=ADVANCED_FACE('',(#12122),#12116,.T.);
#12129=EDGE_CURVE('',#7729,#7730,#2706,.T.);
#12131=EDGE_CURVE('',#7730,#7729,#2711,.T.);
#12135=ADVANCED_FACE('',(#12134),#12128,.T.);
#12141=EDGE_CURVE('',#7733,#7734,#2716,.T.);
#12143=EDGE_CURVE('',#7734,#7733,#2721,.T.);
#12147=ADVANCED_FACE('',(#12146),#12140,.T.);
#12153=EDGE_CURVE('',#7737,#7738,#2726,.T.);
#12155=EDGE_CURVE('',#7738,#7737,#2731,.T.);
#12159=ADVANCED_FACE('',(#12158),#12152,.T.);
#12165=EDGE_CURVE('',#7741,#7742,#2736,.T.);
#12167=EDGE_CURVE('',#7742,#7741,#2741,.T.);
#12171=ADVANCED_FACE('',(#12170),#12164,.T.);
#12177=EDGE_CURVE('',#7745,#7746,#2746,.T.);
#12179=EDGE_CURVE('',#7746,#7745,#2751,.T.);
#12183=ADVANCED_FACE('',(#12182),#12176,.T.);
#12189=EDGE_CURVE('',#7749,#7750,#2756,.T.);
#12191=EDGE_CURVE('',#7750,#7749,#2761,.T.);
#12195=ADVANCED_FACE('',(#12194),#12188,.T.);
#12201=EDGE_CURVE('',#7753,#7754,#2766,.T.);
#12203=EDGE_CURVE('',#7754,#7753,#2771,.T.);
#12207=ADVANCED_FACE('',(#12206),#12200,.T.);
#12213=EDGE_CURVE('',#7757,#7758,#2776,.T.);
#12215=EDGE_CURVE('',#7758,#7757,#2781,.T.);
#12219=ADVANCED_FACE('',(#12218),#12212,.T.);
#12225=EDGE_CURVE('',#7761,#7762,#2786,.T.);
#12227=EDGE_CURVE('',#7762,#7761,#2791,.T.);
#12231=ADVANCED_FACE('',(#12230),#12224,.T.);
#12237=EDGE_CURVE('',#7765,#7766,#2796,.T.);
#12239=EDGE_CURVE('',#7766,#7765,#2801,.T.);
#12243=ADVANCED_FACE('',(#12242),#12236,.T.);
#12249=EDGE_CURVE('',#7769,#7770,#2806,.T.);
#12251=EDGE_CURVE('',#7770,#7769,#2811,.T.);
#12255=ADVANCED_FACE('',(#12254),#12248,.T.);
#12261=EDGE_CURVE('',#7773,#7774,#2816,.T.);
#12263=EDGE_CURVE('',#7774,#7773,#2821,.T.);
#12267=ADVANCED_FACE('',(#12266),#12260,.T.);
#12273=EDGE_CURVE('',#7777,#7778,#2826,.T.);
#12275=EDGE_CURVE('',#7778,#7777,#2831,.T.);
#12279=ADVANCED_FACE('',(#12278),#12272,.T.);
#12286=EDGE_CURVE('',#7785,#7693,#2835,.T.);
#12289=EDGE_CURVE('',#7786,#7694,#2839,.T.);
#12293=ADVANCED_FACE('',(#12292),#12284,.T.);
#12305=ADVANCED_FACE('',(#12304),#12298,.T.);
#12312=EDGE_CURVE('',#7789,#7697,#2843,.T.);
#12315=EDGE_CURVE('',#7790,#7698,#2847,.T.);
#12319=ADVANCED_FACE('',(#12318),#12310,.T.);
#12331=ADVANCED_FACE('',(#12330),#12324,.T.);
#12338=EDGE_CURVE('',#7793,#7701,#2851,.T.);
#12341=EDGE_CURVE('',#7794,#7702,#2855,.T.);
#12345=ADVANCED_FACE('',(#12344),#12336,.T.);
#12357=ADVANCED_FACE('',(#12356),#12350,.T.);
#12364=EDGE_CURVE('',#7797,#7705,#2859,.T.);
#12367=EDGE_CURVE('',#7798,#7706,#2863,.T.);
#12371=ADVANCED_FACE('',(#12370),#12362,.T.);
#12383=ADVANCED_FACE('',(#12382),#12376,.T.);
#12390=EDGE_CURVE('',#7801,#7709,#2867,.T.);
#12393=EDGE_CURVE('',#7802,#7710,#2871,.T.);
#12397=ADVANCED_FACE('',(#12396),#12388,.T.);
#12409=ADVANCED_FACE('',(#12408),#12402,.T.);
#12416=EDGE_CURVE('',#7805,#7713,#2875,.T.);
#12419=EDGE_CURVE('',#7806,#7714,#2879,.T.);
#12423=ADVANCED_FACE('',(#12422),#12414,.T.);
#12435=ADVANCED_FACE('',(#12434),#12428,.T.);
#12442=EDGE_CURVE('',#7809,#7717,#2883,.T.);
#12445=EDGE_CURVE('',#7810,#7718,#2887,.T.);
#12449=ADVANCED_FACE('',(#12448),#12440,.T.);
#12461=ADVANCED_FACE('',(#12460),#12454,.T.);
#12468=EDGE_CURVE('',#7813,#7721,#2891,.T.);
#12471=EDGE_CURVE('',#7814,#7722,#2895,.T.);
#12475=ADVANCED_FACE('',(#12474),#12466,.T.);
#12487=ADVANCED_FACE('',(#12486),#12480,.T.);
#12494=EDGE_CURVE('',#7817,#7725,#2899,.T.);
#12497=EDGE_CURVE('',#7818,#7726,#2903,.T.);
#12501=ADVANCED_FACE('',(#12500),#12492,.T.);
#12513=ADVANCED_FACE('',(#12512),#12506,.T.);
#12520=EDGE_CURVE('',#7821,#7729,#2907,.T.);
#12523=EDGE_CURVE('',#7822,#7730,#2911,.T.);
#12527=ADVANCED_FACE('',(#12526),#12518,.T.);
#12539=ADVANCED_FACE('',(#12538),#12532,.T.);
#12546=EDGE_CURVE('',#7825,#7733,#2915,.T.);
#12549=EDGE_CURVE('',#7826,#7734,#2919,.T.);
#12553=ADVANCED_FACE('',(#12552),#12544,.T.);
#12565=ADVANCED_FACE('',(#12564),#12558,.T.);
#12572=EDGE_CURVE('',#7829,#7737,#2923,.T.);
#12575=EDGE_CURVE('',#7830,#7738,#2927,.T.);
#12579=ADVANCED_FACE('',(#12578),#12570,.T.);
#12591=ADVANCED_FACE('',(#12590),#12584,.T.);
#12598=EDGE_CURVE('',#7833,#7741,#2931,.T.);
#12601=EDGE_CURVE('',#7834,#7742,#2935,.T.);
#12605=ADVANCED_FACE('',(#12604),#12596,.T.);
#12617=ADVANCED_FACE('',(#12616),#12610,.T.);
#12624=EDGE_CURVE('',#7837,#7745,#2939,.T.);
#12627=EDGE_CURVE('',#7838,#7746,#2943,.T.);
#12631=ADVANCED_FACE('',(#12630),#12622,.T.);
#12643=ADVANCED_FACE('',(#12642),#12636,.T.);
#12650=EDGE_CURVE('',#7841,#7749,#2947,.T.);
#12653=EDGE_CURVE('',#7842,#7750,#2951,.T.);
#12657=ADVANCED_FACE('',(#12656),#12648,.T.);
#12669=ADVANCED_FACE('',(#12668),#12662,.T.);
#12676=EDGE_CURVE('',#7845,#7753,#2955,.T.);
#12679=EDGE_CURVE('',#7846,#7754,#2959,.T.);
#12683=ADVANCED_FACE('',(#12682),#12674,.T.);
#12695=ADVANCED_FACE('',(#12694),#12688,.T.);
#12702=EDGE_CURVE('',#7849,#7757,#2963,.T.);
#12705=EDGE_CURVE('',#7850,#7758,#2967,.T.);
#12709=ADVANCED_FACE('',(#12708),#12700,.T.);
#12721=ADVANCED_FACE('',(#12720),#12714,.T.);
#12728=EDGE_CURVE('',#7853,#7761,#2971,.T.);
#12731=EDGE_CURVE('',#7854,#7762,#2975,.T.);
#12735=ADVANCED_FACE('',(#12734),#12726,.T.);
#12747=ADVANCED_FACE('',(#12746),#12740,.T.);
#12754=EDGE_CURVE('',#7857,#7765,#2979,.T.);
#12757=EDGE_CURVE('',#7858,#7766,#2983,.T.);
#12761=ADVANCED_FACE('',(#12760),#12752,.T.);
#12773=ADVANCED_FACE('',(#12772),#12766,.T.);
#12780=EDGE_CURVE('',#7861,#7769,#2987,.T.);
#12783=EDGE_CURVE('',#7862,#7770,#2991,.T.);
#12787=ADVANCED_FACE('',(#12786),#12778,.T.);
#12799=ADVANCED_FACE('',(#12798),#12792,.T.);
#12806=EDGE_CURVE('',#7865,#7773,#2995,.T.);
#12809=EDGE_CURVE('',#7866,#7774,#2999,.T.);
#12813=ADVANCED_FACE('',(#12812),#12804,.T.);
#12825=ADVANCED_FACE('',(#12824),#12818,.T.);
#12832=EDGE_CURVE('',#7869,#7777,#3003,.T.);
#12835=EDGE_CURVE('',#7870,#7778,#3007,.T.);
#12839=ADVANCED_FACE('',(#12838),#12830,.T.);
#12851=ADVANCED_FACE('',(#12850),#12844,.T.);
#12857=EDGE_CURVE('',#9061,#9062,#3011,.T.);
#12859=EDGE_CURVE('',#9062,#7640,#3015,.T.);
#12863=EDGE_CURVE('',#9061,#9072,#3020,.T.);
#12867=ADVANCED_FACE('',(#12866),#12856,.T.);
#12874=EDGE_CURVE('',#9058,#9062,#3025,.T.);
#12877=EDGE_CURVE('',#9061,#9056,#3063,.T.);
#12881=ADVANCED_FACE('',(#12880),#12872,.T.);
#12888=EDGE_CURVE('',#9064,#9066,#3030,.T.);
#12890=EDGE_CURVE('',#9062,#9066,#3068,.T.);
#12895=ADVANCED_FACE('',(#12894),#12886,.T.);
#12901=EDGE_CURVE('',#9066,#9068,#3034,.T.);
#12905=EDGE_CURVE('',#9055,#9068,#3048,.T.);
#12909=ADVANCED_FACE('',(#12908),#12900,.T.);
#12916=EDGE_CURVE('',#9068,#9070,#3039,.T.);
#12920=EDGE_CURVE('',#9066,#7642,#3043,.T.);
#12924=ADVANCED_FACE('',(#12923),#12914,.T.);
#12932=EDGE_CURVE('',#9051,#9055,#3053,.T.);
#12937=ADVANCED_FACE('',(#12936),#12929,.T.);
#12946=EDGE_CURVE('',#9056,#9052,#3058,.T.);
#12950=ADVANCED_FACE('',(#12949),#12942,.F.);
#12962=ADVANCED_FACE('',(#12961),#12955,.T.);
#12974=ADVANCED_FACE('',(#12973),#12967,.T.);
#12980=EDGE_CURVE('',#9037,#9038,#3077,.T.);
#12982=EDGE_CURVE('',#9038,#7636,#3081,.T.);
#12986=EDGE_CURVE('',#9037,#9048,#3086,.T.);
#12990=ADVANCED_FACE('',(#12989),#12979,.T.);
#12997=EDGE_CURVE('',#9034,#9038,#3091,.T.);
#13000=EDGE_CURVE('',#9037,#9032,#3129,.T.);
#13004=ADVANCED_FACE('',(#13003),#12995,.T.);
#13011=EDGE_CURVE('',#9040,#9042,#3096,.T.);
#13013=EDGE_CURVE('',#9038,#9042,#3134,.T.);
#13018=ADVANCED_FACE('',(#13017),#13009,.T.);
#13024=EDGE_CURVE('',#9042,#9044,#3100,.T.);
#13028=EDGE_CURVE('',#9031,#9044,#3114,.T.);
#13032=ADVANCED_FACE('',(#13031),#13023,.T.);
#13039=EDGE_CURVE('',#9044,#9046,#3105,.T.);
#13043=EDGE_CURVE('',#9042,#7638,#3109,.T.);
#13047=ADVANCED_FACE('',(#13046),#13037,.T.);
#13055=EDGE_CURVE('',#9027,#9031,#3119,.T.);
#13060=ADVANCED_FACE('',(#13059),#13052,.T.);
#13069=EDGE_CURVE('',#9032,#9028,#3124,.T.);
#13073=ADVANCED_FACE('',(#13072),#13065,.F.);
#13085=ADVANCED_FACE('',(#13084),#13078,.T.);
#13097=ADVANCED_FACE('',(#13096),#13090,.T.);
#13103=EDGE_CURVE('',#9007,#9008,#3143,.T.);
#13105=EDGE_CURVE('',#9008,#7652,#3147,.T.);
#13109=EDGE_CURVE('',#9007,#9024,#3152,.T.);
#13113=ADVANCED_FACE('',(#13112),#13102,.T.);
#13120=EDGE_CURVE('',#9004,#9008,#3157,.T.);
#13123=EDGE_CURVE('',#9007,#9003,#3195,.T.);
#13127=ADVANCED_FACE('',(#13126),#13118,.T.);
#13134=EDGE_CURVE('',#9010,#9012,#3162,.T.);
#13136=EDGE_CURVE('',#9008,#9012,#3200,.T.);
#13141=ADVANCED_FACE('',(#13140),#13132,.T.);
#13147=EDGE_CURVE('',#9012,#9014,#3166,.T.);
#13151=EDGE_CURVE('',#9016,#9014,#3180,.T.);
#13155=ADVANCED_FACE('',(#13154),#13146,.T.);
#13162=EDGE_CURVE('',#9014,#9022,#3171,.T.);
#13166=EDGE_CURVE('',#9012,#7654,#3175,.T.);
#13170=ADVANCED_FACE('',(#13169),#13160,.T.);
#13178=EDGE_CURVE('',#9019,#9016,#3185,.T.);
#13183=ADVANCED_FACE('',(#13182),#13175,.T.);
#13192=EDGE_CURVE('',#9003,#9020,#3190,.T.);
#13196=ADVANCED_FACE('',(#13195),#13188,.F.);
#13208=ADVANCED_FACE('',(#13207),#13201,.T.);
#13220=ADVANCED_FACE('',(#13219),#13213,.T.);
#13226=EDGE_CURVE('',#8983,#8984,#3209,.T.);
#13228=EDGE_CURVE('',#8984,#7608,#3213,.T.);
#13232=EDGE_CURVE('',#8983,#9000,#3218,.T.);
#13236=ADVANCED_FACE('',(#13235),#13225,.T.);
#13243=EDGE_CURVE('',#8980,#8984,#3223,.T.);
#13246=EDGE_CURVE('',#8983,#8979,#3261,.T.);
#13250=ADVANCED_FACE('',(#13249),#13241,.T.);
#13257=EDGE_CURVE('',#8986,#8988,#3228,.T.);
#13259=EDGE_CURVE('',#8984,#8988,#3266,.T.);
#13264=ADVANCED_FACE('',(#13263),#13255,.T.);
#13270=EDGE_CURVE('',#8988,#8990,#3232,.T.);
#13274=EDGE_CURVE('',#8992,#8990,#3246,.T.);
#13278=ADVANCED_FACE('',(#13277),#13269,.T.);
#13285=EDGE_CURVE('',#8990,#8998,#3237,.T.);
#13289=EDGE_CURVE('',#8988,#7610,#3241,.T.);
#13293=ADVANCED_FACE('',(#13292),#13283,.T.);
#13301=EDGE_CURVE('',#8995,#8992,#3251,.T.);
#13306=ADVANCED_FACE('',(#13305),#13298,.T.);
#13315=EDGE_CURVE('',#8979,#8996,#3256,.T.);
#13319=ADVANCED_FACE('',(#13318),#13311,.F.);
#13331=ADVANCED_FACE('',(#13330),#13324,.T.);
#13343=ADVANCED_FACE('',(#13342),#13336,.T.);
#13349=EDGE_CURVE('',#8965,#8966,#3275,.T.);
#13351=EDGE_CURVE('',#8966,#7612,#3279,.T.);
#13355=EDGE_CURVE('',#8965,#8976,#3284,.T.);
#13359=ADVANCED_FACE('',(#13358),#13348,.T.);
#13366=EDGE_CURVE('',#8962,#8966,#3289,.T.);
#13369=EDGE_CURVE('',#8965,#8960,#3327,.T.);
#13373=ADVANCED_FACE('',(#13372),#13364,.T.);
#13380=EDGE_CURVE('',#8968,#8970,#3294,.T.);
#13382=EDGE_CURVE('',#8966,#8970,#3332,.T.);
#13387=ADVANCED_FACE('',(#13386),#13378,.T.);
#13393=EDGE_CURVE('',#8970,#8972,#3298,.T.);
#13397=EDGE_CURVE('',#8959,#8972,#3312,.T.);
#13401=ADVANCED_FACE('',(#13400),#13392,.T.);
#13408=EDGE_CURVE('',#8972,#8974,#3303,.T.);
#13412=EDGE_CURVE('',#8970,#7614,#3307,.T.);
#13416=ADVANCED_FACE('',(#13415),#13406,.T.);
#13424=EDGE_CURVE('',#8955,#8959,#3317,.T.);
#13429=ADVANCED_FACE('',(#13428),#13421,.T.);
#13438=EDGE_CURVE('',#8960,#8956,#3322,.T.);
#13442=ADVANCED_FACE('',(#13441),#13434,.F.);
#13454=ADVANCED_FACE('',(#13453),#13447,.T.);
#13466=ADVANCED_FACE('',(#13465),#13459,.T.);
#13472=EDGE_CURVE('',#8941,#8942,#3341,.T.);
#13474=EDGE_CURVE('',#8942,#7616,#3345,.T.);
#13478=EDGE_CURVE('',#8941,#8952,#3350,.T.);
#13482=ADVANCED_FACE('',(#13481),#13471,.T.);
#13489=EDGE_CURVE('',#8938,#8942,#3355,.T.);
#13492=EDGE_CURVE('',#8941,#8936,#3393,.T.);
#13496=ADVANCED_FACE('',(#13495),#13487,.T.);
#13503=EDGE_CURVE('',#8944,#8946,#3360,.T.);
#13505=EDGE_CURVE('',#8942,#8946,#3398,.T.);
#13510=ADVANCED_FACE('',(#13509),#13501,.T.);
#13516=EDGE_CURVE('',#8946,#8948,#3364,.T.);
#13520=EDGE_CURVE('',#8935,#8948,#3378,.T.);
#13524=ADVANCED_FACE('',(#13523),#13515,.T.);
#13531=EDGE_CURVE('',#8948,#8950,#3369,.T.);
#13535=EDGE_CURVE('',#8946,#7618,#3373,.T.);
#13539=ADVANCED_FACE('',(#13538),#13529,.T.);
#13547=EDGE_CURVE('',#8931,#8935,#3383,.T.);
#13552=ADVANCED_FACE('',(#13551),#13544,.T.);
#13561=EDGE_CURVE('',#8936,#8932,#3388,.T.);
#13565=ADVANCED_FACE('',(#13564),#13557,.F.);
#13577=ADVANCED_FACE('',(#13576),#13570,.T.);
#13589=ADVANCED_FACE('',(#13588),#13582,.T.);
#13595=EDGE_CURVE('',#8918,#8922,#3408,.T.);
#13597=EDGE_CURVE('',#8922,#7622,#3436,.T.);
#13603=ADVANCED_FACE('',(#13602),#13594,.T.);
#13610=EDGE_CURVE('',#8920,#8922,#3423,.T.);
#13616=ADVANCED_FACE('',(#13615),#13608,.T.);
#13622=EDGE_CURVE('',#8922,#8924,#3427,.T.);
#13626=EDGE_CURVE('',#8911,#8924,#3441,.T.);
#13630=ADVANCED_FACE('',(#13629),#13621,.T.);
#13637=EDGE_CURVE('',#8924,#8926,#3432,.T.);
#13644=ADVANCED_FACE('',(#13643),#13635,.T.);
#13652=EDGE_CURVE('',#8907,#8911,#3446,.T.);
#13657=ADVANCED_FACE('',(#13656),#13649,.T.);
#13669=ADVANCED_FACE('',(#13668),#13662,.F.);
#13676=EDGE_CURVE('',#7568,#7191,#3455,.T.);
#13682=ADVANCED_FACE('',(#13681),#13674,.F.);
#13688=EDGE_CURVE('',#9152,#9156,#3462,.T.);
#13690=EDGE_CURVE('',#7577,#9156,#3466,.T.);
#13695=EDGE_CURVE('',#7566,#7188,#3474,.T.);
#13698=EDGE_CURVE('',#7592,#9178,#3478,.T.);
#13700=EDGE_CURVE('',#9178,#9175,#3485,.T.);
#13702=EDGE_CURVE('',#9175,#9176,#3489,.T.);
#13704=EDGE_CURVE('',#9176,#9180,#3496,.T.);
#13706=EDGE_CURVE('',#7594,#9180,#3500,.T.);
#13709=EDGE_CURVE('',#7581,#9154,#3504,.T.);
#13711=EDGE_CURVE('',#9154,#9151,#3511,.T.);
#13713=EDGE_CURVE('',#9151,#9152,#3515,.T.);
#13717=ADVANCED_FACE('',(#13716),#13687,.F.);
#13723=EDGE_CURVE('',#9139,#9156,#3534,.T.);
#13726=EDGE_CURVE('',#9135,#9152,#3520,.T.);
#13728=EDGE_CURVE('',#9139,#9135,#3525,.T.);
#13732=ADVANCED_FACE('',(#13731),#13722,.T.);
#13738=EDGE_CURVE('',#9139,#9140,#3529,.T.);
#13740=EDGE_CURVE('',#7578,#9140,#3835,.T.);
#13747=ADVANCED_FACE('',(#13746),#13737,.T.);
#13753=EDGE_CURVE('',#9135,#9136,#3572,.T.);
#13755=EDGE_CURVE('',#9136,#9140,#3826,.T.);
#13761=ADVANCED_FACE('',(#13760),#13752,.T.);
#13767=EDGE_CURVE('',#8375,#9098,#3538,.T.);
#13769=EDGE_CURVE('',#8372,#8375,#3542,.T.);
#13771=EDGE_CURVE('',#9102,#8372,#3546,.T.);
#13773=EDGE_CURVE('',#9098,#9102,#3551,.T.);
#13777=ADVANCED_FACE('',(#13776),#13766,.T.);
#13783=EDGE_CURVE('',#9111,#9112,#3555,.T.);
#13785=EDGE_CURVE('',#9124,#9111,#3559,.T.);
#13787=EDGE_CURVE('',#9118,#9124,#3563,.T.);
#13789=EDGE_CURVE('',#9112,#9118,#3568,.T.);
#13793=ADVANCED_FACE('',(#13792),#13782,.T.);
#13800=EDGE_CURVE('',#9148,#9135,#3576,.T.);
#13802=EDGE_CURVE('',#9142,#9148,#3580,.T.);
#13804=EDGE_CURVE('',#9136,#9142,#3585,.T.);
#13808=ADVANCED_FACE('',(#13807),#13798,.T.);
#13814=EDGE_CURVE('',#9159,#9160,#3589,.T.);
#13816=EDGE_CURVE('',#9172,#9159,#3593,.T.);
#13818=EDGE_CURVE('',#9166,#9172,#3597,.T.);
#13820=EDGE_CURVE('',#9160,#9166,#3602,.T.);
#13824=ADVANCED_FACE('',(#13823),#13813,.T.);
#13830=EDGE_CURVE('',#8380,#8375,#3612,.T.);
#13833=EDGE_CURVE('',#9098,#9100,#3705,.T.);
#13835=EDGE_CURVE('',#8380,#9100,#3686,.T.);
#13839=ADVANCED_FACE('',(#13838),#13829,.T.);
#13845=EDGE_CURVE('',#8375,#8376,#3607,.T.);
#13848=EDGE_CURVE('',#8380,#9108,#3691,.T.);
#13850=EDGE_CURVE('',#8376,#9108,#3629,.T.);
#13854=ADVANCED_FACE('',(#13853),#13844,.T.);
#13860=EDGE_CURVE('',#8371,#8372,#3617,.T.);
#13864=EDGE_CURVE('',#8371,#8376,#3682,.T.);
#13868=ADVANCED_FACE('',(#13867),#13859,.F.);
#13875=EDGE_CURVE('',#9106,#8371,#3678,.T.);
#13877=EDGE_CURVE('',#8378,#9106,#3719,.T.);
#13879=EDGE_CURVE('',#8372,#8378,#3622,.T.);
#13883=ADVANCED_FACE('',(#13882),#13873,.T.);
#13890=EDGE_CURVE('',#7587,#9108,#3633,.T.);
#13893=EDGE_CURVE('',#7588,#9130,#3637,.T.);
#13895=EDGE_CURVE('',#9130,#9127,#3644,.T.);
#13897=EDGE_CURVE('',#9127,#9128,#3648,.T.);
#13899=EDGE_CURVE('',#9128,#9132,#3655,.T.);
#13901=EDGE_CURVE('',#7590,#9132,#3659,.T.);
#13904=EDGE_CURVE('',#7560,#7183,#3793,.T.);
#13909=EDGE_CURVE('',#7584,#9106,#3671,.T.);
#13915=ADVANCED_FACE('',(#13914),#13888,.F.);
#13922=EDGE_CURVE('',#7600,#9100,#3700,.T.);
#13929=ADVANCED_FACE('',(#13928),#13920,.T.);
#13935=EDGE_CURVE('',#9100,#9104,#3696,.T.);
#13937=EDGE_CURVE('',#7602,#9104,#3723,.T.);
#13943=ADVANCED_FACE('',(#13942),#13934,.T.);
#13950=EDGE_CURVE('',#9102,#9104,#3710,.T.);
#13956=ADVANCED_FACE('',(#13955),#13948,.T.);
#13963=EDGE_CURVE('',#9104,#8378,#3714,.T.);
#13969=ADVANCED_FACE('',(#13968),#13961,.T.);
#13982=ADVANCED_FACE('',(#13981),#13974,.T.);
#13988=EDGE_CURVE('',#9120,#9122,#3727,.T.);
#13990=EDGE_CURVE('',#9122,#9130,#3732,.T.);
#13994=EDGE_CURVE('',#7606,#9120,#3736,.T.);
#13998=ADVANCED_FACE('',(#13997),#13987,.T.);
#14005=EDGE_CURVE('',#9118,#9120,#3741,.T.);
#14008=EDGE_CURVE('',#9124,#9122,#3779,.T.);
#14012=ADVANCED_FACE('',(#14011),#14003,.T.);
#14020=EDGE_CURVE('',#9116,#9120,#3751,.T.);
#14022=EDGE_CURVE('',#9112,#9116,#3746,.T.);
#14026=ADVANCED_FACE('',(#14025),#14017,.T.);
#14035=EDGE_CURVE('',#7604,#9116,#3755,.T.);
#14039=ADVANCED_FACE('',(#14038),#14031,.T.);
#14045=EDGE_CURVE('',#9115,#9116,#3759,.T.);
#14050=EDGE_CURVE('',#9115,#9132,#3764,.T.);
#14054=ADVANCED_FACE('',(#14053),#14044,.T.);
#14063=EDGE_CURVE('',#9115,#9111,#3774,.T.);
#14067=ADVANCED_FACE('',(#14066),#14059,.T.);
#14075=EDGE_CURVE('',#9111,#9128,#3769,.T.);
#14080=ADVANCED_FACE('',(#14079),#14072,.T.);
#14087=EDGE_CURVE('',#9127,#9124,#3784,.T.);
#14093=ADVANCED_FACE('',(#14092),#14085,.F.);
#14105=ADVANCED_FACE('',(#14104),#14098,.T.);
#14117=ADVANCED_FACE('',(#14116),#14110,.F.);
#14124=EDGE_CURVE('',#9151,#9148,#3803,.T.);
#14130=ADVANCED_FACE('',(#14129),#14122,.F.);
#14136=EDGE_CURVE('',#9146,#9154,#3812,.T.);
#14138=EDGE_CURVE('',#9148,#9146,#3798,.T.);
#14144=ADVANCED_FACE('',(#14143),#14135,.T.);
#14150=EDGE_CURVE('',#9144,#9146,#3807,.T.);
#14155=EDGE_CURVE('',#7582,#9144,#3816,.T.);
#14159=ADVANCED_FACE('',(#14158),#14149,.T.);
#14166=EDGE_CURVE('',#9142,#9144,#3821,.T.);
#14172=ADVANCED_FACE('',(#14171),#14164,.T.);
#14180=EDGE_CURVE('',#9140,#9144,#3831,.T.);
#14185=ADVANCED_FACE('',(#14184),#14177,.T.);
#14197=ADVANCED_FACE('',(#14196),#14190,.T.);
#14204=EDGE_CURVE('',#9160,#9164,#3840,.T.);
#14206=EDGE_CURVE('',#9163,#9164,#3882,.T.);
#14208=EDGE_CURVE('',#9163,#9159,#3878,.T.);
#14212=ADVANCED_FACE('',(#14211),#14202,.T.);
#14219=EDGE_CURVE('',#9166,#9168,#3845,.T.);
#14221=EDGE_CURVE('',#9164,#9168,#3892,.T.);
#14226=ADVANCED_FACE('',(#14225),#14217,.T.);
#14232=EDGE_CURVE('',#9168,#9170,#3849,.T.);
#14236=EDGE_CURVE('',#9172,#9170,#3863,.T.);
#14240=ADVANCED_FACE('',(#14239),#14231,.T.);
#14247=EDGE_CURVE('',#9170,#9178,#3854,.T.);
#14251=EDGE_CURVE('',#7598,#9168,#3858,.T.);
#14255=ADVANCED_FACE('',(#14254),#14245,.T.);
#14263=EDGE_CURVE('',#9175,#9172,#3868,.T.);
#14268=ADVANCED_FACE('',(#14267),#14260,.T.);
#14277=EDGE_CURVE('',#9159,#9176,#3873,.T.);
#14281=ADVANCED_FACE('',(#14280),#14273,.F.);
#14287=EDGE_CURVE('',#9163,#9180,#3887,.T.);
#14294=ADVANCED_FACE('',(#14293),#14286,.T.);
#14301=EDGE_CURVE('',#7596,#9164,#3896,.T.);
#14308=ADVANCED_FACE('',(#14307),#14299,.T.);
#14320=ADVANCED_FACE('',(#14319),#14313,.T.);
#14332=ADVANCED_FACE('',(#14331),#14325,.F.);
#14338=EDGE_CURVE('',#8887,#8888,#3909,.T.);
#14340=EDGE_CURVE('',#8888,#7632,#3913,.T.);
#14344=EDGE_CURVE('',#8887,#8904,#3918,.T.);
#14348=ADVANCED_FACE('',(#14347),#14337,.T.);
#14355=EDGE_CURVE('',#8884,#8888,#3923,.T.);
#14358=EDGE_CURVE('',#8887,#8883,#3961,.T.);
#14362=ADVANCED_FACE('',(#14361),#14353,.T.);
#14369=EDGE_CURVE('',#8890,#8892,#3928,.T.);
#14371=EDGE_CURVE('',#8888,#8892,#3966,.T.);
#14376=ADVANCED_FACE('',(#14375),#14367,.T.);
#14382=EDGE_CURVE('',#8892,#8894,#3932,.T.);
#14386=EDGE_CURVE('',#8896,#8894,#3946,.T.);
#14390=ADVANCED_FACE('',(#14389),#14381,.T.);
#14397=EDGE_CURVE('',#8894,#8902,#3937,.T.);
#14401=EDGE_CURVE('',#8892,#7634,#3941,.T.);
#14405=ADVANCED_FACE('',(#14404),#14395,.T.);
#14413=EDGE_CURVE('',#8899,#8896,#3951,.T.);
#14418=ADVANCED_FACE('',(#14417),#14410,.T.);
#14427=EDGE_CURVE('',#8883,#8900,#3956,.T.);
#14431=ADVANCED_FACE('',(#14430),#14423,.F.);
#14443=ADVANCED_FACE('',(#14442),#14436,.T.);
#14455=ADVANCED_FACE('',(#14454),#14448,.T.);
#14461=EDGE_CURVE('',#8863,#8864,#3975,.T.);
#14463=EDGE_CURVE('',#8864,#7628,#3979,.T.);
#14467=EDGE_CURVE('',#8863,#8880,#3984,.T.);
#14471=ADVANCED_FACE('',(#14470),#14460,.T.);
#14478=EDGE_CURVE('',#8860,#8864,#3989,.T.);
#14481=EDGE_CURVE('',#8863,#8859,#4027,.T.);
#14485=ADVANCED_FACE('',(#14484),#14476,.T.);
#14492=EDGE_CURVE('',#8866,#8868,#3994,.T.);
#14494=EDGE_CURVE('',#8864,#8868,#4032,.T.);
#14499=ADVANCED_FACE('',(#14498),#14490,.T.);
#14505=EDGE_CURVE('',#8868,#8870,#3998,.T.);
#14509=EDGE_CURVE('',#8872,#8870,#4012,.T.);
#14513=ADVANCED_FACE('',(#14512),#14504,.T.);
#14520=EDGE_CURVE('',#8870,#8878,#4003,.T.);
#14524=EDGE_CURVE('',#8868,#7630,#4007,.T.);
#14528=ADVANCED_FACE('',(#14527),#14518,.T.);
#14536=EDGE_CURVE('',#8875,#8872,#4017,.T.);
#14541=ADVANCED_FACE('',(#14540),#14533,.T.);
#14550=EDGE_CURVE('',#8859,#8876,#4022,.T.);
#14554=ADVANCED_FACE('',(#14553),#14546,.F.);
#14566=ADVANCED_FACE('',(#14565),#14559,.T.);
#14578=ADVANCED_FACE('',(#14577),#14571,.T.);
#14584=EDGE_CURVE('',#8845,#8846,#4041,.T.);
#14586=EDGE_CURVE('',#7658,#8846,#4045,.T.);
#14590=EDGE_CURVE('',#8845,#8856,#4050,.T.);
#14594=ADVANCED_FACE('',(#14593),#14583,.T.);
#14601=EDGE_CURVE('',#8842,#8846,#4055,.T.);
#14604=EDGE_CURVE('',#8845,#8840,#4093,.T.);
#14608=ADVANCED_FACE('',(#14607),#14599,.T.);
#14615=EDGE_CURVE('',#8848,#8850,#4060,.T.);
#14617=EDGE_CURVE('',#8846,#8850,#4098,.T.);
#14622=ADVANCED_FACE('',(#14621),#14613,.T.);
#14628=EDGE_CURVE('',#8850,#8852,#4064,.T.);
#14632=EDGE_CURVE('',#8839,#8852,#4078,.T.);
#14636=ADVANCED_FACE('',(#14635),#14627,.T.);
#14643=EDGE_CURVE('',#8852,#8854,#4069,.T.);
#14647=EDGE_CURVE('',#7656,#8850,#4073,.T.);
#14651=ADVANCED_FACE('',(#14650),#14641,.T.);
#14659=EDGE_CURVE('',#8835,#8839,#4083,.T.);
#14664=ADVANCED_FACE('',(#14663),#14656,.T.);
#14673=EDGE_CURVE('',#8840,#8836,#4088,.T.);
#14677=ADVANCED_FACE('',(#14676),#14669,.F.);
#14689=ADVANCED_FACE('',(#14688),#14682,.T.);
#14701=ADVANCED_FACE('',(#14700),#14694,.T.);
#14707=EDGE_CURVE('',#8815,#8816,#4107,.T.);
#14709=EDGE_CURVE('',#7626,#8816,#4111,.T.);
#14713=EDGE_CURVE('',#8815,#8832,#4116,.T.);
#14717=ADVANCED_FACE('',(#14716),#14706,.T.);
#14724=EDGE_CURVE('',#8812,#8816,#4121,.T.);
#14727=EDGE_CURVE('',#8815,#8811,#4159,.T.);
#14731=ADVANCED_FACE('',(#14730),#14722,.T.);
#14738=EDGE_CURVE('',#8818,#8820,#4126,.T.);
#14740=EDGE_CURVE('',#8816,#8820,#4164,.T.);
#14745=ADVANCED_FACE('',(#14744),#14736,.T.);
#14751=EDGE_CURVE('',#8820,#8822,#4130,.T.);
#14755=EDGE_CURVE('',#8824,#8822,#4144,.T.);
#14759=ADVANCED_FACE('',(#14758),#14750,.T.);
#14766=EDGE_CURVE('',#8822,#8830,#4135,.T.);
#14770=EDGE_CURVE('',#7624,#8820,#4139,.T.);
#14774=ADVANCED_FACE('',(#14773),#14764,.T.);
#14782=EDGE_CURVE('',#8827,#8824,#4149,.T.);
#14787=ADVANCED_FACE('',(#14786),#14779,.T.);
#14796=EDGE_CURVE('',#8811,#8828,#4154,.T.);
#14800=ADVANCED_FACE('',(#14799),#14792,.F.);
#14812=ADVANCED_FACE('',(#14811),#14805,.T.);
#14824=ADVANCED_FACE('',(#14823),#14817,.T.);
#14830=EDGE_CURVE('',#8791,#8792,#4173,.T.);
#14832=EDGE_CURVE('',#8792,#7650,#4177,.T.);
#14836=EDGE_CURVE('',#8791,#8808,#4182,.T.);
#14840=ADVANCED_FACE('',(#14839),#14829,.T.);
#14847=EDGE_CURVE('',#8788,#8792,#4187,.T.);
#14850=EDGE_CURVE('',#8791,#8787,#4225,.T.);
#14854=ADVANCED_FACE('',(#14853),#14845,.T.);
#14861=EDGE_CURVE('',#8794,#8796,#4192,.T.);
#14863=EDGE_CURVE('',#8792,#8796,#4230,.T.);
#14868=ADVANCED_FACE('',(#14867),#14859,.T.);
#14874=EDGE_CURVE('',#8796,#8798,#4196,.T.);
#14878=EDGE_CURVE('',#8800,#8798,#4210,.T.);
#14882=ADVANCED_FACE('',(#14881),#14873,.T.);
#14889=EDGE_CURVE('',#8798,#8806,#4201,.T.);
#14893=EDGE_CURVE('',#8796,#7648,#4205,.T.);
#14897=ADVANCED_FACE('',(#14896),#14887,.T.);
#14905=EDGE_CURVE('',#8803,#8800,#4215,.T.);
#14910=ADVANCED_FACE('',(#14909),#14902,.T.);
#14919=EDGE_CURVE('',#8787,#8804,#4220,.T.);
#14923=ADVANCED_FACE('',(#14922),#14915,.F.);
#14935=ADVANCED_FACE('',(#14934),#14928,.T.);
#14947=ADVANCED_FACE('',(#14946),#14940,.T.);
#14953=EDGE_CURVE('',#8767,#8768,#4239,.T.);
#14955=EDGE_CURVE('',#7660,#8768,#4243,.T.);
#14959=EDGE_CURVE('',#8767,#8784,#4248,.T.);
#14963=ADVANCED_FACE('',(#14962),#14952,.T.);
#14970=EDGE_CURVE('',#8764,#8768,#4253,.T.);
#14973=EDGE_CURVE('',#8767,#8763,#4291,.T.);
#14977=ADVANCED_FACE('',(#14976),#14968,.T.);
#14984=EDGE_CURVE('',#8770,#8772,#4258,.T.);
#14986=EDGE_CURVE('',#8768,#8772,#4296,.T.);
#14991=ADVANCED_FACE('',(#14990),#14982,.T.);
#14997=EDGE_CURVE('',#8772,#8774,#4262,.T.);
#15001=EDGE_CURVE('',#8776,#8774,#4276,.T.);
#15005=ADVANCED_FACE('',(#15004),#14996,.T.);
#15012=EDGE_CURVE('',#8774,#8782,#4267,.T.);
#15016=EDGE_CURVE('',#7662,#8772,#4271,.T.);
#15020=ADVANCED_FACE('',(#15019),#15010,.T.);
#15028=EDGE_CURVE('',#8779,#8776,#4281,.T.);
#15033=ADVANCED_FACE('',(#15032),#15025,.T.);
#15042=EDGE_CURVE('',#8763,#8780,#4286,.T.);
#15046=ADVANCED_FACE('',(#15045),#15038,.F.);
#15058=ADVANCED_FACE('',(#15057),#15051,.T.);
#15070=ADVANCED_FACE('',(#15069),#15063,.T.);
#15076=EDGE_CURVE('',#8743,#8744,#4305,.T.);
#15078=EDGE_CURVE('',#7664,#8744,#4309,.T.);
#15082=EDGE_CURVE('',#8743,#8760,#4314,.T.);
#15086=ADVANCED_FACE('',(#15085),#15075,.T.);
#15093=EDGE_CURVE('',#8740,#8744,#4319,.T.);
#15096=EDGE_CURVE('',#8743,#8739,#4357,.T.);
#15100=ADVANCED_FACE('',(#15099),#15091,.T.);
#15107=EDGE_CURVE('',#8746,#8748,#4324,.T.);
#15109=EDGE_CURVE('',#8744,#8748,#4362,.T.);
#15114=ADVANCED_FACE('',(#15113),#15105,.T.);
#15120=EDGE_CURVE('',#8748,#8750,#4328,.T.);
#15124=EDGE_CURVE('',#8752,#8750,#4342,.T.);
#15128=ADVANCED_FACE('',(#15127),#15119,.T.);
#15135=EDGE_CURVE('',#8750,#8758,#4333,.T.);
#15139=EDGE_CURVE('',#7666,#8748,#4337,.T.);
#15143=ADVANCED_FACE('',(#15142),#15133,.T.);
#15151=EDGE_CURVE('',#8755,#8752,#4347,.T.);
#15156=ADVANCED_FACE('',(#15155),#15148,.T.);
#15165=EDGE_CURVE('',#8739,#8756,#4352,.T.);
#15169=ADVANCED_FACE('',(#15168),#15161,.F.);
#15181=ADVANCED_FACE('',(#15180),#15174,.T.);
#15193=ADVANCED_FACE('',(#15192),#15186,.T.);
#15199=EDGE_CURVE('',#9085,#9086,#4371,.T.);
#15201=EDGE_CURVE('',#9086,#7644,#4375,.T.);
#15205=EDGE_CURVE('',#9085,#9096,#4380,.T.);
#15209=ADVANCED_FACE('',(#15208),#15198,.T.);
#15216=EDGE_CURVE('',#9082,#9086,#4385,.T.);
#15219=EDGE_CURVE('',#9085,#9080,#4423,.T.);
#15223=ADVANCED_FACE('',(#15222),#15214,.T.);
#15230=EDGE_CURVE('',#9088,#9090,#4390,.T.);
#15232=EDGE_CURVE('',#9086,#9090,#4428,.T.);
#15237=ADVANCED_FACE('',(#15236),#15228,.T.);
#15243=EDGE_CURVE('',#9090,#9092,#4394,.T.);
#15247=EDGE_CURVE('',#9079,#9092,#4408,.T.);
#15251=ADVANCED_FACE('',(#15250),#15242,.T.);
#15258=EDGE_CURVE('',#9092,#9094,#4399,.T.);
#15262=EDGE_CURVE('',#9090,#7646,#4403,.T.);
#15266=ADVANCED_FACE('',(#15265),#15256,.T.);
#15274=EDGE_CURVE('',#9075,#9079,#4413,.T.);
#15279=ADVANCED_FACE('',(#15278),#15271,.T.);
#15288=EDGE_CURVE('',#9080,#9076,#4418,.T.);
#15292=ADVANCED_FACE('',(#15291),#15284,.F.);
#15304=ADVANCED_FACE('',(#15303),#15297,.T.);
#15316=ADVANCED_FACE('',(#15315),#15309,.T.);
#15323=EDGE_CURVE('',#8242,#8246,#4443,.T.);
#15325=EDGE_CURVE('',#8245,#8246,#4560,.T.);
#15327=EDGE_CURVE('',#8241,#8245,#4438,.T.);
#15331=ADVANCED_FACE('',(#15330),#15321,.T.);
#15337=EDGE_CURVE('',#8272,#8270,#4447,.T.);
#15339=EDGE_CURVE('',#8488,#8272,#7092,.T.);
#15341=EDGE_CURVE('',#8490,#8488,#4479,.T.);
#15343=EDGE_CURVE('',#8492,#8490,#7108,.T.);
#15345=EDGE_CURVE('',#8246,#8492,#4463,.T.);
#15349=EDGE_CURVE('',#8268,#8270,#4510,.T.);
#15353=ADVANCED_FACE('',(#15352),#15336,.T.);
#15360=EDGE_CURVE('',#8270,#7263,#4505,.T.);
#15362=EDGE_CURVE('',#7263,#7241,#4641,.T.);
#15364=EDGE_CURVE('',#7336,#7241,#6788,.T.);
#15366=EDGE_CURVE('',#7335,#7336,#4848,.T.);
#15368=EDGE_CURVE('',#8506,#7335,#6585,.T.);
#15370=EDGE_CURVE('',#8506,#8507,#4451,.T.);
#15372=EDGE_CURVE('',#7316,#8507,#6527,.T.);
#15374=EDGE_CURVE('',#7314,#7316,#4830,.T.);
#15376=EDGE_CURVE('',#7314,#7226,#4455,.T.);
#15378=EDGE_CURVE('',#7226,#7288,#4699,.T.);
#15380=EDGE_CURVE('',#8246,#7288,#4459,.T.);
#15383=EDGE_CURVE('',#8492,#7380,#4467,.T.);
#15385=EDGE_CURVE('',#7379,#7380,#4471,.T.);
#15387=EDGE_CURVE('',#8490,#7379,#4475,.T.);
#15390=EDGE_CURVE('',#8488,#7376,#4483,.T.);
#15392=EDGE_CURVE('',#7375,#7376,#4487,.T.);
#15394=EDGE_CURVE('',#8272,#7375,#4491,.T.);
#15398=ADVANCED_FACE('',(#15397),#15358,.T.);
#15404=EDGE_CURVE('',#8270,#8266,#4496,.T.);
#15406=EDGE_CURVE('',#8266,#7264,#6609,.T.);
#15408=EDGE_CURVE('',#7263,#7264,#4501,.T.);
#15413=ADVANCED_FACE('',(#15412),#15403,.T.);
#15420=EDGE_CURVE('',#8264,#8266,#4515,.T.);
#15426=ADVANCED_FACE('',(#15425),#15418,.T.);
#15433=EDGE_CURVE('',#8260,#8262,#4520,.T.);
#15435=EDGE_CURVE('',#8266,#8262,#6589,.T.);
#15440=ADVANCED_FACE('',(#15439),#15431,.T.);
#15447=EDGE_CURVE('',#8256,#8258,#4525,.T.);
#15449=EDGE_CURVE('',#8262,#8258,#6614,.T.);
#15454=ADVANCED_FACE('',(#15453),#15445,.T.);
#15461=EDGE_CURVE('',#8252,#8254,#4530,.T.);
#15463=EDGE_CURVE('',#8258,#8254,#6636,.T.);
#15468=ADVANCED_FACE('',(#15467),#15459,.T.);
#15475=EDGE_CURVE('',#8248,#8250,#4535,.T.);
#15477=EDGE_CURVE('',#8254,#8250,#6649,.T.);
#15482=ADVANCED_FACE('',(#15481),#15473,.T.);
#15490=EDGE_CURVE('',#8250,#8245,#4539,.T.);
#15495=ADVANCED_FACE('',(#15494),#15487,.T.);
#15502=EDGE_CURVE('',#8245,#7287,#4569,.T.);
#15504=EDGE_CURVE('',#7287,#7228,#4727,.T.);
#15506=EDGE_CURVE('',#7362,#7228,#6515,.T.);
#15508=EDGE_CURVE('',#8508,#7362,#6539,.T.);
#15510=EDGE_CURVE('',#8508,#7284,#4543,.T.);
#15512=EDGE_CURVE('',#7284,#7282,#4547,.T.);
#15514=EDGE_CURVE('',#7278,#7282,#4551,.T.);
#15516=EDGE_CURVE('',#8250,#7278,#4555,.T.);
#15520=ADVANCED_FACE('',(#15519),#15500,.T.);
#15528=EDGE_CURVE('',#7287,#7288,#4565,.T.);
#15533=ADVANCED_FACE('',(#15532),#15525,.T.);
#15539=EDGE_CURVE('',#7250,#7264,#4613,.T.);
#15541=EDGE_CURVE('',#7248,#7250,#4618,.T.);
#15543=EDGE_CURVE('',#7246,#7248,#4623,.T.);
#15545=EDGE_CURVE('',#7244,#7246,#4627,.T.);
#15547=EDGE_CURVE('',#7242,#7244,#4632,.T.);
#15549=EDGE_CURVE('',#7241,#7242,#4637,.T.);
#15555=EDGE_CURVE('',#7211,#7212,#4594,.T.);
#15557=EDGE_CURVE('',#7212,#7211,#4599,.T.);
#15561=ADVANCED_FACE('',(#15554,#15560),#15538,.T.);
#15567=EDGE_CURVE('',#7258,#7272,#4645,.T.);
#15569=EDGE_CURVE('',#7256,#7258,#4650,.T.);
#15571=EDGE_CURVE('',#7254,#7256,#4654,.T.);
#15573=EDGE_CURVE('',#7253,#7254,#4659,.T.);
#15575=EDGE_CURVE('',#7260,#7253,#4663,.T.);
#15577=EDGE_CURVE('',#7267,#7260,#4668,.T.);
#15579=EDGE_CURVE('',#7267,#7268,#6593,.T.);
#15581=EDGE_CURVE('',#7268,#7272,#6628,.T.);
#15585=EDGE_CURVE('',#7215,#7216,#4604,.T.);
#15587=EDGE_CURVE('',#7216,#7215,#4609,.T.);
#15591=ADVANCED_FACE('',(#15584,#15590),#15566,.T.);
#15597=EDGE_CURVE('',#7232,#7282,#4673,.T.);
#15599=EDGE_CURVE('',#7231,#7232,#4677,.T.);
#15601=EDGE_CURVE('',#7238,#7231,#4682,.T.);
#15603=EDGE_CURVE('',#7236,#7238,#4686,.T.);
#15605=EDGE_CURVE('',#7235,#7236,#4691,.T.);
#15607=EDGE_CURVE('',#7277,#7235,#4695,.T.);
#15609=EDGE_CURVE('',#7277,#7278,#6654,.T.);
#15614=EDGE_CURVE('',#7207,#7208,#4584,.T.);
#15616=EDGE_CURVE('',#7208,#7207,#4589,.T.);
#15620=ADVANCED_FACE('',(#15613,#15619),#15596,.T.);
#15627=EDGE_CURVE('',#7224,#7226,#4704,.T.);
#15629=EDGE_CURVE('',#7222,#7224,#4709,.T.);
#15631=EDGE_CURVE('',#7220,#7222,#4713,.T.);
#15633=EDGE_CURVE('',#7219,#7220,#4718,.T.);
#15635=EDGE_CURVE('',#7228,#7219,#4723,.T.);
#15641=EDGE_CURVE('',#7203,#7204,#4574,.T.);
#15643=EDGE_CURVE('',#7204,#7203,#4579,.T.);
#15647=ADVANCED_FACE('',(#15640,#15646),#15625,.T.);
#15653=EDGE_CURVE('',#7291,#7292,#4772,.T.);
#15655=EDGE_CURVE('',#7292,#7203,#4731,.T.);
#15658=EDGE_CURVE('',#7291,#7204,#6483,.T.);
#15662=ADVANCED_FACE('',(#15661),#15652,.F.);
#15668=EDGE_CURVE('',#7163,#7164,#4736,.T.);
#15670=EDGE_CURVE('',#7176,#7163,#4740,.T.);
#15672=EDGE_CURVE('',#7174,#7176,#4745,.T.);
#15674=EDGE_CURVE('',#7172,#7174,#4749,.T.);
#15676=EDGE_CURVE('',#7170,#7172,#4754,.T.);
#15678=EDGE_CURVE('',#7168,#7170,#4758,.T.);
#15680=EDGE_CURVE('',#7166,#7168,#4763,.T.);
#15682=EDGE_CURVE('',#7164,#7166,#4767,.T.);
#15686=EDGE_CURVE('',#7525,#7526,#5004,.T.);
#15688=EDGE_CURVE('',#7526,#7528,#5008,.T.);
#15690=EDGE_CURVE('',#7528,#7530,#5013,.T.);
#15692=EDGE_CURVE('',#7530,#7532,#5017,.T.);
#15694=EDGE_CURVE('',#7532,#7534,#5022,.T.);
#15696=EDGE_CURVE('',#7534,#7536,#5026,.T.);
#15698=EDGE_CURVE('',#7536,#7538,#5031,.T.);
#15700=EDGE_CURVE('',#7538,#7525,#5035,.T.);
#15704=ADVANCED_FACE('',(#15685,#15703),#15667,.T.);
#15711=EDGE_CURVE('',#7292,#7291,#4777,.T.);
#15715=ADVANCED_FACE('',(#15714),#15709,.T.);
#15721=EDGE_CURVE('',#7295,#7296,#4782,.T.);
#15723=EDGE_CURVE('',#7296,#7295,#4787,.T.);
#15727=ADVANCED_FACE('',(#15726),#15720,.T.);
#15733=EDGE_CURVE('',#7299,#7300,#4792,.T.);
#15735=EDGE_CURVE('',#7300,#7299,#4797,.T.);
#15739=ADVANCED_FACE('',(#15738),#15732,.T.);
#15745=EDGE_CURVE('',#7303,#7304,#4802,.T.);
#15747=EDGE_CURVE('',#7304,#7303,#4807,.T.);
#15751=ADVANCED_FACE('',(#15750),#15744,.T.);
#15757=EDGE_CURVE('',#7443,#7444,#4968,.T.);
#15759=EDGE_CURVE('',#7444,#7456,#4972,.T.);
#15761=EDGE_CURVE('',#7456,#7454,#4977,.T.);
#15763=EDGE_CURVE('',#7454,#7452,#4981,.T.);
#15765=EDGE_CURVE('',#7452,#7450,#4986,.T.);
#15767=EDGE_CURVE('',#7450,#7448,#4990,.T.);
#15769=EDGE_CURVE('',#7448,#7446,#4995,.T.);
#15771=EDGE_CURVE('',#7446,#7443,#4999,.T.);
#15775=EDGE_CURVE('',#7307,#7308,#4812,.T.);
#15777=EDGE_CURVE('',#7308,#7310,#4816,.T.);
#15779=EDGE_CURVE('',#7310,#7312,#4821,.T.);
#15781=EDGE_CURVE('',#7314,#7312,#4826,.T.);
#15784=EDGE_CURVE('',#8504,#7316,#4835,.T.);
#15786=EDGE_CURVE('',#8503,#8504,#4839,.T.);
#15788=EDGE_CURVE('',#7335,#8503,#4844,.T.);
#15791=EDGE_CURVE('',#7338,#7336,#4853,.T.);
#15793=EDGE_CURVE('',#7338,#7340,#4858,.T.);
#15795=EDGE_CURVE('',#7340,#7342,#4862,.T.);
#15797=EDGE_CURVE('',#7342,#7344,#4867,.T.);
#15799=EDGE_CURVE('',#7346,#7344,#4872,.T.);
#15801=EDGE_CURVE('',#8512,#7346,#4877,.T.);
#15803=EDGE_CURVE('',#7360,#8512,#4881,.T.);
#15805=EDGE_CURVE('',#7359,#7360,#4886,.T.);
#15807=EDGE_CURVE('',#7359,#7349,#4890,.T.);
#15809=EDGE_CURVE('',#7349,#7350,#4895,.T.);
#15811=EDGE_CURVE('',#7350,#7352,#4899,.T.);
#15813=EDGE_CURVE('',#7352,#7354,#4904,.T.);
#15815=EDGE_CURVE('',#7354,#7356,#4908,.T.);
#15817=EDGE_CURVE('',#8500,#7356,#4913,.T.);
#15819=EDGE_CURVE('',#8499,#8500,#4917,.T.);
#15821=EDGE_CURVE('',#7327,#8499,#4922,.T.);
#15823=EDGE_CURVE('',#7327,#7328,#4926,.T.);
#15825=EDGE_CURVE('',#7328,#7330,#4931,.T.);
#15827=EDGE_CURVE('',#7330,#7332,#4935,.T.);
#15829=EDGE_CURVE('',#7332,#7321,#4940,.T.);
#15831=EDGE_CURVE('',#7321,#7322,#4944,.T.);
#15833=EDGE_CURVE('',#7324,#7322,#4949,.T.);
#15835=EDGE_CURVE('',#8510,#7324,#4953,.T.);
#15837=EDGE_CURVE('',#7318,#8510,#4958,.T.);
#15839=EDGE_CURVE('',#7307,#7318,#4963,.T.);
#15843=ADVANCED_FACE('',(#15774,#15842),#15756,.T.);
#15849=EDGE_CURVE('',#8328,#8324,#5040,.T.);
#15851=EDGE_CURVE('',#7163,#8324,#5044,.T.);
#15854=EDGE_CURVE('',#7164,#7470,#5048,.T.);
#15856=EDGE_CURVE('',#7470,#7472,#6105,.T.);
#15858=EDGE_CURVE('',#8328,#7472,#6443,.T.);
#15862=ADVANCED_FACE('',(#15861),#15848,.T.);
#15868=EDGE_CURVE('',#8326,#8322,#5119,.T.);
#15870=EDGE_CURVE('',#8322,#8324,#6252,.T.);
#15873=EDGE_CURVE('',#8328,#8326,#5057,.T.);
#15877=ADVANCED_FACE('',(#15876),#15867,.T.);
#15883=EDGE_CURVE('',#8279,#8280,#5077,.T.);
#15885=EDGE_CURVE('',#8279,#8404,#5081,.T.);
#15887=EDGE_CURVE('',#7480,#8404,#5086,.T.);
#15889=EDGE_CURVE('',#7478,#7480,#5091,.T.);
#15891=EDGE_CURVE('',#7477,#7478,#5096,.T.);
#15893=EDGE_CURVE('',#8406,#7477,#5101,.T.);
#15895=EDGE_CURVE('',#8406,#8320,#5105,.T.);
#15897=EDGE_CURVE('',#8319,#8320,#5110,.T.);
#15899=EDGE_CURVE('',#8322,#8319,#5114,.T.);
#15902=EDGE_CURVE('',#8326,#8368,#5123,.T.);
#15904=EDGE_CURVE('',#7484,#8368,#5128,.T.);
#15906=EDGE_CURVE('',#7483,#7484,#5133,.T.);
#15908=EDGE_CURVE('',#7486,#7483,#5138,.T.);
#15910=EDGE_CURVE('',#8366,#7486,#5143,.T.);
#15912=EDGE_CURVE('',#8312,#8366,#5147,.T.);
#15914=EDGE_CURVE('',#8311,#8312,#5151,.T.);
#15916=EDGE_CURVE('',#8311,#8364,#5155,.T.);
#15918=EDGE_CURVE('',#7490,#8364,#5160,.T.);
#15920=EDGE_CURVE('',#7489,#7490,#5165,.T.);
#15922=EDGE_CURVE('',#7492,#7489,#5170,.T.);
#15924=EDGE_CURVE('',#8362,#7492,#5175,.T.);
#15926=EDGE_CURVE('',#8288,#8362,#5179,.T.);
#15928=EDGE_CURVE('',#8287,#8288,#5183,.T.);
#15930=EDGE_CURVE('',#8290,#8287,#5188,.T.);
#15932=EDGE_CURVE('',#8294,#8290,#5192,.T.);
#15934=EDGE_CURVE('',#8298,#8294,#5197,.T.);
#15936=EDGE_CURVE('',#8302,#8298,#5201,.T.);
#15938=EDGE_CURVE('',#8302,#8400,#5205,.T.);
#15940=EDGE_CURVE('',#7498,#8400,#5210,.T.);
#15942=EDGE_CURVE('',#7496,#7498,#5215,.T.);
#15944=EDGE_CURVE('',#7495,#7496,#5220,.T.);
#15946=EDGE_CURVE('',#8402,#7495,#5225,.T.);
#15948=EDGE_CURVE('',#8280,#8402,#5229,.T.);
#15952=EDGE_CURVE('',#7195,#7196,#5061,.T.);
#15954=EDGE_CURVE('',#7200,#7195,#5065,.T.);
#15956=EDGE_CURVE('',#7198,#7200,#5069,.T.);
#15958=EDGE_CURVE('',#7196,#7198,#5073,.T.);
#15962=ADVANCED_FACE('',(#15951,#15961),#15882,.F.);
#15968=EDGE_CURVE('',#8478,#8473,#5233,.T.);
#15970=EDGE_CURVE('',#8473,#7195,#5237,.T.);
#15973=EDGE_CURVE('',#7196,#8478,#5241,.T.);
#15977=ADVANCED_FACE('',(#15976),#15967,.T.);
#15984=EDGE_CURVE('',#8477,#8478,#5245,.T.);
#15986=EDGE_CURVE('',#8474,#8477,#5491,.T.);
#15988=EDGE_CURVE('',#8473,#8474,#5249,.T.);
#15992=EDGE_CURVE('',#7965,#7966,#5254,.T.);
#15994=EDGE_CURVE('',#7966,#7965,#5259,.T.);
#15998=EDGE_CURVE('',#7969,#7970,#5264,.T.);
#16000=EDGE_CURVE('',#7970,#7969,#5269,.T.);
#16004=EDGE_CURVE('',#7973,#7974,#5274,.T.);
#16006=EDGE_CURVE('',#7974,#7973,#5279,.T.);
#16010=EDGE_CURVE('',#7977,#7978,#5284,.T.);
#16012=EDGE_CURVE('',#7978,#7977,#5289,.T.);
#16016=EDGE_CURVE('',#7981,#7982,#5294,.T.);
#16018=EDGE_CURVE('',#7982,#7981,#5299,.T.);
#16022=EDGE_CURVE('',#7985,#7986,#5304,.T.);
#16024=EDGE_CURVE('',#7986,#7985,#5309,.T.);
#16028=EDGE_CURVE('',#7989,#7990,#5314,.T.);
#16030=EDGE_CURVE('',#7990,#7989,#5319,.T.);
#16034=EDGE_CURVE('',#7993,#7994,#5324,.T.);
#16036=EDGE_CURVE('',#7994,#7993,#5329,.T.);
#16040=EDGE_CURVE('',#7997,#7998,#5334,.T.);
#16042=EDGE_CURVE('',#7998,#7997,#5339,.T.);
#16046=EDGE_CURVE('',#8001,#8002,#5344,.T.);
#16048=EDGE_CURVE('',#8002,#8001,#5349,.T.);
#16052=EDGE_CURVE('',#8005,#8006,#5354,.T.);
#16054=EDGE_CURVE('',#8006,#8005,#5359,.T.);
#16058=EDGE_CURVE('',#8009,#8010,#5364,.T.);
#16060=EDGE_CURVE('',#8010,#8009,#5369,.T.);
#16064=EDGE_CURVE('',#8013,#8014,#5374,.T.);
#16066=EDGE_CURVE('',#8014,#8013,#5379,.T.);
#16070=EDGE_CURVE('',#8017,#8018,#5384,.T.);
#16072=EDGE_CURVE('',#8018,#8017,#5389,.T.);
#16076=EDGE_CURVE('',#8021,#8022,#5394,.T.);
#16078=EDGE_CURVE('',#8022,#8021,#5399,.T.);
#16082=EDGE_CURVE('',#8025,#8026,#5404,.T.);
#16084=EDGE_CURVE('',#8026,#8025,#5409,.T.);
#16088=EDGE_CURVE('',#8029,#8030,#5414,.T.);
#16090=EDGE_CURVE('',#8030,#8029,#5419,.T.);
#16094=EDGE_CURVE('',#8033,#8034,#5424,.T.);
#16096=EDGE_CURVE('',#8034,#8033,#5429,.T.);
#16100=EDGE_CURVE('',#8037,#8038,#5434,.T.);
#16102=EDGE_CURVE('',#8038,#8037,#5439,.T.);
#16106=EDGE_CURVE('',#8041,#8042,#5444,.T.);
#16108=EDGE_CURVE('',#8042,#8041,#5449,.T.);
#16112=EDGE_CURVE('',#8045,#8046,#5454,.T.);
#16114=EDGE_CURVE('',#8046,#8045,#5459,.T.);
#16118=EDGE_CURVE('',#8049,#8050,#5464,.T.);
#16120=EDGE_CURVE('',#8050,#8049,#5469,.T.);
#16124=EDGE_CURVE('',#8053,#8054,#5474,.T.);
#16126=EDGE_CURVE('',#8054,#8053,#5479,.T.);
#16130=ADVANCED_FACE('',(#15991,#15997,#16003,#16009,#16015,#16021,#16027,
#16033,#16039,#16045,#16051,#16057,#16063,#16069,#16075,#16081,#16087,#16093,
#16099,#16105,#16111,#16117,#16123,#16129),#15982,.T.);
#16136=EDGE_CURVE('',#7198,#8477,#5483,.T.);
#16143=ADVANCED_FACE('',(#16142),#16135,.T.);
#16149=EDGE_CURVE('',#7200,#8474,#5487,.T.);
#16156=ADVANCED_FACE('',(#16155),#16148,.T.);
#16168=ADVANCED_FACE('',(#16167),#16161,.T.);
#16175=EDGE_CURVE('',#7966,#7874,#5499,.T.);
#16177=EDGE_CURVE('',#7873,#7874,#5504,.T.);
#16179=EDGE_CURVE('',#7965,#7873,#5495,.T.);
#16183=ADVANCED_FACE('',(#16182),#16173,.T.);
#16191=EDGE_CURVE('',#7874,#7873,#5509,.T.);
#16196=ADVANCED_FACE('',(#16195),#16188,.T.);
#16206=ADVANCED_FACE('',(#16205),#16201,.F.);
#16212=EDGE_CURVE('',#7877,#7878,#5514,.T.);
#16214=EDGE_CURVE('',#7878,#7877,#5519,.T.);
#16218=ADVANCED_FACE('',(#16217),#16211,.F.);
#16224=EDGE_CURVE('',#7881,#7882,#5524,.T.);
#16226=EDGE_CURVE('',#7882,#7881,#5529,.T.);
#16230=ADVANCED_FACE('',(#16229),#16223,.F.);
#16236=EDGE_CURVE('',#7885,#7886,#5534,.T.);
#16238=EDGE_CURVE('',#7886,#7885,#5539,.T.);
#16242=ADVANCED_FACE('',(#16241),#16235,.F.);
#16248=EDGE_CURVE('',#7889,#7890,#5544,.T.);
#16250=EDGE_CURVE('',#7890,#7889,#5549,.T.);
#16254=ADVANCED_FACE('',(#16253),#16247,.F.);
#16260=EDGE_CURVE('',#7893,#7894,#5554,.T.);
#16262=EDGE_CURVE('',#7894,#7893,#5559,.T.);
#16266=ADVANCED_FACE('',(#16265),#16259,.F.);
#16272=EDGE_CURVE('',#7897,#7898,#5564,.T.);
#16274=EDGE_CURVE('',#7898,#7897,#5569,.T.);
#16278=ADVANCED_FACE('',(#16277),#16271,.F.);
#16284=EDGE_CURVE('',#7901,#7902,#5574,.T.);
#16286=EDGE_CURVE('',#7902,#7901,#5579,.T.);
#16290=ADVANCED_FACE('',(#16289),#16283,.F.);
#16296=EDGE_CURVE('',#7905,#7906,#5584,.T.);
#16298=EDGE_CURVE('',#7906,#7905,#5589,.T.);
#16302=ADVANCED_FACE('',(#16301),#16295,.F.);
#16308=EDGE_CURVE('',#7909,#7910,#5594,.T.);
#16310=EDGE_CURVE('',#7910,#7909,#5599,.T.);
#16314=ADVANCED_FACE('',(#16313),#16307,.F.);
#16320=EDGE_CURVE('',#7913,#7914,#5604,.T.);
#16322=EDGE_CURVE('',#7914,#7913,#5609,.T.);
#16326=ADVANCED_FACE('',(#16325),#16319,.F.);
#16332=EDGE_CURVE('',#7917,#7918,#5614,.T.);
#16334=EDGE_CURVE('',#7918,#7917,#5619,.T.);
#16338=ADVANCED_FACE('',(#16337),#16331,.F.);
#16344=EDGE_CURVE('',#7921,#7922,#5624,.T.);
#16346=EDGE_CURVE('',#7922,#7921,#5629,.T.);
#16350=ADVANCED_FACE('',(#16349),#16343,.F.);
#16356=EDGE_CURVE('',#7925,#7926,#5634,.T.);
#16358=EDGE_CURVE('',#7926,#7925,#5639,.T.);
#16362=ADVANCED_FACE('',(#16361),#16355,.F.);
#16368=EDGE_CURVE('',#7929,#7930,#5644,.T.);
#16370=EDGE_CURVE('',#7930,#7929,#5649,.T.);
#16374=ADVANCED_FACE('',(#16373),#16367,.F.);
#16380=EDGE_CURVE('',#7933,#7934,#5654,.T.);
#16382=EDGE_CURVE('',#7934,#7933,#5659,.T.);
#16386=ADVANCED_FACE('',(#16385),#16379,.F.);
#16392=EDGE_CURVE('',#7937,#7938,#5664,.T.);
#16394=EDGE_CURVE('',#7938,#7937,#5669,.T.);
#16398=ADVANCED_FACE('',(#16397),#16391,.F.);
#16404=EDGE_CURVE('',#7941,#7942,#5674,.T.);
#16406=EDGE_CURVE('',#7942,#7941,#5679,.T.);
#16410=ADVANCED_FACE('',(#16409),#16403,.F.);
#16416=EDGE_CURVE('',#7945,#7946,#5684,.T.);
#16418=EDGE_CURVE('',#7946,#7945,#5689,.T.);
#16422=ADVANCED_FACE('',(#16421),#16415,.F.);
#16428=EDGE_CURVE('',#7949,#7950,#5694,.T.);
#16430=EDGE_CURVE('',#7950,#7949,#5699,.T.);
#16434=ADVANCED_FACE('',(#16433),#16427,.F.);
#16440=EDGE_CURVE('',#7953,#7954,#5704,.T.);
#16442=EDGE_CURVE('',#7954,#7953,#5709,.T.);
#16446=ADVANCED_FACE('',(#16445),#16439,.F.);
#16452=EDGE_CURVE('',#7957,#7958,#5714,.T.);
#16454=EDGE_CURVE('',#7958,#7957,#5719,.T.);
#16458=ADVANCED_FACE('',(#16457),#16451,.F.);
#16464=EDGE_CURVE('',#7961,#7962,#5724,.T.);
#16466=EDGE_CURVE('',#7962,#7961,#5729,.T.);
#16470=ADVANCED_FACE('',(#16469),#16463,.F.);
#16477=EDGE_CURVE('',#7970,#7878,#5737,.T.);
#16480=EDGE_CURVE('',#7969,#7877,#5733,.T.);
#16484=ADVANCED_FACE('',(#16483),#16475,.T.);
#16496=ADVANCED_FACE('',(#16495),#16489,.T.);
#16503=EDGE_CURVE('',#7974,#7882,#5745,.T.);
#16506=EDGE_CURVE('',#7973,#7881,#5741,.T.);
#16510=ADVANCED_FACE('',(#16509),#16501,.T.);
#16522=ADVANCED_FACE('',(#16521),#16515,.T.);
#16529=EDGE_CURVE('',#7978,#7886,#5753,.T.);
#16532=EDGE_CURVE('',#7977,#7885,#5749,.T.);
#16536=ADVANCED_FACE('',(#16535),#16527,.T.);
#16548=ADVANCED_FACE('',(#16547),#16541,.T.);
#16555=EDGE_CURVE('',#7982,#7890,#5761,.T.);
#16558=EDGE_CURVE('',#7981,#7889,#5757,.T.);
#16562=ADVANCED_FACE('',(#16561),#16553,.T.);
#16574=ADVANCED_FACE('',(#16573),#16567,.T.);
#16581=EDGE_CURVE('',#7986,#7894,#5769,.T.);
#16584=EDGE_CURVE('',#7985,#7893,#5765,.T.);
#16588=ADVANCED_FACE('',(#16587),#16579,.T.);
#16600=ADVANCED_FACE('',(#16599),#16593,.T.);
#16607=EDGE_CURVE('',#7990,#7898,#5777,.T.);
#16610=EDGE_CURVE('',#7989,#7897,#5773,.T.);
#16614=ADVANCED_FACE('',(#16613),#16605,.T.);
#16626=ADVANCED_FACE('',(#16625),#16619,.T.);
#16633=EDGE_CURVE('',#7994,#7902,#5785,.T.);
#16636=EDGE_CURVE('',#7993,#7901,#5781,.T.);
#16640=ADVANCED_FACE('',(#16639),#16631,.T.);
#16652=ADVANCED_FACE('',(#16651),#16645,.T.);
#16659=EDGE_CURVE('',#7998,#7906,#5793,.T.);
#16662=EDGE_CURVE('',#7997,#7905,#5789,.T.);
#16666=ADVANCED_FACE('',(#16665),#16657,.T.);
#16678=ADVANCED_FACE('',(#16677),#16671,.T.);
#16685=EDGE_CURVE('',#8002,#7910,#5801,.T.);
#16688=EDGE_CURVE('',#8001,#7909,#5797,.T.);
#16692=ADVANCED_FACE('',(#16691),#16683,.T.);
#16704=ADVANCED_FACE('',(#16703),#16697,.T.);
#16711=EDGE_CURVE('',#8006,#7914,#5809,.T.);
#16714=EDGE_CURVE('',#8005,#7913,#5805,.T.);
#16718=ADVANCED_FACE('',(#16717),#16709,.T.);
#16730=ADVANCED_FACE('',(#16729),#16723,.T.);
#16737=EDGE_CURVE('',#8010,#7918,#5817,.T.);
#16740=EDGE_CURVE('',#8009,#7917,#5813,.T.);
#16744=ADVANCED_FACE('',(#16743),#16735,.T.);
#16756=ADVANCED_FACE('',(#16755),#16749,.T.);
#16763=EDGE_CURVE('',#8014,#7922,#5825,.T.);
#16766=EDGE_CURVE('',#8013,#7921,#5821,.T.);
#16770=ADVANCED_FACE('',(#16769),#16761,.T.);
#16782=ADVANCED_FACE('',(#16781),#16775,.T.);
#16789=EDGE_CURVE('',#8018,#7926,#5833,.T.);
#16792=EDGE_CURVE('',#8017,#7925,#5829,.T.);
#16796=ADVANCED_FACE('',(#16795),#16787,.T.);
#16808=ADVANCED_FACE('',(#16807),#16801,.T.);
#16815=EDGE_CURVE('',#8022,#7930,#5841,.T.);
#16818=EDGE_CURVE('',#8021,#7929,#5837,.T.);
#16822=ADVANCED_FACE('',(#16821),#16813,.T.);
#16834=ADVANCED_FACE('',(#16833),#16827,.T.);
#16841=EDGE_CURVE('',#8026,#7934,#5849,.T.);
#16844=EDGE_CURVE('',#8025,#7933,#5845,.T.);
#16848=ADVANCED_FACE('',(#16847),#16839,.T.);
#16860=ADVANCED_FACE('',(#16859),#16853,.T.);
#16867=EDGE_CURVE('',#8030,#7938,#5857,.T.);
#16870=EDGE_CURVE('',#8029,#7937,#5853,.T.);
#16874=ADVANCED_FACE('',(#16873),#16865,.T.);
#16886=ADVANCED_FACE('',(#16885),#16879,.T.);
#16893=EDGE_CURVE('',#8034,#7942,#5865,.T.);
#16896=EDGE_CURVE('',#8033,#7941,#5861,.T.);
#16900=ADVANCED_FACE('',(#16899),#16891,.T.);
#16912=ADVANCED_FACE('',(#16911),#16905,.T.);
#16919=EDGE_CURVE('',#8038,#7946,#5873,.T.);
#16922=EDGE_CURVE('',#8037,#7945,#5869,.T.);
#16926=ADVANCED_FACE('',(#16925),#16917,.T.);
#16938=ADVANCED_FACE('',(#16937),#16931,.T.);
#16945=EDGE_CURVE('',#8042,#7950,#5881,.T.);
#16948=EDGE_CURVE('',#8041,#7949,#5877,.T.);
#16952=ADVANCED_FACE('',(#16951),#16943,.T.);
#16964=ADVANCED_FACE('',(#16963),#16957,.T.);
#16971=EDGE_CURVE('',#8046,#7954,#5889,.T.);
#16974=EDGE_CURVE('',#8045,#7953,#5885,.T.);
#16978=ADVANCED_FACE('',(#16977),#16969,.T.);
#16990=ADVANCED_FACE('',(#16989),#16983,.T.);
#16997=EDGE_CURVE('',#8050,#7958,#5897,.T.);
#17000=EDGE_CURVE('',#8049,#7957,#5893,.T.);
#17004=ADVANCED_FACE('',(#17003),#16995,.T.);
#17016=ADVANCED_FACE('',(#17015),#17009,.T.);
#17023=EDGE_CURVE('',#8054,#7962,#5905,.T.);
#17026=EDGE_CURVE('',#8053,#7961,#5901,.T.);
#17030=ADVANCED_FACE('',(#17029),#17021,.T.);
#17042=ADVANCED_FACE('',(#17041),#17035,.T.);
#17048=EDGE_CURVE('',#8275,#8276,#5919,.T.);
#17050=EDGE_CURVE('',#8275,#8279,#5910,.T.);
#17053=EDGE_CURVE('',#8280,#8276,#5915,.T.);
#17057=ADVANCED_FACE('',(#17056),#17047,.T.);
#17064=EDGE_CURVE('',#8384,#8276,#5931,.T.);
#17066=EDGE_CURVE('',#8384,#8386,#6153,.T.);
#17068=EDGE_CURVE('',#8304,#8386,#6382,.T.);
#17070=EDGE_CURVE('',#8304,#8300,#5923,.T.);
#17072=EDGE_CURVE('',#7172,#8300,#5927,.T.);
#17075=EDGE_CURVE('',#8394,#7174,#6233,.T.);
#17077=EDGE_CURVE('',#8394,#8396,#6077,.T.);
#17079=EDGE_CURVE('',#8275,#8396,#6216,.T.);
#17083=ADVANCED_FACE('',(#17082),#17062,.T.);
#17092=EDGE_CURVE('',#8402,#8383,#5935,.T.);
#17094=EDGE_CURVE('',#8383,#8384,#6157,.T.);
#17098=ADVANCED_FACE('',(#17097),#17088,.T.);
#17105=EDGE_CURVE('',#7520,#7495,#5953,.T.);
#17107=EDGE_CURVE('',#7520,#8383,#6162,.T.);
#17112=ADVANCED_FACE('',(#17111),#17103,.F.);
#17118=EDGE_CURVE('',#8352,#8351,#5940,.T.);
#17120=EDGE_CURVE('',#7519,#8351,#5944,.T.);
#17122=EDGE_CURVE('',#7519,#7520,#5949,.T.);
#17126=EDGE_CURVE('',#7496,#8352,#6395,.T.);
#17130=ADVANCED_FACE('',(#17129),#17117,.T.);
#17136=EDGE_CURVE('',#8348,#8347,#5988,.T.);
#17138=EDGE_CURVE('',#8347,#8351,#6409,.T.);
#17141=EDGE_CURVE('',#8348,#8352,#5958,.T.);
#17145=ADVANCED_FACE('',(#17144),#17135,.T.);
#17151=EDGE_CURVE('',#8331,#8332,#5963,.T.);
#17153=EDGE_CURVE('',#8332,#8331,#5968,.T.);
#17157=EDGE_CURVE('',#7681,#7682,#6003,.T.);
#17159=EDGE_CURVE('',#7682,#7681,#6008,.T.);
#17163=ADVANCED_FACE('',(#17156,#17162),#17150,.F.);
#17169=EDGE_CURVE('',#8339,#8340,#5973,.T.);
#17171=EDGE_CURVE('',#8340,#8339,#5978,.T.);
#17175=ADVANCED_FACE('',(#17174),#17168,.F.);
#17181=EDGE_CURVE('',#8347,#8348,#5983,.T.);
#17186=ADVANCED_FACE('',(#17185),#17180,.F.);
#17192=EDGE_CURVE('',#8355,#8356,#5993,.T.);
#17194=EDGE_CURVE('',#8356,#8355,#5998,.T.);
#17198=EDGE_CURVE('',#7685,#7686,#6013,.T.);
#17200=EDGE_CURVE('',#7686,#7685,#6018,.T.);
#17204=ADVANCED_FACE('',(#17197,#17203),#17191,.F.);
#17211=EDGE_CURVE('',#8332,#8336,#6028,.T.);
#17213=EDGE_CURVE('',#8335,#8336,#6051,.T.);
#17215=EDGE_CURVE('',#8331,#8335,#6023,.T.);
#17219=ADVANCED_FACE('',(#17218),#17209,.T.);
#17227=EDGE_CURVE('',#8336,#8335,#6033,.T.);
#17232=ADVANCED_FACE('',(#17231),#17224,.T.);
#17239=EDGE_CURVE('',#7489,#8335,#6037,.T.);
#17242=EDGE_CURVE('',#7513,#7490,#6041,.T.);
#17244=EDGE_CURVE('',#7513,#7514,#6046,.T.);
#17246=EDGE_CURVE('',#7514,#8336,#6055,.T.);
#17250=ADVANCED_FACE('',(#17249),#17237,.T.);
#17258=EDGE_CURVE('',#7514,#7516,#6060,.T.);
#17260=EDGE_CURVE('',#7516,#7492,#6064,.T.);
#17266=ADVANCED_FACE('',(#17265),#17255,.T.);
#17272=EDGE_CURVE('',#7501,#7502,#6176,.T.);
#17274=EDGE_CURVE('',#7504,#7501,#6208,.T.);
#17276=EDGE_CURVE('',#8398,#7504,#6069,.T.);
#17278=EDGE_CURVE('',#8396,#8398,#6073,.T.);
#17281=EDGE_CURVE('',#8392,#8394,#6082,.T.);
#17283=EDGE_CURVE('',#8391,#8392,#6086,.T.);
#17285=EDGE_CURVE('',#7502,#8391,#6091,.T.);
#17289=ADVANCED_FACE('',(#17288),#17271,.T.);
#17295=EDGE_CURVE('',#7507,#7508,#6278,.T.);
#17297=EDGE_CURVE('',#7474,#7507,#6096,.T.);
#17299=EDGE_CURVE('',#7472,#7474,#6100,.T.);
#17302=EDGE_CURVE('',#7468,#7470,#6109,.T.);
#17304=EDGE_CURVE('',#7467,#7468,#6113,.T.);
#17306=EDGE_CURVE('',#7510,#7467,#6118,.T.);
#17308=EDGE_CURVE('',#7508,#7510,#6302,.T.);
#17312=ADVANCED_FACE('',(#17311),#17294,.T.);
#17319=EDGE_CURVE('',#7464,#7513,#6123,.T.);
#17321=EDGE_CURVE('',#7462,#7464,#6127,.T.);
#17323=EDGE_CURVE('',#7460,#7462,#6131,.T.);
#17325=EDGE_CURVE('',#7459,#7460,#6135,.T.);
#17327=EDGE_CURVE('',#7516,#7459,#6140,.T.);
#17332=ADVANCED_FACE('',(#17331),#17317,.T.);
#17339=EDGE_CURVE('',#7522,#7519,#6404,.T.);
#17341=EDGE_CURVE('',#8388,#7522,#6145,.T.);
#17343=EDGE_CURVE('',#8386,#8388,#6149,.T.);
#17350=ADVANCED_FACE('',(#17349),#17337,.T.);
#17356=EDGE_CURVE('',#8360,#8359,#6167,.T.);
#17358=EDGE_CURVE('',#7501,#8359,#6171,.T.);
#17361=EDGE_CURVE('',#7502,#7477,#6180,.T.);
#17364=EDGE_CURVE('',#7478,#8360,#6199,.T.);
#17368=ADVANCED_FACE('',(#17367),#17355,.T.);
#17375=EDGE_CURVE('',#8355,#8359,#6190,.T.);
#17378=EDGE_CURVE('',#8356,#8360,#6185,.T.);
#17382=ADVANCED_FACE('',(#17381),#17373,.T.);
#17390=EDGE_CURVE('',#8359,#8360,#6195,.T.);
#17395=ADVANCED_FACE('',(#17394),#17387,.T.);
#17404=EDGE_CURVE('',#7504,#7480,#6203,.T.);
#17410=ADVANCED_FACE('',(#17409),#17400,.T.);
#17417=EDGE_CURVE('',#8404,#8398,#6212,.T.);
#17423=ADVANCED_FACE('',(#17422),#17415,.F.);
#17436=ADVANCED_FACE('',(#17435),#17428,.T.);
#17445=EDGE_CURVE('',#8406,#8391,#6224,.T.);
#17449=ADVANCED_FACE('',(#17448),#17441,.F.);
#17455=EDGE_CURVE('',#8392,#8316,#6220,.T.);
#17457=EDGE_CURVE('',#8320,#8316,#6247,.T.);
#17464=ADVANCED_FACE('',(#17463),#17454,.T.);
#17470=EDGE_CURVE('',#8315,#8316,#6229,.T.);
#17476=EDGE_CURVE('',#7176,#8315,#6260,.T.);
#17480=ADVANCED_FACE('',(#17479),#17469,.T.);
#17487=EDGE_CURVE('',#8319,#8315,#6238,.T.);
#17493=ADVANCED_FACE('',(#17492),#17485,.T.);
#17501=EDGE_CURVE('',#8324,#8315,#6256,.T.);
#17506=ADVANCED_FACE('',(#17505),#17498,.T.);
#17518=ADVANCED_FACE('',(#17517),#17511,.T.);
#17524=EDGE_CURVE('',#8344,#8343,#6265,.T.);
#17526=EDGE_CURVE('',#7483,#8343,#6269,.T.);
#17529=EDGE_CURVE('',#7507,#7484,#6273,.T.);
#17532=EDGE_CURVE('',#7508,#8344,#6297,.T.);
#17536=ADVANCED_FACE('',(#17535),#17523,.T.);
#17543=EDGE_CURVE('',#8339,#8343,#6288,.T.);
#17546=EDGE_CURVE('',#8340,#8344,#6283,.T.);
#17550=ADVANCED_FACE('',(#17549),#17541,.T.);
#17558=EDGE_CURVE('',#8343,#8344,#6293,.T.);
#17563=ADVANCED_FACE('',(#17562),#17555,.T.);
#17572=EDGE_CURVE('',#7510,#7486,#6306,.T.);
#17578=ADVANCED_FACE('',(#17577),#17568,.T.);
#17587=EDGE_CURVE('',#8366,#7467,#6314,.T.);
#17591=ADVANCED_FACE('',(#17590),#17583,.F.);
#17597=EDGE_CURVE('',#7468,#8308,#6310,.T.);
#17599=EDGE_CURVE('',#8312,#8308,#6431,.T.);
#17606=ADVANCED_FACE('',(#17605),#17596,.T.);
#17612=EDGE_CURVE('',#8283,#8284,#6318,.T.);
#17614=EDGE_CURVE('',#7460,#8284,#6413,.T.);
#17617=EDGE_CURVE('',#8307,#7462,#6421,.T.);
#17619=EDGE_CURVE('',#8307,#8308,#6322,.T.);
#17625=EDGE_CURVE('',#7166,#8283,#6346,.T.);
#17629=ADVANCED_FACE('',(#17628),#17611,.T.);
#17636=EDGE_CURVE('',#8287,#8283,#6327,.T.);
#17639=EDGE_CURVE('',#8288,#8284,#6332,.T.);
#17643=ADVANCED_FACE('',(#17642),#17634,.T.);
#17651=EDGE_CURVE('',#8292,#8283,#6342,.T.);
#17653=EDGE_CURVE('',#8290,#8292,#6337,.T.);
#17657=ADVANCED_FACE('',(#17656),#17648,.T.);
#17666=EDGE_CURVE('',#7168,#8292,#6354,.T.);
#17670=ADVANCED_FACE('',(#17669),#17662,.T.);
#17676=EDGE_CURVE('',#8296,#8292,#6350,.T.);
#17680=EDGE_CURVE('',#7170,#8296,#6373,.T.);
#17684=ADVANCED_FACE('',(#17683),#17675,.T.);
#17693=EDGE_CURVE('',#8294,#8296,#6359,.T.);
#17697=ADVANCED_FACE('',(#17696),#17689,.T.);
#17705=EDGE_CURVE('',#8300,#8296,#6369,.T.);
#17707=EDGE_CURVE('',#8298,#8300,#6364,.T.);
#17711=ADVANCED_FACE('',(#17710),#17702,.T.);
#17723=ADVANCED_FACE('',(#17722),#17716,.T.);
#17732=EDGE_CURVE('',#8304,#8302,#6378,.T.);
#17736=ADVANCED_FACE('',(#17735),#17728,.T.);
#17746=EDGE_CURVE('',#8400,#8388,#6386,.T.);
#17750=ADVANCED_FACE('',(#17749),#17741,.T.);
#17759=EDGE_CURVE('',#7522,#7498,#6399,.T.);
#17763=ADVANCED_FACE('',(#17762),#17755,.F.);
#17769=EDGE_CURVE('',#8351,#8352,#6391,.T.);
#17778=ADVANCED_FACE('',(#17777),#17768,.T.);
#17790=ADVANCED_FACE('',(#17789),#17783,.T.);
#17799=EDGE_CURVE('',#8362,#7459,#6417,.T.);
#17804=ADVANCED_FACE('',(#17803),#17795,.T.);
#17816=ADVANCED_FACE('',(#17815),#17809,.F.);
#17823=EDGE_CURVE('',#8307,#8311,#6426,.T.);
#17827=EDGE_CURVE('',#8364,#7464,#6435,.T.);
#17831=ADVANCED_FACE('',(#17830),#17821,.T.);
#17843=ADVANCED_FACE('',(#17842),#17836,.T.);
#17855=ADVANCED_FACE('',(#17854),#17848,.F.);
#17862=EDGE_CURVE('',#8368,#7474,#6439,.T.);
#17868=ADVANCED_FACE('',(#17867),#17860,.F.);
#17881=ADVANCED_FACE('',(#17880),#17873,.T.);
#17888=EDGE_CURVE('',#7681,#7673,#6447,.T.);
#17890=EDGE_CURVE('',#7673,#7674,#6456,.T.);
#17892=EDGE_CURVE('',#7682,#7674,#6451,.T.);
#17896=ADVANCED_FACE('',(#17895),#17886,.T.);
#17904=EDGE_CURVE('',#7674,#7673,#6461,.T.);
#17909=ADVANCED_FACE('',(#17908),#17901,.T.);
#17919=ADVANCED_FACE('',(#17918),#17914,.T.);
#17925=EDGE_CURVE('',#7677,#7678,#6466,.T.);
#17927=EDGE_CURVE('',#7678,#7677,#6471,.T.);
#17931=ADVANCED_FACE('',(#17930),#17924,.T.);
#17938=EDGE_CURVE('',#7685,#7677,#6475,.T.);
#17941=EDGE_CURVE('',#7686,#7678,#6479,.T.);
#17945=ADVANCED_FACE('',(#17944),#17936,.T.);
#17957=ADVANCED_FACE('',(#17956),#17950,.T.);
#17969=ADVANCED_FACE('',(#17968),#17962,.F.);
#17976=EDGE_CURVE('',#7296,#7207,#6487,.T.);
#17979=EDGE_CURVE('',#7295,#7208,#6491,.T.);
#17983=ADVANCED_FACE('',(#17982),#17974,.F.);
#17995=ADVANCED_FACE('',(#17994),#17988,.F.);
#18002=EDGE_CURVE('',#7300,#7211,#6495,.T.);
#18005=EDGE_CURVE('',#7299,#7212,#6499,.T.);
#18009=ADVANCED_FACE('',(#18008),#18000,.F.);
#18021=ADVANCED_FACE('',(#18020),#18014,.F.);
#18028=EDGE_CURVE('',#7304,#7215,#6503,.T.);
#18031=EDGE_CURVE('',#7303,#7216,#6507,.T.);
#18035=ADVANCED_FACE('',(#18034),#18026,.F.);
#18047=ADVANCED_FACE('',(#18046),#18040,.F.);
#18054=EDGE_CURVE('',#7307,#7219,#6511,.T.);
#18057=EDGE_CURVE('',#7308,#7220,#6792,.T.);
#18061=ADVANCED_FACE('',(#18060),#18052,.T.);
#18068=EDGE_CURVE('',#7362,#7318,#6548,.T.);
#18075=ADVANCED_FACE('',(#18074),#18066,.F.);
#18082=EDGE_CURVE('',#8507,#8504,#6532,.T.);
#18087=ADVANCED_FACE('',(#18086),#18080,.F.);
#18096=EDGE_CURVE('',#8508,#8510,#6704,.T.);
#18100=ADVANCED_FACE('',(#18099),#18092,.F.);
#18107=EDGE_CURVE('',#8506,#8503,#6553,.T.);
#18113=ADVANCED_FACE('',(#18112),#18105,.F.);
#18119=EDGE_CURVE('',#7364,#8505,#6560,.T.);
#18121=EDGE_CURVE('',#8505,#8512,#6565,.T.);
#18124=EDGE_CURVE('',#7346,#7364,#6573,.T.);
#18128=ADVANCED_FACE('',(#18127),#18118,.F.);
#18139=ADVANCED_FACE('',(#18138),#18133,.F.);
#18146=EDGE_CURVE('',#8262,#7268,#6632,.T.);
#18149=EDGE_CURVE('',#7270,#7267,#6597,.T.);
#18151=EDGE_CURVE('',#7270,#8505,#6601,.T.);
#18154=EDGE_CURVE('',#7364,#7250,#6605,.T.);
#18160=ADVANCED_FACE('',(#18159),#18144,.T.);
#18167=EDGE_CURVE('',#8258,#8496,#6644,.T.);
#18169=EDGE_CURVE('',#8496,#7274,#6619,.T.);
#18171=EDGE_CURVE('',#7274,#7272,#6623,.T.);
#18177=ADVANCED_FACE('',(#18176),#18165,.T.);
#18184=EDGE_CURVE('',#8254,#8495,#6667,.T.);
#18186=EDGE_CURVE('',#8495,#8496,#6640,.T.);
#18191=ADVANCED_FACE('',(#18190),#18182,.T.);
#18200=EDGE_CURVE('',#7280,#7277,#6658,.T.);
#18202=EDGE_CURVE('',#7280,#8495,#6663,.T.);
#18207=ADVANCED_FACE('',(#18206),#18196,.T.);
#18215=EDGE_CURVE('',#7328,#7235,#6671,.T.);
#18218=EDGE_CURVE('',#7280,#7327,#6715,.T.);
#18222=ADVANCED_FACE('',(#18221),#18212,.T.);
#18231=EDGE_CURVE('',#7330,#7236,#6675,.T.);
#18235=ADVANCED_FACE('',(#18234),#18227,.T.);
#18244=EDGE_CURVE('',#7332,#7238,#6679,.T.);
#18248=ADVANCED_FACE('',(#18247),#18240,.T.);
#18257=EDGE_CURVE('',#7321,#7231,#6683,.T.);
#18261=ADVANCED_FACE('',(#18260),#18253,.T.);
#18270=EDGE_CURVE('',#7322,#7232,#6687,.T.);
#18274=ADVANCED_FACE('',(#18273),#18266,.T.);
#18281=EDGE_CURVE('',#7324,#7284,#6699,.T.);
#18288=ADVANCED_FACE('',(#18287),#18279,.F.);
#18300=ADVANCED_FACE('',(#18299),#18293,.F.);
#18308=EDGE_CURVE('',#8495,#8499,#6720,.T.);
#18313=ADVANCED_FACE('',(#18312),#18305,.F.);
#18322=EDGE_CURVE('',#8496,#8500,#6736,.T.);
#18326=ADVANCED_FACE('',(#18325),#18318,.F.);
#18332=EDGE_CURVE('',#7356,#7274,#6731,.T.);
#18339=ADVANCED_FACE('',(#18338),#18331,.F.);
#18348=EDGE_CURVE('',#7354,#7258,#6740,.T.);
#18353=ADVANCED_FACE('',(#18352),#18344,.T.);
#18360=EDGE_CURVE('',#7352,#7256,#6744,.T.);
#18366=ADVANCED_FACE('',(#18365),#18358,.T.);
#18373=EDGE_CURVE('',#7350,#7254,#6748,.T.);
#18379=ADVANCED_FACE('',(#18378),#18371,.T.);
#18386=EDGE_CURVE('',#7349,#7253,#6752,.T.);
#18392=ADVANCED_FACE('',(#18391),#18384,.T.);
#18399=EDGE_CURVE('',#7359,#7260,#6756,.T.);
#18405=ADVANCED_FACE('',(#18404),#18397,.T.);
#18415=EDGE_CURVE('',#7270,#7360,#6768,.T.);
#18419=ADVANCED_FACE('',(#18418),#18410,.F.);
#18431=ADVANCED_FACE('',(#18430),#18424,.F.);
#18438=EDGE_CURVE('',#7344,#7248,#6772,.T.);
#18445=ADVANCED_FACE('',(#18444),#18436,.F.);
#18452=EDGE_CURVE('',#7342,#7246,#6776,.T.);
#18458=ADVANCED_FACE('',(#18457),#18450,.T.);
#18465=EDGE_CURVE('',#7340,#7244,#6780,.T.);
#18471=ADVANCED_FACE('',(#18470),#18463,.T.);
#18478=EDGE_CURVE('',#7338,#7242,#6784,.T.);
#18484=ADVANCED_FACE('',(#18483),#18476,.T.);
#18496=ADVANCED_FACE('',(#18495),#18489,.F.);
#18505=EDGE_CURVE('',#7310,#7222,#6796,.T.);
#18509=ADVANCED_FACE('',(#18508),#18501,.T.);
#18518=EDGE_CURVE('',#7312,#7224,#6800,.T.);
#18522=ADVANCED_FACE('',(#18521),#18514,.T.);
#18534=ADVANCED_FACE('',(#18533),#18527,.F.);
#18540=EDGE_CURVE('',#8413,#8414,#6805,.T.);
#18542=EDGE_CURVE('',#7444,#8414,#6980,.T.);
#18545=EDGE_CURVE('',#7443,#8413,#6809,.T.);
#18549=ADVANCED_FACE('',(#18548),#18539,.F.);
#18555=EDGE_CURVE('',#8409,#8410,#6819,.T.);
#18557=EDGE_CURVE('',#8410,#8414,#6972,.T.);
#18560=EDGE_CURVE('',#8409,#8413,#6814,.T.);
#18564=ADVANCED_FACE('',(#18563),#18554,.T.);
#18570=EDGE_CURVE('',#8441,#8442,#6855,.T.);
#18572=EDGE_CURVE('',#8468,#8441,#6859,.T.);
#18574=EDGE_CURVE('',#8464,#8468,#6864,.T.);
#18576=EDGE_CURVE('',#8460,#8464,#6868,.T.);
#18578=EDGE_CURVE('',#8456,#8460,#6873,.T.);
#18580=EDGE_CURVE('',#8452,#8456,#6877,.T.);
#18582=EDGE_CURVE('',#8448,#8452,#6882,.T.);
#18584=EDGE_CURVE('',#8442,#8448,#6886,.T.);
#18589=EDGE_CURVE('',#8436,#8409,#6823,.T.);
#18591=EDGE_CURVE('',#8432,#8436,#6828,.T.);
#18593=EDGE_CURVE('',#8428,#8432,#6832,.T.);
#18595=EDGE_CURVE('',#8424,#8428,#6837,.T.);
#18597=EDGE_CURVE('',#8420,#8424,#6841,.T.);
#18599=EDGE_CURVE('',#8416,#8420,#6846,.T.);
#18601=EDGE_CURVE('',#8410,#8416,#6850,.T.);
#18605=ADVANCED_FACE('',(#18587,#18604),#18569,.T.);
#18613=EDGE_CURVE('',#8438,#8413,#6895,.T.);
#18615=EDGE_CURVE('',#8436,#8438,#6891,.T.);
#18619=ADVANCED_FACE('',(#18618),#18610,.T.);
#18628=EDGE_CURVE('',#7446,#8438,#6899,.T.);
#18632=ADVANCED_FACE('',(#18631),#18624,.T.);
#18638=EDGE_CURVE('',#8434,#8438,#6904,.T.);
#18642=EDGE_CURVE('',#7448,#8434,#6908,.T.);
#18646=ADVANCED_FACE('',(#18645),#18637,.F.);
#18655=EDGE_CURVE('',#8432,#8434,#6913,.T.);
#18659=ADVANCED_FACE('',(#18658),#18651,.T.);
#18667=EDGE_CURVE('',#8430,#8434,#6922,.T.);
#18669=EDGE_CURVE('',#8428,#8430,#6918,.T.);
#18673=ADVANCED_FACE('',(#18672),#18664,.T.);
#18682=EDGE_CURVE('',#7450,#8430,#6926,.T.);
#18686=ADVANCED_FACE('',(#18685),#18678,.T.);
#18692=EDGE_CURVE('',#8426,#8430,#6931,.T.);
#18696=EDGE_CURVE('',#7452,#8426,#6935,.T.);
#18700=ADVANCED_FACE('',(#18699),#18691,.F.);
#18709=EDGE_CURVE('',#8424,#8426,#6940,.T.);
#18713=ADVANCED_FACE('',(#18712),#18705,.T.);
#18721=EDGE_CURVE('',#8422,#8426,#6949,.T.);
#18723=EDGE_CURVE('',#8420,#8422,#6945,.T.);
#18727=ADVANCED_FACE('',(#18726),#18718,.T.);
#18736=EDGE_CURVE('',#7454,#8422,#6953,.T.);
#18740=ADVANCED_FACE('',(#18739),#18732,.T.);
#18746=EDGE_CURVE('',#8418,#8422,#6958,.T.);
#18750=EDGE_CURVE('',#7456,#8418,#6962,.T.);
#18754=ADVANCED_FACE('',(#18753),#18745,.F.);
#18763=EDGE_CURVE('',#8416,#8418,#6967,.T.);
#18767=ADVANCED_FACE('',(#18766),#18759,.T.);
#18775=EDGE_CURVE('',#8414,#8418,#6976,.T.);
#18780=ADVANCED_FACE('',(#18779),#18772,.T.);
#18792=ADVANCED_FACE('',(#18791),#18785,.T.);
#18799=EDGE_CURVE('',#8442,#8446,#6990,.T.);
#18801=EDGE_CURVE('',#8445,#8446,#7033,.T.);
#18803=EDGE_CURVE('',#8441,#8445,#6985,.T.);
#18807=ADVANCED_FACE('',(#18806),#18797,.T.);
#18814=EDGE_CURVE('',#8448,#8450,#6995,.T.);
#18816=EDGE_CURVE('',#8446,#8450,#7041,.T.);
#18821=ADVANCED_FACE('',(#18820),#18812,.T.);
#18828=EDGE_CURVE('',#8452,#8454,#7000,.T.);
#18830=EDGE_CURVE('',#8450,#8454,#7050,.T.);
#18835=ADVANCED_FACE('',(#18834),#18826,.T.);
#18842=EDGE_CURVE('',#8456,#8458,#7005,.T.);
#18844=EDGE_CURVE('',#8454,#8458,#7058,.T.);
#18849=ADVANCED_FACE('',(#18848),#18840,.T.);
#18856=EDGE_CURVE('',#8460,#8462,#7010,.T.);
#18858=EDGE_CURVE('',#8458,#8462,#7067,.T.);
#18863=ADVANCED_FACE('',(#18862),#18854,.T.);
#18870=EDGE_CURVE('',#8464,#8466,#7015,.T.);
#18872=EDGE_CURVE('',#8462,#8466,#7075,.T.);
#18877=ADVANCED_FACE('',(#18876),#18868,.T.);
#18884=EDGE_CURVE('',#8468,#8470,#7020,.T.);
#18886=EDGE_CURVE('',#8466,#8470,#7084,.T.);
#18891=ADVANCED_FACE('',(#18890),#18882,.T.);
#18899=EDGE_CURVE('',#8470,#8445,#7024,.T.);
#18904=ADVANCED_FACE('',(#18903),#18896,.T.);
#18911=EDGE_CURVE('',#7528,#8445,#7037,.T.);
#18914=EDGE_CURVE('',#7526,#8470,#7028,.T.);
#18918=ADVANCED_FACE('',(#18917),#18909,.T.);
#18925=EDGE_CURVE('',#7530,#8446,#7045,.T.);
#18931=ADVANCED_FACE('',(#18930),#18923,.T.);
#18938=EDGE_CURVE('',#7532,#8450,#7054,.T.);
#18944=ADVANCED_FACE('',(#18943),#18936,.T.);
#18951=EDGE_CURVE('',#7534,#8454,#7062,.T.);
#18957=ADVANCED_FACE('',(#18956),#18949,.T.);
#18964=EDGE_CURVE('',#7536,#8458,#7071,.T.);
#18970=ADVANCED_FACE('',(#18969),#18962,.T.);
#18977=EDGE_CURVE('',#7538,#8462,#7079,.T.);
#18983=ADVANCED_FACE('',(#18982),#18975,.T.);
#18990=EDGE_CURVE('',#7525,#8466,#7088,.T.);
#18996=ADVANCED_FACE('',(#18995),#18988,.T.);
#19008=ADVANCED_FACE('',(#19007),#19001,.T.);
#19015=EDGE_CURVE('',#8482,#8492,#7120,.T.);
#19017=EDGE_CURVE('',#7372,#8482,#7156,.T.);
#19019=EDGE_CURVE('',#7372,#7380,#7136,.T.);
#19023=ADVANCED_FACE('',(#19022),#19013,.F.);
#19030=EDGE_CURVE('',#8486,#8272,#7096,.T.);
#19032=EDGE_CURVE('',#8486,#8484,#7100,.T.);
#19034=EDGE_CURVE('',#8484,#8488,#7104,.T.);
#19038=ADVANCED_FACE('',(#19037),#19028,.T.);
#19045=EDGE_CURVE('',#8480,#8490,#7112,.T.);
#19047=EDGE_CURVE('',#8480,#8482,#7116,.T.);
#19052=ADVANCED_FACE('',(#19051),#19043,.T.);
#19059=EDGE_CURVE('',#7375,#7367,#7124,.T.);
#19061=EDGE_CURVE('',#7367,#8486,#7148,.T.);
#19066=ADVANCED_FACE('',(#19065),#19057,.F.);
#19072=EDGE_CURVE('',#7367,#7368,#7140,.T.);
#19076=EDGE_CURVE('',#7368,#7376,#7128,.T.);
#19080=ADVANCED_FACE('',(#19079),#19071,.T.);
#19086=EDGE_CURVE('',#7371,#7372,#7152,.T.);
#19088=EDGE_CURVE('',#7379,#7371,#7132,.T.);
#19094=ADVANCED_FACE('',(#19093),#19085,.T.);
#19101=EDGE_CURVE('',#7368,#8484,#7144,.T.);
#19107=ADVANCED_FACE('',(#19106),#19099,.T.);
#19116=EDGE_CURVE('',#7371,#8480,#7160,.T.);
#19120=ADVANCED_FACE('',(#19119),#19112,.T.);
#19132=ADVANCED_FACE('',(#19131),#19125,.F.);
#19144=ADVANCED_FACE('',(#19143),#19137,.F.);
#19145=CLOSED_SHELL('',(#9222,#9237,#9251,#9265,#9279,#9293,#9307,#9321,#9334,
#9349,#9459,#9474,#9490,#9504,#9520,#9536,#9552,#9568,#9584,#9600,#9616,#9632,
#9647,#9663,#9679,#9695,#9711,#9727,#9743,#9759,#9774,#9788,#9802,#9819,#9833,
#9847,#9955,#9968,#9983,#9996,#10307,#10322,#10335,#10361,#10547,#10561,#10573,
#10588,#10602,#10616,#10630,#10644,#10658,#10671,#10686,#10808,#10872,#10886,
#10899,#10912,#10925,#10938,#10951,#10964,#10977,#10990,#11003,#11016,#11029,
#11042,#11055,#11068,#11081,#11094,#11107,#11120,#11133,#11146,#11159,#11172,
#11185,#11198,#11211,#11224,#11237,#11250,#11263,#11276,#11289,#11302,#11315,
#11328,#11341,#11354,#11367,#11380,#11393,#11406,#11419,#11432,#11445,#11458,
#11471,#11484,#11497,#11510,#11523,#11536,#11549,#11562,#11575,#11588,#11601,
#11613,#11627,#11640,#11653,#11666,#11679,#11692,#11705,#11718,#11731,#11744,
#11757,#11770,#11783,#11796,#11809,#11822,#11835,#11848,#11861,#11874,#11887,
#11900,#11913,#11926,#11939,#11952,#11965,#11977,#11992,#12005,#12015,#12027,
#12039,#12051,#12063,#12075,#12087,#12099,#12111,#12123,#12135,#12147,#12159,
#12171,#12183,#12195,#12207,#12219,#12231,#12243,#12255,#12267,#12279,#12293,
#12305,#12319,#12331,#12345,#12357,#12371,#12383,#12397,#12409,#12423,#12435,
#12449,#12461,#12475,#12487,#12501,#12513,#12527,#12539,#12553,#12565,#12579,
#12591,#12605,#12617,#12631,#12643,#12657,#12669,#12683,#12695,#12709,#12721,
#12735,#12747,#12761,#12773,#12787,#12799,#12813,#12825,#12839,#12851,#12867,
#12881,#12895,#12909,#12924,#12937,#12950,#12962,#12974,#12990,#13004,#13018,
#13032,#13047,#13060,#13073,#13085,#13097,#13113,#13127,#13141,#13155,#13170,
#13183,#13196,#13208,#13220,#13236,#13250,#13264,#13278,#13293,#13306,#13319,
#13331,#13343,#13359,#13373,#13387,#13401,#13416,#13429,#13442,#13454,#13466,
#13482,#13496,#13510,#13524,#13539,#13552,#13565,#13577,#13589,#13603,#13616,
#13630,#13644,#13657,#13669,#13682,#13717,#13732,#13747,#13761,#13777,#13793,
#13808,#13824,#13839,#13854,#13868,#13883,#13915,#13929,#13943,#13956,#13969,
#13982,#13998,#14012,#14026,#14039,#14054,#14067,#14080,#14093,#14105,#14117,
#14130,#14144,#14159,#14172,#14185,#14197,#14212,#14226,#14240,#14255,#14268,
#14281,#14294,#14308,#14320,#14332,#14348,#14362,#14376,#14390,#14405,#14418,
#14431,#14443,#14455,#14471,#14485,#14499,#14513,#14528,#14541,#14554,#14566,
#14578,#14594,#14608,#14622,#14636,#14651,#14664,#14677,#14689,#14701,#14717,
#14731,#14745,#14759,#14774,#14787,#14800,#14812,#14824,#14840,#14854,#14868,
#14882,#14897,#14910,#14923,#14935,#14947,#14963,#14977,#14991,#15005,#15020,
#15033,#15046,#15058,#15070,#15086,#15100,#15114,#15128,#15143,#15156,#15169,
#15181,#15193,#15209,#15223,#15237,#15251,#15266,#15279,#15292,#15304,#15316,
#15331,#15353,#15398,#15413,#15426,#15440,#15454,#15468,#15482,#15495,#15520,
#15533,#15561,#15591,#15620,#15647,#15662,#15704,#15715,#15727,#15739,#15751,
#15843,#15862,#15877,#15962,#15977,#16130,#16143,#16156,#16168,#16183,#16196,
#16206,#16218,#16230,#16242,#16254,#16266,#16278,#16290,#16302,#16314,#16326,
#16338,#16350,#16362,#16374,#16386,#16398,#16410,#16422,#16434,#16446,#16458,
#16470,#16484,#16496,#16510,#16522,#16536,#16548,#16562,#16574,#16588,#16600,
#16614,#16626,#16640,#16652,#16666,#16678,#16692,#16704,#16718,#16730,#16744,
#16756,#16770,#16782,#16796,#16808,#16822,#16834,#16848,#16860,#16874,#16886,
#16900,#16912,#16926,#16938,#16952,#16964,#16978,#16990,#17004,#17016,#17030,
#17042,#17057,#17083,#17098,#17112,#17130,#17145,#17163,#17175,#17186,#17204,
#17219,#17232,#17250,#17266,#17289,#17312,#17332,#17350,#17368,#17382,#17395,
#17410,#17423,#17436,#17449,#17464,#17480,#17493,#17506,#17518,#17536,#17550,
#17563,#17578,#17591,#17606,#17629,#17643,#17657,#17670,#17684,#17697,#17711,
#17723,#17736,#17750,#17763,#17778,#17790,#17804,#17816,#17831,#17843,#17855,
#17868,#17881,#17896,#17909,#17919,#17931,#17945,#17957,#17969,#17983,#17995,
#18009,#18021,#18035,#18047,#18061,#18075,#18087,#18100,#18113,#18128,#18139,
#18160,#18177,#18191,#18207,#18222,#18235,#18248,#18261,#18274,#18288,#18300,
#18313,#18326,#18339,#18353,#18366,#18379,#18392,#18405,#18419,#18431,#18445,
#18458,#18471,#18484,#18496,#18509,#18522,#18534,#18549,#18564,#18605,#18619,
#18632,#18646,#18659,#18673,#18686,#18700,#18713,#18727,#18740,#18754,#18767,
#18780,#18792,#18807,#18821,#18835,#18849,#18863,#18877,#18891,#18904,#18918,
#18931,#18944,#18957,#18970,#18983,#18996,#19008,#19023,#19038,#19052,#19066,
#19080,#19094,#19107,#19120,#19132,#19144));
#19146=MANIFOLD_SOLID_BREP('',#19145);
#19147=(LENGTH_UNIT()NAMED_UNIT(*)SI_UNIT(.MILLI.,.METRE.));
#19148=(NAMED_UNIT(*)PLANE_ANGLE_UNIT()SI_UNIT($,.RADIAN.));
#19151=(NAMED_UNIT(*)SI_UNIT($,.STERADIAN.)SOLID_ANGLE_UNIT());
#19153=(GEOMETRIC_REPRESENTATION_CONTEXT(3)GLOBAL_UNCERTAINTY_ASSIGNED_CONTEXT((
#19152))GLOBAL_UNIT_ASSIGNED_CONTEXT((#19147,#19150,#19151))REPRESENTATION_CONTEXT('ID1','3'));
#19154=ADVANCED_BREP_SHAPE_REPRESENTATION('',(#19146),#19153);
#19161=PRODUCT_DEFINITION('part definition','',#19160,#19157);
#19162=PRODUCT_DEFINITION_SHAPE('','SHAPE FOR C-776228-1.',#19161);
#19163=SHAPE_ASPECT('','solid data associated with C-776228-1',#19162,.F.);
#19164=PROPERTY_DEFINITION('',
'shape for solid data with which properties are associated',#19163);
#19165=SHAPE_REPRESENTATION('',(#19146),#19153);
#19166=SHAPE_DEFINITION_REPRESENTATION(#19164,#19165);
#19167=(LENGTH_UNIT()NAMED_UNIT(*)SI_UNIT(.MILLI.,.METRE.));
#19171=PROPERTY_DEFINITION('geometric validation property','area of C-776228-1',
#19163);
#19172=REPRESENTATION('surface area',(#19170),#19153);
#19173=PROPERTY_DEFINITION_REPRESENTATION(#19171,#19172);
#19174=(LENGTH_UNIT()NAMED_UNIT(*)SI_UNIT(.MILLI.,.METRE.));
#19178=PROPERTY_DEFINITION('geometric validation property',
'volume of C-776228-1',#19163);
#19179=REPRESENTATION('volume',(#19177),#19153);
#19180=PROPERTY_DEFINITION_REPRESENTATION(#19178,#19179);
#19182=PROPERTY_DEFINITION('geometric validation property',
'centroid of C-776228-1',#19163);
#19183=REPRESENTATION('centroid',(#19181),#19153);
#19184=PROPERTY_DEFINITION_REPRESENTATION(#19182,#19183);
#19185=(LENGTH_UNIT()NAMED_UNIT(*)SI_UNIT(.MILLI.,.METRE.));
#19189=PROPERTY_DEFINITION('geometric validation property','area of C-776228-1',
#19162);
#19190=REPRESENTATION('surface area',(#19188),#19153);
#19191=PROPERTY_DEFINITION_REPRESENTATION(#19189,#19190);
#19192=(LENGTH_UNIT()NAMED_UNIT(*)SI_UNIT(.MILLI.,.METRE.));
#19196=PROPERTY_DEFINITION('geometric validation property',
'volume of C-776228-1',#19162);
#19197=REPRESENTATION('volume',(#19195),#19153);
#19198=PROPERTY_DEFINITION_REPRESENTATION(#19196,#19197);
#19200=PROPERTY_DEFINITION('geometric validation property',
'centroid of C-776228-1',#19162);
#19201=REPRESENTATION('centroid',(#19199),#19153);
#19202=PROPERTY_DEFINITION_REPRESENTATION(#19200,#19201);
#19203=SHAPE_DEFINITION_REPRESENTATION(#19162,#19154);
ENDSEC;
END-ISO-10303-21;
